PurchaseOrderID,OrderWeekStart,StoreID,SupplierID,OrderDate,PromisedDate,ReceivedDate,OrderedUnits,ReceivedUnits,FillRate,DaysLate,OnTimeFlag,TemperatureBand,DeliveryStatus
PO000001,2026-02-23,ST001,SUP001,2026-02-21,2026-02-27,2026-02-27,237,212,0.8953,0,True,Ambient,Short
PO000002,2026-02-23,ST001,SUP008,2026-02-21,2026-03-02,2026-03-03,285,254,0.8922,1,False,Ambient,Late / short
PO000003,2026-02-23,ST001,SUP012,2026-02-21,2026-02-27,2026-02-27,147,143,0.9735,0,True,Ambient,Complete
PO000004,2026-02-23,ST001,SUP011,2026-02-21,2026-02-28,2026-02-28,325,287,0.8819,0,True,Ambient,Short
PO000005,2026-02-23,ST001,SUP006,2026-02-21,2026-02-27,2026-02-27,169,160,0.9475,0,True,Ambient,Complete
PO000006,2026-02-23,ST001,SUP010,2026-02-21,2026-03-01,2026-03-04,266,255,0.9589,3,False,Ambient,Late
PO000007,2026-02-23,ST002,SUP011,2026-02-21,2026-02-28,2026-02-28,281,253,0.9012,0,True,Ambient,Complete
PO000008,2026-02-23,ST002,SUP006,2026-02-21,2026-02-27,2026-02-27,285,265,0.9292,0,True,Ambient,Complete
PO000009,2026-02-23,ST002,SUP003,2026-02-21,2026-02-27,2026-02-27,325,308,0.9472,0,True,Ambient,Complete
PO000010,2026-02-23,ST002,SUP004,2026-02-21,2026-02-28,2026-02-28,423,381,0.9011,0,True,Ambient,Complete
PO000011,2026-02-23,ST002,SUP010,2026-02-21,2026-03-01,2026-03-01,298,273,0.9167,0,True,Ambient,Complete
PO000012,2026-02-23,ST002,SUP005,2026-02-21,2026-02-28,2026-02-28,219,201,0.9188,0,True,Ambient,Complete
PO000013,2026-02-23,ST003,SUP001,2026-02-21,2026-02-27,2026-02-27,465,421,0.9048,0,True,Ambient,Complete
PO000014,2026-02-23,ST003,SUP008,2026-02-21,2026-03-02,2026-03-02,336,305,0.9063,0,True,Ambient,Complete
PO000015,2026-02-23,ST003,SUP012,2026-02-21,2026-02-27,2026-02-27,172,172,0.9974,0,True,Ambient,Complete
PO000016,2026-02-23,ST003,SUP003,2026-02-21,2026-02-27,2026-02-27,287,270,0.9391,0,True,Ambient,Complete
PO000017,2026-02-23,ST003,SUP004,2026-02-21,2026-02-28,2026-02-28,436,401,0.9207,0,True,Ambient,Complete
PO000018,2026-02-23,ST003,SUP010,2026-02-21,2026-03-01,2026-03-01,308,288,0.9349,0,True,Ambient,Complete
PO000019,2026-02-23,ST003,SUP009,2026-02-21,2026-02-27,2026-02-27,418,397,0.9488,0,True,Ambient,Complete
PO000020,2026-02-23,ST004,SUP001,2026-02-21,2026-02-27,2026-02-27,410,408,0.9951,0,True,Ambient,Complete
PO000021,2026-02-23,ST004,SUP008,2026-02-21,2026-03-02,2026-03-02,165,143,0.866,0,True,Ambient,Short
PO000022,2026-02-23,ST004,SUP011,2026-02-21,2026-02-28,2026-02-28,343,334,0.9742,0,True,Ambient,Complete
PO000023,2026-02-23,ST004,SUP007,2026-02-21,2026-02-26,2026-02-26,256,232,0.9056,0,True,Chilled,Complete
PO000024,2026-02-23,ST004,SUP005,2026-02-21,2026-02-28,2026-02-28,451,397,0.8809,0,True,Ambient,Short
PO000025,2026-02-23,ST004,SUP009,2026-02-21,2026-02-27,2026-02-27,404,359,0.8884,0,True,Ambient,Short
PO000026,2026-02-23,ST005,SUP008,2026-02-21,2026-03-02,2026-03-02,257,237,0.9237,0,True,Ambient,Complete
PO000027,2026-02-23,ST005,SUP012,2026-02-21,2026-02-27,2026-02-27,296,276,0.931,0,True,Ambient,Complete
PO000028,2026-02-23,ST005,SUP011,2026-02-21,2026-02-28,2026-02-28,465,422,0.9078,0,True,Ambient,Complete
PO000029,2026-02-23,ST005,SUP007,2026-02-21,2026-02-26,2026-02-26,294,259,0.8823,0,True,Chilled,Short
PO000030,2026-02-23,ST005,SUP003,2026-02-21,2026-02-27,2026-02-27,501,462,0.9226,0,True,Ambient,Complete
PO000031,2026-02-23,ST005,SUP004,2026-02-21,2026-02-28,2026-02-28,235,227,0.9648,0,True,Ambient,Complete
PO000032,2026-02-23,ST005,SUP005,2026-02-21,2026-02-28,2026-02-28,214,205,0.9557,0,True,Ambient,Complete
PO000033,2026-02-23,ST006,SUP001,2026-02-21,2026-02-27,2026-02-27,418,409,0.9782,0,True,Ambient,Complete
PO000034,2026-02-23,ST006,SUP012,2026-02-21,2026-02-27,2026-02-27,440,406,0.9222,0,True,Ambient,Complete
PO000035,2026-02-23,ST006,SUP002,2026-02-21,2026-02-26,2026-02-26,442,384,0.8689,0,True,Chilled,Short
PO000036,2026-02-23,ST006,SUP007,2026-02-21,2026-02-26,2026-02-26,423,416,0.9845,0,True,Chilled,Complete
PO000037,2026-02-23,ST006,SUP006,2026-02-21,2026-02-27,2026-02-27,279,270,0.9692,0,True,Ambient,Complete
PO000038,2026-02-23,ST006,SUP003,2026-02-21,2026-02-27,2026-02-27,469,403,0.8601,0,True,Ambient,Short
PO000039,2026-02-23,ST006,SUP004,2026-02-21,2026-02-28,2026-02-28,291,272,0.9361,0,True,Ambient,Complete
PO000040,2026-02-23,ST006,SUP010,2026-02-21,2026-03-01,2026-03-04,242,229,0.9449,3,False,Ambient,Late
PO000041,2026-02-23,ST007,SUP001,2026-02-21,2026-02-27,2026-02-27,517,476,0.9198,0,True,Ambient,Complete
PO000042,2026-02-23,ST007,SUP008,2026-02-21,2026-03-02,2026-03-02,351,304,0.8651,0,True,Ambient,Short
PO000043,2026-02-23,ST007,SUP012,2026-02-21,2026-02-27,2026-02-27,346,303,0.8748,0,True,Ambient,Short
PO000044,2026-02-23,ST007,SUP011,2026-02-21,2026-02-28,2026-02-28,526,470,0.8926,0,True,Ambient,Short
PO000045,2026-02-23,ST007,SUP007,2026-02-21,2026-02-26,2026-02-26,307,296,0.9631,0,True,Chilled,Complete
PO000046,2026-02-23,ST007,SUP003,2026-02-21,2026-02-27,2026-02-27,271,248,0.9146,0,True,Ambient,Complete
PO000047,2026-02-23,ST007,SUP005,2026-02-21,2026-02-28,2026-02-28,279,249,0.8934,0,True,Ambient,Short
PO000048,2026-02-23,ST008,SUP008,2026-02-21,2026-03-02,2026-03-02,325,303,0.9338,0,True,Ambient,Complete
PO000049,2026-02-23,ST008,SUP002,2026-02-21,2026-02-26,2026-02-26,454,407,0.8973,0,True,Chilled,Short
PO000050,2026-02-23,ST008,SUP006,2026-02-21,2026-02-27,2026-02-27,261,231,0.8847,0,True,Ambient,Short
PO000051,2026-02-23,ST008,SUP003,2026-02-21,2026-02-27,2026-02-27,252,246,0.9774,0,True,Ambient,Complete
PO000052,2026-02-23,ST008,SUP010,2026-02-21,2026-03-01,2026-03-01,224,217,0.968,0,True,Ambient,Complete
PO000053,2026-02-23,ST008,SUP005,2026-02-21,2026-02-28,2026-02-28,245,234,0.9555,0,True,Ambient,Complete
PO000054,2026-02-23,ST009,SUP001,2026-02-21,2026-02-27,2026-02-27,220,212,0.9625,0,True,Ambient,Complete
PO000055,2026-02-23,ST009,SUP008,2026-02-21,2026-03-02,2026-03-02,435,401,0.922,0,True,Ambient,Complete
PO000056,2026-02-23,ST009,SUP011,2026-02-21,2026-02-28,2026-02-28,181,175,0.9643,0,True,Ambient,Complete
PO000057,2026-02-23,ST009,SUP002,2026-02-21,2026-02-26,2026-02-26,234,219,0.9364,0,True,Chilled,Complete
PO000058,2026-02-23,ST009,SUP003,2026-02-21,2026-02-27,2026-02-27,288,285,0.991,0,True,Ambient,Complete
PO000059,2026-02-23,ST009,SUP004,2026-02-21,2026-02-28,2026-03-02,153,153,1.0,2,False,Ambient,Late
PO000060,2026-02-23,ST010,SUP001,2026-02-21,2026-02-27,2026-02-27,295,295,1.0,0,True,Ambient,Complete
PO000061,2026-02-23,ST010,SUP008,2026-02-21,2026-03-02,2026-03-02,151,131,0.87,0,True,Ambient,Short
PO000062,2026-02-23,ST010,SUP002,2026-02-21,2026-02-26,2026-02-26,437,394,0.9021,0,True,Chilled,Complete
PO000063,2026-02-23,ST010,SUP006,2026-02-21,2026-02-27,2026-02-27,418,409,0.9774,0,True,Ambient,Complete
PO000064,2026-02-23,ST010,SUP003,2026-02-21,2026-02-27,2026-02-27,409,350,0.8562,0,True,Ambient,Short
PO000065,2026-02-23,ST010,SUP004,2026-02-21,2026-02-28,2026-02-28,375,375,1.0,0,True,Ambient,Complete
PO000066,2026-02-23,ST010,SUP009,2026-02-21,2026-02-27,2026-02-27,234,219,0.9363,0,True,Ambient,Complete
PO000067,2026-02-23,ST011,SUP001,2026-02-21,2026-02-27,2026-02-28,388,380,0.9799,1,False,Ambient,Late
PO000068,2026-02-23,ST011,SUP012,2026-02-21,2026-02-27,2026-02-27,204,197,0.9666,0,True,Ambient,Complete
PO000069,2026-02-23,ST011,SUP011,2026-02-21,2026-02-28,2026-02-28,259,247,0.9553,0,True,Ambient,Complete
PO000070,2026-02-23,ST011,SUP006,2026-02-21,2026-02-27,2026-02-27,207,207,1.0,0,True,Ambient,Complete
PO000071,2026-02-23,ST012,SUP008,2026-02-21,2026-03-02,2026-03-02,372,292,0.7852,0,True,Ambient,Short
PO000072,2026-02-23,ST012,SUP011,2026-02-21,2026-02-28,2026-03-03,397,382,0.9628,3,False,Ambient,Late
PO000073,2026-02-23,ST012,SUP006,2026-02-21,2026-02-27,2026-02-27,367,333,0.9081,0,True,Ambient,Complete
PO000074,2026-02-23,ST012,SUP003,2026-02-21,2026-02-27,2026-02-27,440,416,0.9452,0,True,Ambient,Complete
PO000075,2026-02-23,ST012,SUP010,2026-02-21,2026-03-01,2026-03-01,165,144,0.8726,0,True,Ambient,Short
PO000076,2026-02-23,ST012,SUP009,2026-02-21,2026-02-27,2026-02-27,297,297,0.9998,0,True,Ambient,Complete
PO000077,2026-02-23,ST013,SUP012,2026-02-21,2026-02-27,2026-02-27,346,346,1.0,0,True,Ambient,Complete
PO000078,2026-02-23,ST013,SUP011,2026-02-21,2026-02-28,2026-02-28,239,215,0.8996,0,True,Ambient,Short
PO000079,2026-02-23,ST013,SUP002,2026-02-21,2026-02-26,2026-02-26,232,206,0.887,0,True,Chilled,Short
PO000080,2026-02-23,ST013,SUP007,2026-02-21,2026-02-26,2026-02-26,209,203,0.9693,0,True,Chilled,Complete
PO000081,2026-02-23,ST013,SUP006,2026-02-21,2026-02-27,2026-02-27,308,274,0.891,0,True,Ambient,Short
PO000082,2026-02-23,ST013,SUP004,2026-02-21,2026-02-28,2026-02-28,134,122,0.9132,0,True,Ambient,Complete
PO000083,2026-02-23,ST013,SUP010,2026-02-21,2026-03-01,2026-03-01,180,168,0.9328,0,True,Ambient,Complete
PO000084,2026-02-23,ST013,SUP009,2026-02-21,2026-02-27,2026-02-27,198,190,0.9574,0,True,Ambient,Complete
PO000085,2026-02-23,ST014,SUP008,2026-02-21,2026-03-02,2026-03-02,425,399,0.9386,0,True,Ambient,Complete
PO000086,2026-02-23,ST014,SUP012,2026-02-21,2026-02-27,2026-02-27,410,386,0.9427,0,True,Ambient,Complete
PO000087,2026-02-23,ST014,SUP011,2026-02-21,2026-02-28,2026-02-28,290,277,0.9567,0,True,Ambient,Complete
PO000088,2026-02-23,ST014,SUP002,2026-02-21,2026-02-26,2026-02-28,164,161,0.9787,2,False,Chilled,Late
PO000089,2026-02-23,ST014,SUP007,2026-02-21,2026-02-26,2026-02-26,220,216,0.9812,0,True,Chilled,Complete
PO000090,2026-02-23,ST014,SUP003,2026-02-21,2026-02-27,2026-02-27,211,211,1.0,0,True,Ambient,Complete
PO000091,2026-02-23,ST014,SUP010,2026-02-21,2026-03-01,2026-03-01,133,119,0.8917,0,True,Ambient,Short
PO000092,2026-02-23,ST015,SUP011,2026-02-21,2026-02-28,2026-03-01,196,189,0.9627,1,False,Ambient,Late
PO000093,2026-02-23,ST015,SUP002,2026-02-21,2026-02-26,2026-02-26,334,296,0.8866,0,True,Chilled,Short
PO000094,2026-02-23,ST015,SUP007,2026-02-21,2026-02-26,2026-02-26,267,232,0.8694,0,True,Chilled,Short
PO000095,2026-02-23,ST015,SUP006,2026-02-21,2026-02-27,2026-02-27,317,317,1.0,0,True,Ambient,Complete
PO000096,2026-02-23,ST015,SUP003,2026-02-21,2026-02-27,2026-02-27,123,116,0.9471,0,True,Ambient,Complete
PO000097,2026-02-23,ST015,SUP004,2026-02-21,2026-02-28,2026-02-28,249,240,0.9639,0,True,Ambient,Complete
PO000098,2026-02-23,ST016,SUP001,2026-02-21,2026-02-27,2026-02-27,234,224,0.9569,0,True,Ambient,Complete
PO000099,2026-02-23,ST016,SUP002,2026-02-21,2026-02-26,2026-02-26,232,218,0.9406,0,True,Chilled,Complete
PO000100,2026-02-23,ST016,SUP005,2026-02-21,2026-02-28,2026-02-28,393,366,0.9307,0,True,Ambient,Complete
PO000101,2026-02-23,ST016,SUP009,2026-02-21,2026-02-27,2026-02-27,445,420,0.9438,0,True,Ambient,Complete
PO000102,2026-02-23,ST017,SUP001,2026-02-21,2026-02-27,2026-02-27,323,314,0.9725,0,True,Ambient,Complete
PO000103,2026-02-23,ST017,SUP008,2026-02-21,2026-03-02,2026-03-02,345,301,0.8735,0,True,Ambient,Short
PO000104,2026-02-23,ST017,SUP012,2026-02-21,2026-02-27,2026-02-27,362,345,0.9532,0,True,Ambient,Complete
PO000105,2026-02-23,ST017,SUP011,2026-02-21,2026-02-28,2026-02-28,373,361,0.9678,0,True,Ambient,Complete
PO000106,2026-02-23,ST017,SUP002,2026-02-21,2026-02-26,2026-02-26,301,252,0.8373,0,True,Chilled,Short
PO000107,2026-02-23,ST017,SUP006,2026-02-21,2026-02-27,2026-02-27,277,253,0.9144,0,True,Ambient,Complete
PO000108,2026-02-23,ST017,SUP003,2026-02-21,2026-02-27,2026-02-27,296,282,0.9523,0,True,Ambient,Complete
PO000109,2026-02-23,ST017,SUP005,2026-02-21,2026-02-28,2026-02-28,215,213,0.9912,0,True,Ambient,Complete
PO000110,2026-02-23,ST017,SUP009,2026-02-21,2026-02-27,2026-02-27,148,148,1.0,0,True,Ambient,Complete
PO000111,2026-02-23,ST018,SUP001,2026-02-21,2026-02-27,2026-02-27,395,383,0.9689,0,True,Ambient,Complete
PO000112,2026-02-23,ST018,SUP008,2026-02-21,2026-03-02,2026-03-02,260,243,0.9328,0,True,Ambient,Complete
PO000113,2026-02-23,ST018,SUP012,2026-02-21,2026-02-27,2026-02-27,285,280,0.9828,0,True,Ambient,Complete
PO000114,2026-02-23,ST018,SUP006,2026-02-21,2026-02-27,2026-02-27,155,140,0.9046,0,True,Ambient,Complete
PO000115,2026-02-23,ST018,SUP004,2026-02-21,2026-02-28,2026-02-28,234,218,0.9322,0,True,Ambient,Complete
PO000116,2026-02-23,ST018,SUP010,2026-02-21,2026-03-01,2026-03-01,180,156,0.8688,0,True,Ambient,Short
PO000117,2026-02-23,ST018,SUP009,2026-02-21,2026-02-27,2026-02-27,240,230,0.9582,0,True,Ambient,Complete
PO000118,2026-02-23,ST019,SUP012,2026-02-21,2026-02-27,2026-02-27,453,434,0.957,0,True,Ambient,Complete
PO000119,2026-02-23,ST019,SUP006,2026-02-21,2026-02-27,2026-02-28,440,419,0.952,1,False,Ambient,Late
PO000120,2026-02-23,ST019,SUP003,2026-02-21,2026-02-27,2026-02-27,242,223,0.9223,0,True,Ambient,Complete
PO000121,2026-02-23,ST019,SUP010,2026-02-21,2026-03-01,2026-03-01,337,304,0.9007,0,True,Ambient,Complete
PO000122,2026-02-23,ST020,SUP001,2026-02-21,2026-02-27,2026-02-27,179,173,0.9685,0,True,Ambient,Complete
PO000123,2026-02-23,ST020,SUP008,2026-02-21,2026-03-02,2026-03-02,249,231,0.928,0,True,Ambient,Complete
PO000124,2026-02-23,ST020,SUP012,2026-02-21,2026-02-27,2026-02-27,344,324,0.9417,0,True,Ambient,Complete
PO000125,2026-02-23,ST020,SUP007,2026-02-21,2026-02-26,2026-02-26,181,167,0.9203,0,True,Chilled,Complete
PO000126,2026-02-23,ST020,SUP003,2026-02-21,2026-02-27,2026-02-27,115,115,0.997,0,True,Ambient,Complete
PO000127,2026-02-23,ST020,SUP010,2026-02-21,2026-03-01,2026-03-01,348,329,0.9446,0,True,Ambient,Complete
PO000128,2026-02-23,ST020,SUP005,2026-02-21,2026-02-28,2026-02-28,209,209,1.0,0,True,Ambient,Complete
PO000129,2026-02-23,ST020,SUP009,2026-02-21,2026-02-27,2026-02-27,176,169,0.958,0,True,Ambient,Complete
PO000130,2026-02-23,ST021,SUP001,2026-02-21,2026-02-27,2026-02-27,444,434,0.9778,0,True,Ambient,Complete
PO000131,2026-02-23,ST021,SUP008,2026-02-21,2026-03-02,2026-03-02,374,346,0.9259,0,True,Ambient,Complete
PO000132,2026-02-23,ST021,SUP012,2026-02-21,2026-02-27,2026-02-27,473,431,0.9113,0,True,Ambient,Complete
PO000133,2026-02-23,ST021,SUP007,2026-02-21,2026-02-26,2026-02-26,460,441,0.9576,0,True,Chilled,Complete
PO000134,2026-02-23,ST021,SUP006,2026-02-21,2026-02-27,2026-02-27,253,236,0.9334,0,True,Ambient,Complete
PO000135,2026-02-23,ST021,SUP004,2026-02-21,2026-02-28,2026-02-28,171,165,0.9669,0,True,Ambient,Complete
PO000136,2026-02-23,ST021,SUP010,2026-02-21,2026-03-01,2026-03-01,356,356,1.0,0,True,Ambient,Complete
PO000137,2026-02-23,ST021,SUP005,2026-02-21,2026-02-28,2026-03-01,460,436,0.9486,1,False,Ambient,Late
PO000138,2026-02-23,ST022,SUP001,2026-02-21,2026-02-27,2026-02-27,392,332,0.8461,0,True,Ambient,Short
PO000139,2026-02-23,ST022,SUP008,2026-02-21,2026-03-02,2026-03-02,295,255,0.865,0,True,Ambient,Short
PO000140,2026-02-23,ST022,SUP012,2026-02-21,2026-02-27,2026-02-27,231,231,1.0,0,True,Ambient,Complete
PO000141,2026-02-23,ST022,SUP011,2026-02-21,2026-02-28,2026-02-28,382,358,0.9376,0,True,Ambient,Complete
PO000142,2026-02-23,ST022,SUP007,2026-02-21,2026-02-26,2026-02-26,322,297,0.9223,0,True,Chilled,Complete
PO000143,2026-02-23,ST022,SUP006,2026-02-21,2026-02-27,2026-03-01,352,351,0.9968,2,False,Ambient,Late
PO000144,2026-02-23,ST022,SUP010,2026-02-21,2026-03-01,2026-03-01,281,242,0.8624,0,True,Ambient,Short
PO000145,2026-02-23,ST023,SUP001,2026-02-21,2026-02-27,2026-02-27,144,137,0.951,0,True,Ambient,Complete
PO000146,2026-02-23,ST023,SUP008,2026-02-21,2026-03-02,2026-03-03,298,260,0.8727,1,False,Ambient,Late / short
PO000147,2026-02-23,ST023,SUP006,2026-02-21,2026-02-27,2026-02-27,290,275,0.948,0,True,Ambient,Complete
PO000148,2026-02-23,ST023,SUP003,2026-02-21,2026-02-27,2026-02-27,346,324,0.9373,0,True,Ambient,Complete
PO000149,2026-02-23,ST023,SUP010,2026-02-21,2026-03-01,2026-03-01,352,329,0.9357,0,True,Ambient,Complete
PO000150,2026-02-23,ST023,SUP005,2026-02-21,2026-02-28,2026-02-28,160,149,0.9294,0,True,Ambient,Complete
PO000151,2026-02-23,ST024,SUP012,2026-02-21,2026-02-27,2026-02-27,204,186,0.9107,0,True,Ambient,Complete
PO000152,2026-02-23,ST024,SUP005,2026-02-21,2026-02-28,2026-02-28,265,243,0.9153,0,True,Ambient,Complete
PO000153,2026-02-23,ST025,SUP012,2026-02-21,2026-02-27,2026-02-27,201,201,1.0,0,True,Ambient,Complete
PO000154,2026-02-23,ST025,SUP002,2026-02-21,2026-02-26,2026-02-26,217,198,0.9131,0,True,Chilled,Complete
PO000155,2026-02-23,ST025,SUP010,2026-02-21,2026-03-01,2026-03-01,390,351,0.9009,0,True,Ambient,Complete
PO000156,2026-02-23,ST025,SUP009,2026-02-21,2026-02-27,2026-02-27,230,223,0.9682,0,True,Ambient,Complete
PO000157,2026-02-23,ST026,SUP012,2026-02-21,2026-02-27,2026-02-27,177,177,1.0,0,True,Ambient,Complete
PO000158,2026-02-23,ST026,SUP002,2026-02-21,2026-02-26,2026-02-26,281,256,0.9104,0,True,Chilled,Complete
PO000159,2026-02-23,ST026,SUP004,2026-02-21,2026-02-28,2026-02-28,166,160,0.9637,0,True,Ambient,Complete
PO000160,2026-02-23,ST027,SUP001,2026-02-21,2026-02-27,2026-02-27,285,256,0.8995,0,True,Ambient,Short
PO000161,2026-02-23,ST027,SUP008,2026-02-21,2026-03-02,2026-03-02,225,201,0.8916,0,True,Ambient,Short
PO000162,2026-02-23,ST027,SUP007,2026-02-21,2026-02-26,2026-02-27,231,201,0.8711,1,False,Chilled,Late / short
PO000163,2026-02-23,ST027,SUP010,2026-02-21,2026-03-01,2026-03-04,220,198,0.901,3,False,Ambient,Late
PO000164,2026-02-23,ST027,SUP009,2026-02-21,2026-02-27,2026-02-27,186,180,0.9651,0,True,Ambient,Complete
PO000165,2026-02-23,ST028,SUP008,2026-02-21,2026-03-02,2026-03-02,326,289,0.8859,0,True,Ambient,Short
PO000166,2026-02-23,ST028,SUP012,2026-02-21,2026-02-27,2026-02-27,163,163,1.0,0,True,Ambient,Complete
PO000167,2026-02-23,ST028,SUP002,2026-02-21,2026-02-26,2026-02-26,313,267,0.853,0,True,Chilled,Short
PO000168,2026-02-23,ST028,SUP007,2026-02-21,2026-02-26,2026-02-26,246,226,0.918,0,True,Chilled,Complete
PO000169,2026-02-23,ST028,SUP006,2026-02-21,2026-02-27,2026-03-02,125,115,0.9202,3,False,Ambient,Late
PO000170,2026-02-23,ST028,SUP004,2026-02-21,2026-02-28,2026-02-28,253,236,0.9341,0,True,Ambient,Complete
PO000171,2026-02-23,ST028,SUP009,2026-02-21,2026-02-27,2026-02-27,157,144,0.9154,0,True,Ambient,Complete
PO000172,2026-02-23,ST029,SUP001,2026-02-21,2026-02-27,2026-02-27,128,119,0.9314,0,True,Ambient,Complete
PO000173,2026-02-23,ST029,SUP012,2026-02-21,2026-02-27,2026-02-27,351,350,0.9978,0,True,Ambient,Complete
PO000174,2026-02-23,ST029,SUP011,2026-02-21,2026-02-28,2026-02-28,304,284,0.9336,0,True,Ambient,Complete
PO000175,2026-02-23,ST029,SUP007,2026-02-21,2026-02-26,2026-02-26,268,268,1.0,0,True,Chilled,Complete
PO000176,2026-02-23,ST029,SUP003,2026-02-21,2026-02-27,2026-02-27,303,295,0.9723,0,True,Ambient,Complete
PO000177,2026-02-23,ST029,SUP004,2026-02-21,2026-02-28,2026-02-28,264,232,0.8785,0,True,Ambient,Short
PO000178,2026-02-23,ST030,SUP001,2026-02-21,2026-02-27,2026-02-27,234,232,0.9898,0,True,Ambient,Complete
PO000179,2026-02-23,ST030,SUP011,2026-02-21,2026-02-28,2026-02-28,280,256,0.9151,0,True,Ambient,Complete
PO000180,2026-02-23,ST030,SUP002,2026-02-21,2026-02-26,2026-02-27,127,117,0.9214,1,False,Chilled,Late
PO000181,2026-02-23,ST030,SUP007,2026-02-21,2026-02-26,2026-02-26,244,231,0.9477,0,True,Chilled,Complete
PO000182,2026-02-23,ST030,SUP003,2026-02-21,2026-02-27,2026-02-27,250,250,1.0,0,True,Ambient,Complete
PO000183,2026-02-23,ST030,SUP004,2026-02-21,2026-02-28,2026-02-28,228,211,0.9252,0,True,Ambient,Complete
PO000184,2026-02-23,ST030,SUP010,2026-02-21,2026-03-01,2026-03-01,315,280,0.8901,0,True,Ambient,Short
PO000185,2026-02-23,ST031,SUP001,2026-02-21,2026-02-27,2026-03-01,264,260,0.986,2,False,Ambient,Late
PO000186,2026-02-23,ST031,SUP008,2026-02-21,2026-03-02,2026-03-02,259,233,0.8986,0,True,Ambient,Short
PO000187,2026-02-23,ST031,SUP012,2026-02-21,2026-02-27,2026-02-27,97,91,0.9376,0,True,Ambient,Complete
PO000188,2026-02-23,ST031,SUP002,2026-02-21,2026-02-26,2026-02-26,145,138,0.9532,0,True,Chilled,Complete
PO000189,2026-02-23,ST031,SUP006,2026-02-21,2026-02-27,2026-02-27,158,158,1.0,0,True,Ambient,Complete
PO000190,2026-02-23,ST031,SUP003,2026-02-21,2026-02-27,2026-02-27,183,166,0.9098,0,True,Ambient,Complete
PO000191,2026-02-23,ST031,SUP004,2026-02-21,2026-02-28,2026-02-28,277,239,0.8644,0,True,Ambient,Short
PO000192,2026-02-23,ST031,SUP005,2026-02-21,2026-02-28,2026-02-28,117,106,0.9052,0,True,Ambient,Complete
PO000193,2026-02-23,ST031,SUP009,2026-02-21,2026-02-27,2026-02-27,222,220,0.9919,0,True,Ambient,Complete
PO000194,2026-02-23,ST032,SUP002,2026-02-21,2026-02-26,2026-02-26,103,94,0.9158,0,True,Chilled,Complete
PO000195,2026-02-23,ST033,SUP001,2026-02-21,2026-02-27,2026-03-01,186,175,0.9386,2,False,Ambient,Late
PO000196,2026-02-23,ST033,SUP011,2026-02-21,2026-02-28,2026-02-28,203,185,0.9136,0,True,Ambient,Complete
PO000197,2026-02-23,ST033,SUP002,2026-02-21,2026-02-26,2026-02-26,145,137,0.9438,0,True,Chilled,Complete
PO000198,2026-02-23,ST033,SUP007,2026-02-21,2026-02-26,2026-02-26,212,199,0.9372,0,True,Chilled,Complete
PO000199,2026-02-23,ST033,SUP006,2026-02-21,2026-02-27,2026-02-27,271,256,0.9458,0,True,Ambient,Complete
PO000200,2026-02-23,ST033,SUP010,2026-02-21,2026-03-01,2026-03-01,144,143,0.9903,0,True,Ambient,Complete
PO000201,2026-02-23,ST033,SUP005,2026-02-21,2026-02-28,2026-03-01,196,181,0.921,1,False,Ambient,Late
PO000202,2026-02-23,ST033,SUP009,2026-02-21,2026-02-27,2026-02-27,273,273,1.0,0,True,Ambient,Complete
PO000203,2026-02-23,ST034,SUP001,2026-02-21,2026-02-27,2026-02-27,112,106,0.942,0,True,Ambient,Complete
PO000204,2026-02-23,ST034,SUP011,2026-02-21,2026-02-28,2026-02-28,275,275,1.0,0,True,Ambient,Complete
PO000205,2026-02-23,ST034,SUP009,2026-02-21,2026-02-27,2026-02-27,241,241,1.0,0,True,Ambient,Complete
PO000206,2026-02-23,ST035,SUP008,2026-02-21,2026-03-02,2026-03-02,194,181,0.9329,0,True,Ambient,Complete
PO000207,2026-02-23,ST035,SUP012,2026-02-21,2026-02-27,2026-02-27,327,327,1.0,0,True,Ambient,Complete
PO000208,2026-02-23,ST035,SUP011,2026-02-21,2026-02-28,2026-02-28,267,251,0.9392,0,True,Ambient,Complete
PO000209,2026-02-23,ST035,SUP002,2026-02-21,2026-02-26,2026-02-26,252,249,0.9887,0,True,Chilled,Complete
PO000210,2026-02-23,ST035,SUP007,2026-02-21,2026-02-26,2026-02-26,142,126,0.8903,0,True,Chilled,Short
PO000211,2026-02-23,ST035,SUP006,2026-02-21,2026-02-27,2026-02-27,213,189,0.8865,0,True,Ambient,Short
PO000212,2026-02-23,ST036,SUP012,2026-02-21,2026-02-27,2026-02-27,126,118,0.9345,0,True,Ambient,Complete
PO000213,2026-02-23,ST036,SUP011,2026-02-21,2026-02-28,2026-03-03,127,127,1.0,3,False,Ambient,Late
PO000214,2026-02-23,ST036,SUP002,2026-02-21,2026-02-26,2026-02-26,168,159,0.9448,0,True,Chilled,Complete
PO000215,2026-02-23,ST036,SUP007,2026-02-21,2026-02-26,2026-02-26,315,311,0.9888,0,True,Chilled,Complete
PO000216,2026-02-23,ST036,SUP003,2026-02-21,2026-02-27,2026-02-27,251,250,0.997,0,True,Ambient,Complete
PO000217,2026-02-23,ST036,SUP004,2026-02-21,2026-02-28,2026-02-28,263,244,0.9266,0,True,Ambient,Complete
PO000218,2026-03-02,ST001,SUP001,2026-02-28,2026-03-06,2026-03-06,248,239,0.963,0,True,Ambient,Complete
PO000219,2026-03-02,ST001,SUP011,2026-02-28,2026-03-07,2026-03-07,348,333,0.9566,0,True,Ambient,Complete
PO000220,2026-03-02,ST001,SUP007,2026-02-28,2026-03-05,2026-03-05,263,263,1.0,0,True,Chilled,Complete
PO000221,2026-03-02,ST001,SUP006,2026-02-28,2026-03-06,2026-03-06,378,376,0.9944,0,True,Ambient,Complete
PO000222,2026-03-02,ST001,SUP003,2026-02-28,2026-03-06,2026-03-06,261,237,0.9096,0,True,Ambient,Complete
PO000223,2026-03-02,ST001,SUP004,2026-02-28,2026-03-07,2026-03-07,270,266,0.984,0,True,Ambient,Complete
PO000224,2026-03-02,ST001,SUP005,2026-02-28,2026-03-07,2026-03-07,219,214,0.9758,0,True,Ambient,Complete
PO000225,2026-03-02,ST001,SUP009,2026-02-28,2026-03-06,2026-03-06,164,164,1.0,0,True,Ambient,Complete
PO000226,2026-03-02,ST002,SUP001,2026-02-28,2026-03-06,2026-03-06,370,318,0.8588,0,True,Ambient,Short
PO000227,2026-03-02,ST002,SUP008,2026-02-28,2026-03-09,2026-03-09,411,384,0.9352,0,True,Ambient,Complete
PO000228,2026-03-02,ST002,SUP012,2026-02-28,2026-03-06,2026-03-06,507,507,1.0,0,True,Ambient,Complete
PO000229,2026-03-02,ST002,SUP007,2026-02-28,2026-03-05,2026-03-05,312,290,0.9296,0,True,Chilled,Complete
PO000230,2026-03-02,ST002,SUP003,2026-02-28,2026-03-06,2026-03-07,339,335,0.9868,1,False,Ambient,Late
PO000231,2026-03-02,ST003,SUP008,2026-02-28,2026-03-09,2026-03-09,176,163,0.9268,0,True,Ambient,Complete
PO000232,2026-03-02,ST003,SUP011,2026-02-28,2026-03-07,2026-03-07,422,364,0.8637,0,True,Ambient,Short
PO000233,2026-03-02,ST003,SUP006,2026-02-28,2026-03-06,2026-03-06,151,151,1.0,0,True,Ambient,Complete
PO000234,2026-03-02,ST003,SUP003,2026-02-28,2026-03-06,2026-03-06,252,231,0.9147,0,True,Ambient,Complete
PO000235,2026-03-02,ST003,SUP010,2026-02-28,2026-03-08,2026-03-08,261,247,0.9461,0,True,Ambient,Complete
PO000236,2026-03-02,ST003,SUP009,2026-02-28,2026-03-06,2026-03-06,155,145,0.9368,0,True,Ambient,Complete
PO000237,2026-03-02,ST004,SUP008,2026-02-28,2026-03-09,2026-03-09,524,472,0.9006,0,True,Ambient,Complete
PO000238,2026-03-02,ST004,SUP012,2026-02-28,2026-03-06,2026-03-06,304,282,0.9278,0,True,Ambient,Complete
PO000239,2026-03-02,ST004,SUP011,2026-02-28,2026-03-07,2026-03-07,460,418,0.9081,0,True,Ambient,Complete
PO000240,2026-03-02,ST004,SUP002,2026-02-28,2026-03-05,2026-03-05,335,334,0.9981,0,True,Chilled,Complete
PO000241,2026-03-02,ST004,SUP007,2026-02-28,2026-03-05,2026-03-05,377,377,1.0,0,True,Chilled,Complete
PO000242,2026-03-02,ST004,SUP006,2026-02-28,2026-03-06,2026-03-06,321,310,0.9644,0,True,Ambient,Complete
PO000243,2026-03-02,ST004,SUP009,2026-02-28,2026-03-06,2026-03-06,478,475,0.9937,0,True,Ambient,Complete
PO000244,2026-03-02,ST005,SUP012,2026-02-28,2026-03-06,2026-03-06,306,292,0.953,0,True,Ambient,Complete
PO000245,2026-03-02,ST005,SUP011,2026-02-28,2026-03-07,2026-03-07,417,395,0.9468,0,True,Ambient,Complete
PO000246,2026-03-02,ST005,SUP002,2026-02-28,2026-03-05,2026-03-05,456,405,0.8885,0,True,Chilled,Short
PO000247,2026-03-02,ST005,SUP007,2026-02-28,2026-03-05,2026-03-05,237,232,0.9809,0,True,Chilled,Complete
PO000248,2026-03-02,ST005,SUP003,2026-02-28,2026-03-06,2026-03-06,285,269,0.9428,0,True,Ambient,Complete
PO000249,2026-03-02,ST005,SUP009,2026-02-28,2026-03-06,2026-03-06,272,266,0.9776,0,True,Ambient,Complete
PO000250,2026-03-02,ST006,SUP001,2026-02-28,2026-03-06,2026-03-06,478,450,0.9405,0,True,Ambient,Complete
PO000251,2026-03-02,ST006,SUP012,2026-02-28,2026-03-06,2026-03-06,398,392,0.9844,0,True,Ambient,Complete
PO000252,2026-03-02,ST006,SUP003,2026-02-28,2026-03-06,2026-03-07,207,196,0.949,1,False,Ambient,Late
PO000253,2026-03-02,ST006,SUP005,2026-02-28,2026-03-07,2026-03-07,351,342,0.9757,0,True,Ambient,Complete
PO000254,2026-03-02,ST007,SUP008,2026-02-28,2026-03-09,2026-03-09,427,380,0.8907,0,True,Ambient,Short
PO000255,2026-03-02,ST007,SUP007,2026-02-28,2026-03-05,2026-03-07,287,247,0.8609,2,False,Chilled,Late / short
PO000256,2026-03-02,ST007,SUP003,2026-02-28,2026-03-06,2026-03-06,203,194,0.9558,0,True,Ambient,Complete
PO000257,2026-03-02,ST007,SUP005,2026-02-28,2026-03-07,2026-03-07,342,329,0.9632,0,True,Ambient,Complete
PO000258,2026-03-02,ST007,SUP009,2026-02-28,2026-03-06,2026-03-06,286,273,0.9539,0,True,Ambient,Complete
PO000259,2026-03-02,ST008,SUP008,2026-02-28,2026-03-09,2026-03-09,317,285,0.8986,0,True,Ambient,Short
PO000260,2026-03-02,ST008,SUP011,2026-02-28,2026-03-07,2026-03-07,302,292,0.9657,0,True,Ambient,Complete
PO000261,2026-03-02,ST008,SUP002,2026-02-28,2026-03-05,2026-03-05,300,290,0.9662,0,True,Chilled,Complete
PO000262,2026-03-02,ST008,SUP003,2026-02-28,2026-03-06,2026-03-06,267,259,0.9691,0,True,Ambient,Complete
PO000263,2026-03-02,ST008,SUP005,2026-02-28,2026-03-07,2026-03-07,429,412,0.9593,0,True,Ambient,Complete
PO000264,2026-03-02,ST008,SUP009,2026-02-28,2026-03-06,2026-03-06,192,184,0.9561,0,True,Ambient,Complete
PO000265,2026-03-02,ST009,SUP001,2026-02-28,2026-03-06,2026-03-06,315,315,1.0,0,True,Ambient,Complete
PO000266,2026-03-02,ST009,SUP008,2026-02-28,2026-03-09,2026-03-09,418,342,0.8184,0,True,Ambient,Short
PO000267,2026-03-02,ST009,SUP012,2026-02-28,2026-03-06,2026-03-06,356,333,0.9357,0,True,Ambient,Complete
PO000268,2026-03-02,ST009,SUP006,2026-02-28,2026-03-06,2026-03-06,363,345,0.9509,0,True,Ambient,Complete
PO000269,2026-03-02,ST009,SUP003,2026-02-28,2026-03-06,2026-03-06,426,426,1.0,0,True,Ambient,Complete
PO000270,2026-03-02,ST009,SUP010,2026-02-28,2026-03-08,2026-03-08,328,303,0.9226,0,True,Ambient,Complete
PO000271,2026-03-02,ST009,SUP005,2026-02-28,2026-03-07,2026-03-10,391,357,0.9143,3,False,Ambient,Late
PO000272,2026-03-02,ST009,SUP009,2026-02-28,2026-03-06,2026-03-06,360,357,0.9919,0,True,Ambient,Complete
PO000273,2026-03-02,ST010,SUP008,2026-02-28,2026-03-09,2026-03-09,362,338,0.9343,0,True,Ambient,Complete
PO000274,2026-03-02,ST010,SUP002,2026-02-28,2026-03-05,2026-03-05,331,320,0.9678,0,True,Chilled,Complete
PO000275,2026-03-02,ST010,SUP003,2026-02-28,2026-03-06,2026-03-06,448,438,0.9771,0,True,Ambient,Complete
PO000276,2026-03-02,ST010,SUP004,2026-02-28,2026-03-07,2026-03-07,157,132,0.8386,0,True,Ambient,Short
PO000277,2026-03-02,ST010,SUP010,2026-02-28,2026-03-08,2026-03-08,362,348,0.9614,0,True,Ambient,Complete
PO000278,2026-03-02,ST010,SUP009,2026-02-28,2026-03-06,2026-03-06,186,166,0.8937,0,True,Ambient,Short
PO000279,2026-03-02,ST011,SUP001,2026-02-28,2026-03-06,2026-03-06,374,335,0.8956,0,True,Ambient,Short
PO000280,2026-03-02,ST011,SUP008,2026-02-28,2026-03-09,2026-03-09,205,185,0.9048,0,True,Ambient,Complete
PO000281,2026-03-02,ST011,SUP003,2026-02-28,2026-03-06,2026-03-06,224,198,0.8858,0,True,Ambient,Short
PO000282,2026-03-02,ST011,SUP004,2026-02-28,2026-03-07,2026-03-09,308,280,0.9081,2,False,Ambient,Late
PO000283,2026-03-02,ST011,SUP010,2026-02-28,2026-03-08,2026-03-08,366,303,0.8286,0,True,Ambient,Short
PO000284,2026-03-02,ST012,SUP001,2026-02-28,2026-03-06,2026-03-06,346,330,0.9525,0,True,Ambient,Complete
PO000285,2026-03-02,ST012,SUP008,2026-02-28,2026-03-09,2026-03-09,418,353,0.8441,0,True,Ambient,Short
PO000286,2026-03-02,ST012,SUP011,2026-02-28,2026-03-07,2026-03-07,435,400,0.9192,0,True,Ambient,Complete
PO000287,2026-03-02,ST012,SUP005,2026-02-28,2026-03-07,2026-03-07,244,229,0.9395,0,True,Ambient,Complete
PO000288,2026-03-02,ST012,SUP009,2026-02-28,2026-03-06,2026-03-06,426,426,1.0,0,True,Ambient,Complete
PO000289,2026-03-02,ST013,SUP012,2026-02-28,2026-03-06,2026-03-06,342,305,0.8929,0,True,Ambient,Short
PO000290,2026-03-02,ST013,SUP007,2026-02-28,2026-03-05,2026-03-05,253,227,0.8978,0,True,Chilled,Short
PO000291,2026-03-02,ST013,SUP003,2026-02-28,2026-03-06,2026-03-06,188,183,0.9745,0,True,Ambient,Complete
PO000292,2026-03-02,ST013,SUP004,2026-02-28,2026-03-07,2026-03-07,360,359,0.9977,0,True,Ambient,Complete
PO000293,2026-03-02,ST014,SUP008,2026-02-28,2026-03-09,2026-03-09,374,351,0.9377,0,True,Ambient,Complete
PO000294,2026-03-02,ST014,SUP011,2026-02-28,2026-03-07,2026-03-07,197,172,0.8735,0,True,Ambient,Short
PO000295,2026-03-02,ST014,SUP002,2026-02-28,2026-03-05,2026-03-05,281,252,0.8955,0,True,Chilled,Short
PO000296,2026-03-02,ST014,SUP007,2026-02-28,2026-03-05,2026-03-05,249,238,0.9539,0,True,Chilled,Complete
PO000297,2026-03-02,ST014,SUP006,2026-02-28,2026-03-06,2026-03-06,283,277,0.9771,0,True,Ambient,Complete
PO000298,2026-03-02,ST015,SUP001,2026-02-28,2026-03-06,2026-03-06,366,356,0.973,0,True,Ambient,Complete
PO000299,2026-03-02,ST015,SUP008,2026-02-28,2026-03-09,2026-03-09,285,250,0.8782,0,True,Ambient,Short
PO000300,2026-03-02,ST015,SUP012,2026-02-28,2026-03-06,2026-03-09,205,205,1.0,3,False,Ambient,Late
PO000301,2026-03-02,ST015,SUP002,2026-02-28,2026-03-05,2026-03-05,122,115,0.9396,0,True,Chilled,Complete
PO000302,2026-03-02,ST015,SUP007,2026-02-28,2026-03-05,2026-03-07,242,231,0.9555,2,False,Chilled,Late
PO000303,2026-03-02,ST015,SUP003,2026-02-28,2026-03-06,2026-03-06,119,115,0.9646,0,True,Ambient,Complete
PO000304,2026-03-02,ST015,SUP010,2026-02-28,2026-03-08,2026-03-08,230,220,0.9576,0,True,Ambient,Complete
PO000305,2026-03-02,ST016,SUP011,2026-02-28,2026-03-07,2026-03-07,295,292,0.9899,0,True,Ambient,Complete
PO000306,2026-03-02,ST016,SUP006,2026-02-28,2026-03-06,2026-03-06,328,328,1.0,0,True,Ambient,Complete
PO000307,2026-03-02,ST016,SUP004,2026-02-28,2026-03-07,2026-03-07,380,380,1.0,0,True,Ambient,Complete
PO000308,2026-03-02,ST016,SUP005,2026-02-28,2026-03-07,2026-03-07,437,437,1.0,0,True,Ambient,Complete
PO000309,2026-03-02,ST016,SUP009,2026-02-28,2026-03-06,2026-03-06,442,441,0.9971,0,True,Ambient,Complete
PO000310,2026-03-02,ST017,SUP001,2026-02-28,2026-03-06,2026-03-06,135,120,0.8874,0,True,Ambient,Short
PO000311,2026-03-02,ST017,SUP012,2026-02-28,2026-03-06,2026-03-06,227,225,0.9921,0,True,Ambient,Complete
PO000312,2026-03-02,ST017,SUP011,2026-02-28,2026-03-07,2026-03-07,144,144,1.0,0,True,Ambient,Complete
PO000313,2026-03-02,ST017,SUP002,2026-02-28,2026-03-05,2026-03-05,133,118,0.8846,0,True,Chilled,Short
PO000314,2026-03-02,ST017,SUP006,2026-02-28,2026-03-06,2026-03-06,120,110,0.9125,0,True,Ambient,Complete
PO000315,2026-03-02,ST017,SUP003,2026-02-28,2026-03-06,2026-03-06,379,356,0.9387,0,True,Ambient,Complete
PO000316,2026-03-02,ST017,SUP010,2026-02-28,2026-03-08,2026-03-08,163,150,0.9222,0,True,Ambient,Complete
PO000317,2026-03-02,ST017,SUP009,2026-02-28,2026-03-06,2026-03-06,220,209,0.9482,0,True,Ambient,Complete
PO000318,2026-03-02,ST018,SUP001,2026-02-28,2026-03-06,2026-03-06,361,344,0.9523,0,True,Ambient,Complete
PO000319,2026-03-02,ST018,SUP008,2026-02-28,2026-03-09,2026-03-09,405,358,0.883,0,True,Ambient,Short
PO000320,2026-03-02,ST018,SUP012,2026-02-28,2026-03-06,2026-03-06,374,374,1.0,0,True,Ambient,Complete
PO000321,2026-03-02,ST018,SUP006,2026-02-28,2026-03-06,2026-03-06,307,278,0.9048,0,True,Ambient,Complete
PO000322,2026-03-02,ST018,SUP005,2026-02-28,2026-03-07,2026-03-07,393,362,0.9201,0,True,Ambient,Complete
PO000323,2026-03-02,ST018,SUP009,2026-02-28,2026-03-06,2026-03-06,174,173,0.9938,0,True,Ambient,Complete
PO000324,2026-03-02,ST019,SUP001,2026-02-28,2026-03-06,2026-03-06,456,442,0.9702,0,True,Ambient,Complete
PO000325,2026-03-02,ST019,SUP012,2026-02-28,2026-03-06,2026-03-06,216,216,1.0,0,True,Ambient,Complete
PO000326,2026-03-02,ST019,SUP011,2026-02-28,2026-03-07,2026-03-07,147,135,0.9206,0,True,Ambient,Complete
PO000327,2026-03-02,ST019,SUP007,2026-02-28,2026-03-05,2026-03-05,380,333,0.8772,0,True,Chilled,Short
PO000328,2026-03-02,ST019,SUP006,2026-02-28,2026-03-06,2026-03-06,145,141,0.9742,0,True,Ambient,Complete
PO000329,2026-03-02,ST019,SUP003,2026-02-28,2026-03-06,2026-03-06,433,433,1.0,0,True,Ambient,Complete
PO000330,2026-03-02,ST019,SUP009,2026-02-28,2026-03-06,2026-03-06,393,388,0.9865,0,True,Ambient,Complete
PO000331,2026-03-02,ST020,SUP003,2026-02-28,2026-03-06,2026-03-06,185,183,0.9887,0,True,Ambient,Complete
PO000332,2026-03-02,ST020,SUP005,2026-02-28,2026-03-07,2026-03-07,314,282,0.8982,0,True,Ambient,Short
PO000333,2026-03-02,ST020,SUP009,2026-02-28,2026-03-06,2026-03-06,295,280,0.9501,0,True,Ambient,Complete
PO000334,2026-03-02,ST021,SUP001,2026-02-28,2026-03-06,2026-03-06,380,375,0.9861,0,True,Ambient,Complete
PO000335,2026-03-02,ST021,SUP008,2026-02-28,2026-03-09,2026-03-09,479,421,0.878,0,True,Ambient,Short
PO000336,2026-03-02,ST021,SUP012,2026-02-28,2026-03-06,2026-03-06,247,234,0.949,0,True,Ambient,Complete
PO000337,2026-03-02,ST021,SUP002,2026-02-28,2026-03-05,2026-03-05,442,420,0.9503,0,True,Chilled,Complete
PO000338,2026-03-02,ST021,SUP007,2026-02-28,2026-03-05,2026-03-05,388,376,0.9702,0,True,Chilled,Complete
PO000339,2026-03-02,ST021,SUP004,2026-02-28,2026-03-07,2026-03-07,439,420,0.9572,0,True,Ambient,Complete
PO000340,2026-03-02,ST021,SUP010,2026-02-28,2026-03-08,2026-03-08,165,148,0.8967,0,True,Ambient,Short
PO000341,2026-03-02,ST022,SUP008,2026-02-28,2026-03-09,2026-03-09,295,236,0.799,0,True,Ambient,Short
PO000342,2026-03-02,ST022,SUP012,2026-02-28,2026-03-06,2026-03-06,297,284,0.9556,0,True,Ambient,Complete
PO000343,2026-03-02,ST022,SUP002,2026-02-28,2026-03-05,2026-03-05,281,244,0.8698,0,True,Chilled,Short
PO000344,2026-03-02,ST022,SUP007,2026-02-28,2026-03-05,2026-03-05,425,354,0.8337,0,True,Chilled,Short
PO000345,2026-03-02,ST022,SUP006,2026-02-28,2026-03-06,2026-03-06,170,166,0.974,0,True,Ambient,Complete
PO000346,2026-03-02,ST022,SUP004,2026-02-28,2026-03-07,2026-03-07,428,372,0.8699,0,True,Ambient,Short
PO000347,2026-03-02,ST022,SUP010,2026-02-28,2026-03-08,2026-03-08,365,312,0.8544,0,True,Ambient,Short
PO000348,2026-03-02,ST022,SUP005,2026-02-28,2026-03-07,2026-03-07,262,244,0.9299,0,True,Ambient,Complete
PO000349,2026-03-02,ST022,SUP009,2026-02-28,2026-03-06,2026-03-06,463,399,0.8608,0,True,Ambient,Short
PO000350,2026-03-02,ST023,SUP001,2026-02-28,2026-03-06,2026-03-06,247,206,0.8354,0,True,Ambient,Short
PO000351,2026-03-02,ST023,SUP012,2026-02-28,2026-03-06,2026-03-06,220,201,0.913,0,True,Ambient,Complete
PO000352,2026-03-02,ST023,SUP002,2026-02-28,2026-03-05,2026-03-08,188,177,0.9434,3,False,Chilled,Late
PO000353,2026-03-02,ST023,SUP007,2026-02-28,2026-03-05,2026-03-05,214,214,1.0,0,True,Chilled,Complete
PO000354,2026-03-02,ST023,SUP006,2026-02-28,2026-03-06,2026-03-08,289,272,0.9425,2,False,Ambient,Late
PO000355,2026-03-02,ST023,SUP010,2026-02-28,2026-03-08,2026-03-08,203,181,0.891,0,True,Ambient,Short
PO000356,2026-03-02,ST023,SUP009,2026-02-28,2026-03-06,2026-03-06,116,116,1.0,0,True,Ambient,Complete
PO000357,2026-03-02,ST024,SUP008,2026-02-28,2026-03-09,2026-03-09,173,173,1.0,0,True,Ambient,Complete
PO000358,2026-03-02,ST024,SUP011,2026-02-28,2026-03-07,2026-03-07,158,158,1.0,0,True,Ambient,Complete
PO000359,2026-03-02,ST024,SUP002,2026-02-28,2026-03-05,2026-03-05,125,115,0.9196,0,True,Chilled,Complete
PO000360,2026-03-02,ST024,SUP007,2026-02-28,2026-03-05,2026-03-05,105,95,0.9009,0,True,Chilled,Complete
PO000361,2026-03-02,ST024,SUP005,2026-02-28,2026-03-07,2026-03-07,215,202,0.9399,0,True,Ambient,Complete
PO000362,2026-03-02,ST024,SUP009,2026-02-28,2026-03-06,2026-03-07,113,113,1.0,1,False,Ambient,Late
PO000363,2026-03-02,ST025,SUP011,2026-02-28,2026-03-07,2026-03-07,157,140,0.8907,0,True,Ambient,Short
PO000364,2026-03-02,ST025,SUP003,2026-02-28,2026-03-06,2026-03-06,129,119,0.9252,0,True,Ambient,Complete
PO000365,2026-03-02,ST026,SUP012,2026-02-28,2026-03-06,2026-03-06,328,303,0.9243,0,True,Ambient,Complete
PO000366,2026-03-02,ST026,SUP011,2026-02-28,2026-03-07,2026-03-07,165,156,0.9461,0,True,Ambient,Complete
PO000367,2026-03-02,ST026,SUP004,2026-02-28,2026-03-07,2026-03-07,206,206,1.0,0,True,Ambient,Complete
PO000368,2026-03-02,ST026,SUP010,2026-02-28,2026-03-08,2026-03-08,185,167,0.9008,0,True,Ambient,Complete
PO000369,2026-03-02,ST027,SUP001,2026-02-28,2026-03-06,2026-03-06,217,216,0.9943,0,True,Ambient,Complete
PO000370,2026-03-02,ST027,SUP008,2026-02-28,2026-03-09,2026-03-09,316,292,0.9237,0,True,Ambient,Complete
PO000371,2026-03-02,ST027,SUP012,2026-02-28,2026-03-06,2026-03-06,110,103,0.9325,0,True,Ambient,Complete
PO000372,2026-03-02,ST027,SUP011,2026-02-28,2026-03-07,2026-03-07,242,227,0.9363,0,True,Ambient,Complete
PO000373,2026-03-02,ST027,SUP002,2026-02-28,2026-03-05,2026-03-05,322,313,0.9711,0,True,Chilled,Complete
PO000374,2026-03-02,ST027,SUP003,2026-02-28,2026-03-06,2026-03-06,206,196,0.9493,0,True,Ambient,Complete
PO000375,2026-03-02,ST027,SUP010,2026-02-28,2026-03-08,2026-03-08,270,262,0.9716,0,True,Ambient,Complete
PO000376,2026-03-02,ST027,SUP009,2026-02-28,2026-03-06,2026-03-06,308,308,1.0,0,True,Ambient,Complete
PO000377,2026-03-02,ST028,SUP008,2026-02-28,2026-03-09,2026-03-09,325,279,0.8596,0,True,Ambient,Short
PO000378,2026-03-02,ST028,SUP012,2026-02-28,2026-03-06,2026-03-06,162,162,1.0,0,True,Ambient,Complete
PO000379,2026-03-02,ST028,SUP011,2026-02-28,2026-03-07,2026-03-07,284,254,0.8945,0,True,Ambient,Short
PO000380,2026-03-02,ST028,SUP002,2026-02-28,2026-03-05,2026-03-05,247,217,0.8773,0,True,Chilled,Short
PO000381,2026-03-02,ST028,SUP006,2026-02-28,2026-03-06,2026-03-06,284,284,1.0,0,True,Ambient,Complete
PO000382,2026-03-02,ST028,SUP003,2026-02-28,2026-03-06,2026-03-06,97,97,0.9961,0,True,Ambient,Complete
PO000383,2026-03-02,ST028,SUP004,2026-02-28,2026-03-07,2026-03-07,120,112,0.9313,0,True,Ambient,Complete
PO000384,2026-03-02,ST028,SUP010,2026-02-28,2026-03-08,2026-03-08,300,300,1.0,0,True,Ambient,Complete
PO000385,2026-03-02,ST028,SUP009,2026-02-28,2026-03-06,2026-03-06,326,326,1.0,0,True,Ambient,Complete
PO000386,2026-03-02,ST029,SUP001,2026-02-28,2026-03-06,2026-03-06,145,145,0.9988,0,True,Ambient,Complete
PO000387,2026-03-02,ST029,SUP011,2026-02-28,2026-03-07,2026-03-07,179,174,0.9697,0,True,Ambient,Complete
PO000388,2026-03-02,ST029,SUP005,2026-02-28,2026-03-07,2026-03-07,147,131,0.8901,0,True,Ambient,Short
PO000389,2026-03-02,ST029,SUP009,2026-02-28,2026-03-06,2026-03-06,346,313,0.9045,0,True,Ambient,Complete
PO000390,2026-03-02,ST030,SUP001,2026-02-28,2026-03-06,2026-03-06,329,312,0.9493,0,True,Ambient,Complete
PO000391,2026-03-02,ST030,SUP008,2026-02-28,2026-03-09,2026-03-09,348,286,0.8205,0,True,Ambient,Short
PO000392,2026-03-02,ST030,SUP012,2026-02-28,2026-03-06,2026-03-06,382,382,1.0,0,True,Ambient,Complete
PO000393,2026-03-02,ST030,SUP010,2026-02-28,2026-03-08,2026-03-08,400,345,0.8631,0,True,Ambient,Short
PO000394,2026-03-02,ST031,SUP001,2026-02-28,2026-03-06,2026-03-06,248,226,0.9126,0,True,Ambient,Complete
PO000395,2026-03-02,ST031,SUP011,2026-02-28,2026-03-07,2026-03-07,229,209,0.9141,0,True,Ambient,Complete
PO000396,2026-03-02,ST031,SUP002,2026-02-28,2026-03-05,2026-03-05,149,138,0.9255,0,True,Chilled,Complete
PO000397,2026-03-02,ST031,SUP007,2026-02-28,2026-03-05,2026-03-05,179,179,1.0,0,True,Chilled,Complete
PO000398,2026-03-02,ST031,SUP004,2026-02-28,2026-03-07,2026-03-07,168,164,0.9735,0,True,Ambient,Complete
PO000399,2026-03-02,ST031,SUP010,2026-02-28,2026-03-08,2026-03-11,214,209,0.977,3,False,Ambient,Late
PO000400,2026-03-02,ST031,SUP005,2026-02-28,2026-03-07,2026-03-07,135,122,0.9058,0,True,Ambient,Complete
PO000401,2026-03-02,ST032,SUP008,2026-02-28,2026-03-09,2026-03-09,233,215,0.9244,0,True,Ambient,Complete
PO000402,2026-03-02,ST032,SUP012,2026-02-28,2026-03-06,2026-03-06,287,264,0.9186,0,True,Ambient,Complete
PO000403,2026-03-02,ST032,SUP002,2026-02-28,2026-03-05,2026-03-07,137,115,0.8398,2,False,Chilled,Late / short
PO000404,2026-03-02,ST032,SUP007,2026-02-28,2026-03-05,2026-03-06,139,139,0.9965,1,False,Chilled,Late
PO000405,2026-03-02,ST032,SUP006,2026-02-28,2026-03-06,2026-03-06,170,160,0.9408,0,True,Ambient,Complete
PO000406,2026-03-02,ST032,SUP003,2026-02-28,2026-03-06,2026-03-06,101,101,1.0,0,True,Ambient,Complete
PO000407,2026-03-02,ST032,SUP004,2026-02-28,2026-03-07,2026-03-07,127,124,0.9772,0,True,Ambient,Complete
PO000408,2026-03-02,ST032,SUP010,2026-02-28,2026-03-08,2026-03-08,179,161,0.8992,0,True,Ambient,Short
PO000409,2026-03-02,ST032,SUP005,2026-02-28,2026-03-07,2026-03-09,229,229,1.0,2,False,Ambient,Late
PO000410,2026-03-02,ST032,SUP009,2026-02-28,2026-03-06,2026-03-06,164,164,1.0,0,True,Ambient,Complete
PO000411,2026-03-02,ST033,SUP001,2026-02-28,2026-03-06,2026-03-06,284,284,1.0,0,True,Ambient,Complete
PO000412,2026-03-02,ST033,SUP011,2026-02-28,2026-03-07,2026-03-07,149,137,0.9221,0,True,Ambient,Complete
PO000413,2026-03-02,ST033,SUP002,2026-02-28,2026-03-05,2026-03-07,109,98,0.895,2,False,Chilled,Late / short
PO000414,2026-03-02,ST033,SUP007,2026-02-28,2026-03-05,2026-03-05,225,205,0.9102,0,True,Chilled,Complete
PO000415,2026-03-02,ST033,SUP003,2026-02-28,2026-03-06,2026-03-06,265,247,0.9328,0,True,Ambient,Complete
PO000416,2026-03-02,ST033,SUP010,2026-02-28,2026-03-08,2026-03-08,166,145,0.8743,0,True,Ambient,Short
PO000417,2026-03-02,ST034,SUP008,2026-02-28,2026-03-09,2026-03-09,209,199,0.9516,0,True,Ambient,Complete
PO000418,2026-03-02,ST034,SUP002,2026-02-28,2026-03-05,2026-03-05,136,129,0.9476,0,True,Chilled,Complete
PO000419,2026-03-02,ST034,SUP007,2026-02-28,2026-03-05,2026-03-05,218,202,0.9279,0,True,Chilled,Complete
PO000420,2026-03-02,ST034,SUP006,2026-02-28,2026-03-06,2026-03-06,95,86,0.9042,0,True,Ambient,Complete
PO000421,2026-03-02,ST034,SUP010,2026-02-28,2026-03-08,2026-03-10,251,237,0.9439,2,False,Ambient,Late
PO000422,2026-03-02,ST034,SUP009,2026-02-28,2026-03-06,2026-03-06,120,120,1.0,0,True,Ambient,Complete
PO000423,2026-03-02,ST035,SUP008,2026-02-28,2026-03-09,2026-03-09,116,107,0.9211,0,True,Ambient,Complete
PO000424,2026-03-02,ST035,SUP007,2026-02-28,2026-03-05,2026-03-05,135,126,0.932,0,True,Chilled,Complete
PO000425,2026-03-02,ST035,SUP003,2026-02-28,2026-03-06,2026-03-06,334,317,0.95,0,True,Ambient,Complete
PO000426,2026-03-02,ST035,SUP004,2026-02-28,2026-03-07,2026-03-07,135,124,0.9218,0,True,Ambient,Complete
PO000427,2026-03-02,ST035,SUP005,2026-02-28,2026-03-07,2026-03-07,149,140,0.941,0,True,Ambient,Complete
PO000428,2026-03-02,ST035,SUP009,2026-02-28,2026-03-06,2026-03-06,302,276,0.9133,0,True,Ambient,Complete
PO000429,2026-03-02,ST036,SUP012,2026-02-28,2026-03-06,2026-03-06,142,124,0.8734,0,True,Ambient,Short
PO000430,2026-03-02,ST036,SUP010,2026-02-28,2026-03-08,2026-03-08,227,216,0.952,0,True,Ambient,Complete
PO000431,2026-03-02,ST036,SUP005,2026-02-28,2026-03-07,2026-03-07,251,231,0.9209,0,True,Ambient,Complete
PO000432,2026-03-02,ST036,SUP009,2026-02-28,2026-03-06,2026-03-06,171,165,0.9647,0,True,Ambient,Complete
PO000433,2026-03-09,ST001,SUP001,2026-03-07,2026-03-13,2026-03-13,193,177,0.9153,0,True,Ambient,Complete
PO000434,2026-03-09,ST001,SUP002,2026-03-07,2026-03-12,2026-03-12,324,290,0.8959,0,True,Chilled,Short
PO000435,2026-03-09,ST001,SUP007,2026-03-07,2026-03-12,2026-03-12,334,312,0.9338,0,True,Chilled,Complete
PO000436,2026-03-09,ST001,SUP004,2026-03-07,2026-03-14,2026-03-14,139,129,0.9274,0,True,Ambient,Complete
PO000437,2026-03-09,ST001,SUP010,2026-03-07,2026-03-15,2026-03-17,224,218,0.9722,2,False,Ambient,Late
PO000438,2026-03-09,ST001,SUP009,2026-03-07,2026-03-13,2026-03-13,304,304,1.0,0,True,Ambient,Complete
PO000439,2026-03-09,ST002,SUP001,2026-03-07,2026-03-13,2026-03-13,192,183,0.9506,0,True,Ambient,Complete
PO000440,2026-03-09,ST002,SUP008,2026-03-07,2026-03-16,2026-03-16,261,221,0.8465,0,True,Ambient,Short
PO000441,2026-03-09,ST002,SUP002,2026-03-07,2026-03-12,2026-03-12,337,306,0.9068,0,True,Chilled,Complete
PO000442,2026-03-09,ST002,SUP007,2026-03-07,2026-03-12,2026-03-14,275,242,0.8816,2,False,Chilled,Late / short
PO000443,2026-03-09,ST002,SUP010,2026-03-07,2026-03-15,2026-03-15,399,365,0.915,0,True,Ambient,Complete
PO000444,2026-03-09,ST002,SUP005,2026-03-07,2026-03-14,2026-03-14,261,238,0.9108,0,True,Ambient,Complete
PO000445,2026-03-09,ST003,SUP001,2026-03-07,2026-03-13,2026-03-13,153,146,0.9547,0,True,Ambient,Complete
PO000446,2026-03-09,ST003,SUP008,2026-03-07,2026-03-16,2026-03-16,304,277,0.9114,0,True,Ambient,Complete
PO000447,2026-03-09,ST003,SUP011,2026-03-07,2026-03-14,2026-03-14,206,180,0.8742,0,True,Ambient,Short
PO000448,2026-03-09,ST003,SUP002,2026-03-07,2026-03-12,2026-03-12,247,234,0.9478,0,True,Chilled,Complete
PO000449,2026-03-09,ST003,SUP003,2026-03-07,2026-03-13,2026-03-14,437,429,0.9816,1,False,Ambient,Late
PO000450,2026-03-09,ST003,SUP004,2026-03-07,2026-03-14,2026-03-14,451,446,0.9879,0,True,Ambient,Complete
PO000451,2026-03-09,ST003,SUP009,2026-03-07,2026-03-13,2026-03-13,429,404,0.9407,0,True,Ambient,Complete
PO000452,2026-03-09,ST004,SUP008,2026-03-07,2026-03-16,2026-03-16,426,426,1.0,0,True,Ambient,Complete
PO000453,2026-03-09,ST004,SUP003,2026-03-07,2026-03-13,2026-03-13,165,152,0.9215,0,True,Ambient,Complete
PO000454,2026-03-09,ST004,SUP004,2026-03-07,2026-03-14,2026-03-14,483,423,0.8753,0,True,Ambient,Short
PO000455,2026-03-09,ST004,SUP010,2026-03-07,2026-03-15,2026-03-15,258,238,0.9207,0,True,Ambient,Complete
PO000456,2026-03-09,ST004,SUP005,2026-03-07,2026-03-14,2026-03-14,403,399,0.9894,0,True,Ambient,Complete
PO000457,2026-03-09,ST005,SUP001,2026-03-07,2026-03-13,2026-03-13,195,187,0.9589,0,True,Ambient,Complete
PO000458,2026-03-09,ST005,SUP012,2026-03-07,2026-03-13,2026-03-13,330,274,0.831,0,True,Ambient,Short
PO000459,2026-03-09,ST005,SUP004,2026-03-07,2026-03-14,2026-03-17,301,301,1.0,3,False,Ambient,Late
PO000460,2026-03-09,ST005,SUP010,2026-03-07,2026-03-15,2026-03-15,170,158,0.9294,0,True,Ambient,Complete
PO000461,2026-03-09,ST005,SUP009,2026-03-07,2026-03-13,2026-03-13,508,465,0.9163,0,True,Ambient,Complete
PO000462,2026-03-09,ST006,SUP008,2026-03-07,2026-03-16,2026-03-16,220,203,0.9225,0,True,Ambient,Complete
PO000463,2026-03-09,ST006,SUP004,2026-03-07,2026-03-14,2026-03-15,496,496,1.0,1,False,Ambient,Late
PO000464,2026-03-09,ST006,SUP005,2026-03-07,2026-03-14,2026-03-14,251,219,0.8719,0,True,Ambient,Short
PO000465,2026-03-09,ST006,SUP009,2026-03-07,2026-03-13,2026-03-13,476,447,0.94,0,True,Ambient,Complete
PO000466,2026-03-09,ST007,SUP011,2026-03-07,2026-03-14,2026-03-14,514,493,0.9585,0,True,Ambient,Complete
PO000467,2026-03-09,ST007,SUP007,2026-03-07,2026-03-12,2026-03-12,307,307,1.0,0,True,Chilled,Complete
PO000468,2026-03-09,ST007,SUP006,2026-03-07,2026-03-13,2026-03-13,238,221,0.9268,0,True,Ambient,Complete
PO000469,2026-03-09,ST007,SUP003,2026-03-07,2026-03-13,2026-03-13,530,493,0.9293,0,True,Ambient,Complete
PO000470,2026-03-09,ST007,SUP004,2026-03-07,2026-03-14,2026-03-14,408,376,0.921,0,True,Ambient,Complete
PO000471,2026-03-09,ST007,SUP005,2026-03-07,2026-03-14,2026-03-14,451,446,0.9883,0,True,Ambient,Complete
PO000472,2026-03-09,ST008,SUP001,2026-03-07,2026-03-13,2026-03-13,365,316,0.8647,0,True,Ambient,Short
PO000473,2026-03-09,ST008,SUP008,2026-03-07,2026-03-16,2026-03-16,195,181,0.9292,0,True,Ambient,Complete
PO000474,2026-03-09,ST008,SUP012,2026-03-07,2026-03-13,2026-03-13,496,489,0.9857,0,True,Ambient,Complete
PO000475,2026-03-09,ST008,SUP011,2026-03-07,2026-03-14,2026-03-17,169,148,0.8775,3,False,Ambient,Late / short
PO000476,2026-03-09,ST008,SUP002,2026-03-07,2026-03-12,2026-03-12,464,438,0.9437,0,True,Chilled,Complete
PO000477,2026-03-09,ST008,SUP007,2026-03-07,2026-03-12,2026-03-12,212,182,0.8599,0,True,Chilled,Short
PO000478,2026-03-09,ST008,SUP003,2026-03-07,2026-03-13,2026-03-14,311,274,0.8818,1,False,Ambient,Late / short
PO000479,2026-03-09,ST008,SUP004,2026-03-07,2026-03-14,2026-03-16,162,161,0.9919,2,False,Ambient,Late
PO000480,2026-03-09,ST008,SUP010,2026-03-07,2026-03-15,2026-03-15,327,303,0.927,0,True,Ambient,Complete
PO000481,2026-03-09,ST009,SUP001,2026-03-07,2026-03-13,2026-03-13,450,412,0.9165,0,True,Ambient,Complete
PO000482,2026-03-09,ST009,SUP012,2026-03-07,2026-03-13,2026-03-13,270,258,0.9567,0,True,Ambient,Complete
PO000483,2026-03-09,ST009,SUP002,2026-03-07,2026-03-12,2026-03-12,412,389,0.9442,0,True,Chilled,Complete
PO000484,2026-03-09,ST009,SUP006,2026-03-07,2026-03-13,2026-03-13,328,328,1.0,0,True,Ambient,Complete
PO000485,2026-03-09,ST009,SUP004,2026-03-07,2026-03-14,2026-03-14,441,409,0.9269,0,True,Ambient,Complete
PO000486,2026-03-09,ST009,SUP010,2026-03-07,2026-03-15,2026-03-15,140,129,0.9231,0,True,Ambient,Complete
PO000487,2026-03-09,ST009,SUP005,2026-03-07,2026-03-14,2026-03-14,137,132,0.9629,0,True,Ambient,Complete
PO000488,2026-03-09,ST009,SUP009,2026-03-07,2026-03-13,2026-03-13,248,243,0.9802,0,True,Ambient,Complete
PO000489,2026-03-09,ST010,SUP008,2026-03-07,2026-03-16,2026-03-16,150,133,0.8848,0,True,Ambient,Short
PO000490,2026-03-09,ST010,SUP012,2026-03-07,2026-03-13,2026-03-13,322,278,0.8632,0,True,Ambient,Short
PO000491,2026-03-09,ST010,SUP011,2026-03-07,2026-03-14,2026-03-14,458,413,0.901,0,True,Ambient,Complete
PO000492,2026-03-09,ST010,SUP002,2026-03-07,2026-03-12,2026-03-12,416,389,0.9358,0,True,Chilled,Complete
PO000493,2026-03-09,ST010,SUP003,2026-03-07,2026-03-13,2026-03-13,381,381,1.0,0,True,Ambient,Complete
PO000494,2026-03-09,ST011,SUP001,2026-03-07,2026-03-13,2026-03-13,260,252,0.9706,0,True,Ambient,Complete
PO000495,2026-03-09,ST011,SUP008,2026-03-07,2026-03-16,2026-03-16,331,273,0.826,0,True,Ambient,Short
PO000496,2026-03-09,ST011,SUP012,2026-03-07,2026-03-13,2026-03-13,406,406,1.0,0,True,Ambient,Complete
PO000497,2026-03-09,ST011,SUP011,2026-03-07,2026-03-14,2026-03-16,376,340,0.9038,2,False,Ambient,Late
PO000498,2026-03-09,ST011,SUP007,2026-03-07,2026-03-12,2026-03-14,304,270,0.8876,2,False,Chilled,Late / short
PO000499,2026-03-09,ST011,SUP006,2026-03-07,2026-03-13,2026-03-13,416,402,0.9653,0,True,Ambient,Complete
PO000500,2026-03-09,ST011,SUP003,2026-03-07,2026-03-13,2026-03-13,393,351,0.8939,0,True,Ambient,Short
PO000501,2026-03-09,ST011,SUP005,2026-03-07,2026-03-14,2026-03-14,150,131,0.8729,0,True,Ambient,Short
PO000502,2026-03-09,ST012,SUP001,2026-03-07,2026-03-13,2026-03-13,450,443,0.985,0,True,Ambient,Complete
PO000503,2026-03-09,ST012,SUP008,2026-03-07,2026-03-16,2026-03-16,216,198,0.9182,0,True,Ambient,Complete
PO000504,2026-03-09,ST012,SUP012,2026-03-07,2026-03-13,2026-03-13,323,301,0.9324,0,True,Ambient,Complete
PO000505,2026-03-09,ST012,SUP011,2026-03-07,2026-03-14,2026-03-14,146,131,0.9005,0,True,Ambient,Complete
PO000506,2026-03-09,ST012,SUP006,2026-03-07,2026-03-13,2026-03-13,298,284,0.9522,0,True,Ambient,Complete
PO000507,2026-03-09,ST012,SUP003,2026-03-07,2026-03-13,2026-03-13,208,202,0.9735,0,True,Ambient,Complete
PO000508,2026-03-09,ST013,SUP001,2026-03-07,2026-03-13,2026-03-13,124,123,0.9945,0,True,Ambient,Complete
PO000509,2026-03-09,ST013,SUP007,2026-03-07,2026-03-12,2026-03-12,313,309,0.9862,0,True,Chilled,Complete
PO000510,2026-03-09,ST013,SUP003,2026-03-07,2026-03-13,2026-03-13,298,275,0.9221,0,True,Ambient,Complete
PO000511,2026-03-09,ST013,SUP004,2026-03-07,2026-03-14,2026-03-14,351,323,0.9203,0,True,Ambient,Complete
PO000512,2026-03-09,ST013,SUP005,2026-03-07,2026-03-14,2026-03-16,270,256,0.9474,2,False,Ambient,Late
PO000513,2026-03-09,ST013,SUP009,2026-03-07,2026-03-13,2026-03-13,119,106,0.893,0,True,Ambient,Short
PO000514,2026-03-09,ST014,SUP001,2026-03-07,2026-03-13,2026-03-13,278,243,0.8737,0,True,Ambient,Short
PO000515,2026-03-09,ST014,SUP008,2026-03-07,2026-03-16,2026-03-16,284,251,0.884,0,True,Ambient,Short
PO000516,2026-03-09,ST014,SUP011,2026-03-07,2026-03-14,2026-03-14,229,200,0.8738,0,True,Ambient,Short
PO000517,2026-03-09,ST014,SUP002,2026-03-07,2026-03-12,2026-03-12,281,240,0.8555,0,True,Chilled,Short
PO000518,2026-03-09,ST014,SUP004,2026-03-07,2026-03-14,2026-03-14,384,330,0.8607,0,True,Ambient,Short
PO000519,2026-03-09,ST014,SUP005,2026-03-07,2026-03-14,2026-03-14,417,410,0.9827,0,True,Ambient,Complete
PO000520,2026-03-09,ST014,SUP009,2026-03-07,2026-03-13,2026-03-13,403,403,1.0,0,True,Ambient,Complete
PO000521,2026-03-09,ST015,SUP011,2026-03-07,2026-03-14,2026-03-14,349,304,0.8709,0,True,Ambient,Short
PO000522,2026-03-09,ST015,SUP002,2026-03-07,2026-03-12,2026-03-12,155,144,0.9318,0,True,Chilled,Complete
PO000523,2026-03-09,ST015,SUP007,2026-03-07,2026-03-12,2026-03-12,273,255,0.9332,0,True,Chilled,Complete
PO000524,2026-03-09,ST015,SUP003,2026-03-07,2026-03-13,2026-03-14,324,320,0.9867,1,False,Ambient,Late
PO000525,2026-03-09,ST015,SUP004,2026-03-07,2026-03-14,2026-03-14,252,248,0.9834,0,True,Ambient,Complete
PO000526,2026-03-09,ST015,SUP005,2026-03-07,2026-03-14,2026-03-14,207,173,0.835,0,True,Ambient,Short
PO000527,2026-03-09,ST016,SUP008,2026-03-07,2026-03-16,2026-03-16,293,249,0.8503,0,True,Ambient,Short
PO000528,2026-03-09,ST016,SUP011,2026-03-07,2026-03-14,2026-03-14,379,345,0.9093,0,True,Ambient,Complete
PO000529,2026-03-09,ST016,SUP007,2026-03-07,2026-03-12,2026-03-12,267,264,0.9873,0,True,Chilled,Complete
PO000530,2026-03-09,ST016,SUP006,2026-03-07,2026-03-13,2026-03-13,227,214,0.9414,0,True,Ambient,Complete
PO000531,2026-03-09,ST016,SUP003,2026-03-07,2026-03-13,2026-03-13,219,201,0.9191,0,True,Ambient,Complete
PO000532,2026-03-09,ST016,SUP010,2026-03-07,2026-03-15,2026-03-15,188,175,0.9282,0,True,Ambient,Complete
PO000533,2026-03-09,ST016,SUP005,2026-03-07,2026-03-14,2026-03-14,342,305,0.8912,0,True,Ambient,Short
PO000534,2026-03-09,ST017,SUP011,2026-03-07,2026-03-14,2026-03-14,384,331,0.8628,0,True,Ambient,Short
PO000535,2026-03-09,ST017,SUP003,2026-03-07,2026-03-13,2026-03-13,178,171,0.9612,0,True,Ambient,Complete
PO000536,2026-03-09,ST017,SUP004,2026-03-07,2026-03-14,2026-03-14,214,207,0.9685,0,True,Ambient,Complete
PO000537,2026-03-09,ST017,SUP010,2026-03-07,2026-03-15,2026-03-15,292,266,0.9101,0,True,Ambient,Complete
PO000538,2026-03-09,ST017,SUP005,2026-03-07,2026-03-14,2026-03-17,344,333,0.9679,3,False,Ambient,Late
PO000539,2026-03-09,ST017,SUP009,2026-03-07,2026-03-13,2026-03-13,258,232,0.8999,0,True,Ambient,Short
PO000540,2026-03-09,ST018,SUP008,2026-03-07,2026-03-16,2026-03-16,200,183,0.916,0,True,Ambient,Complete
PO000541,2026-03-09,ST018,SUP012,2026-03-07,2026-03-13,2026-03-13,194,194,1.0,0,True,Ambient,Complete
PO000542,2026-03-09,ST018,SUP007,2026-03-07,2026-03-12,2026-03-12,228,228,1.0,0,True,Chilled,Complete
PO000543,2026-03-09,ST018,SUP006,2026-03-07,2026-03-13,2026-03-14,342,312,0.9119,1,False,Ambient,Late
PO000544,2026-03-09,ST018,SUP005,2026-03-07,2026-03-14,2026-03-14,332,298,0.8967,0,True,Ambient,Short
PO000545,2026-03-09,ST018,SUP009,2026-03-07,2026-03-13,2026-03-13,139,139,1.0,0,True,Ambient,Complete
PO000546,2026-03-09,ST019,SUP001,2026-03-07,2026-03-13,2026-03-13,273,247,0.9064,0,True,Ambient,Complete
PO000547,2026-03-09,ST019,SUP008,2026-03-07,2026-03-16,2026-03-16,347,326,0.9393,0,True,Ambient,Complete
PO000548,2026-03-09,ST019,SUP012,2026-03-07,2026-03-13,2026-03-13,182,165,0.9048,0,True,Ambient,Complete
PO000549,2026-03-09,ST019,SUP002,2026-03-07,2026-03-12,2026-03-12,208,200,0.9624,0,True,Chilled,Complete
PO000550,2026-03-09,ST019,SUP007,2026-03-07,2026-03-12,2026-03-12,260,255,0.9821,0,True,Chilled,Complete
PO000551,2026-03-09,ST019,SUP004,2026-03-07,2026-03-14,2026-03-17,296,261,0.8815,3,False,Ambient,Late / short
PO000552,2026-03-09,ST019,SUP010,2026-03-07,2026-03-15,2026-03-15,438,378,0.8631,0,True,Ambient,Short
PO000553,2026-03-09,ST019,SUP005,2026-03-07,2026-03-14,2026-03-14,326,308,0.9441,0,True,Ambient,Complete
PO000554,2026-03-09,ST019,SUP009,2026-03-07,2026-03-13,2026-03-13,188,182,0.9696,0,True,Ambient,Complete
PO000555,2026-03-09,ST020,SUP001,2026-03-07,2026-03-13,2026-03-13,177,166,0.9373,0,True,Ambient,Complete
PO000556,2026-03-09,ST020,SUP012,2026-03-07,2026-03-13,2026-03-13,276,263,0.9545,0,True,Ambient,Complete
PO000557,2026-03-09,ST020,SUP011,2026-03-07,2026-03-14,2026-03-14,324,311,0.9605,0,True,Ambient,Complete
PO000558,2026-03-09,ST020,SUP002,2026-03-07,2026-03-12,2026-03-12,287,269,0.9376,0,True,Chilled,Complete
PO000559,2026-03-09,ST020,SUP007,2026-03-07,2026-03-12,2026-03-12,143,133,0.9313,0,True,Chilled,Complete
PO000560,2026-03-09,ST020,SUP003,2026-03-07,2026-03-13,2026-03-13,143,134,0.937,0,True,Ambient,Complete
PO000561,2026-03-09,ST020,SUP004,2026-03-07,2026-03-14,2026-03-14,325,314,0.9655,0,True,Ambient,Complete
PO000562,2026-03-09,ST020,SUP010,2026-03-07,2026-03-15,2026-03-15,166,163,0.981,0,True,Ambient,Complete
PO000563,2026-03-09,ST020,SUP005,2026-03-07,2026-03-14,2026-03-16,336,302,0.899,2,False,Ambient,Late / short
PO000564,2026-03-09,ST021,SUP001,2026-03-07,2026-03-13,2026-03-13,335,334,0.9982,0,True,Ambient,Complete
PO000565,2026-03-09,ST021,SUP002,2026-03-07,2026-03-12,2026-03-12,197,177,0.9009,0,True,Chilled,Complete
PO000566,2026-03-09,ST021,SUP006,2026-03-07,2026-03-13,2026-03-13,439,437,0.9959,0,True,Ambient,Complete
PO000567,2026-03-09,ST022,SUP008,2026-03-07,2026-03-16,2026-03-16,254,253,0.9972,0,True,Ambient,Complete
PO000568,2026-03-09,ST022,SUP011,2026-03-07,2026-03-14,2026-03-14,160,146,0.9148,0,True,Ambient,Complete
PO000569,2026-03-09,ST022,SUP007,2026-03-07,2026-03-12,2026-03-12,377,343,0.9089,0,True,Chilled,Complete
PO000570,2026-03-09,ST022,SUP006,2026-03-07,2026-03-13,2026-03-14,409,406,0.9935,1,False,Ambient,Late
PO000571,2026-03-09,ST022,SUP003,2026-03-07,2026-03-13,2026-03-13,350,350,1.0,0,True,Ambient,Complete
PO000572,2026-03-09,ST022,SUP004,2026-03-07,2026-03-14,2026-03-14,239,217,0.9088,0,True,Ambient,Complete
PO000573,2026-03-09,ST023,SUP008,2026-03-07,2026-03-16,2026-03-16,335,325,0.9688,0,True,Ambient,Complete
PO000574,2026-03-09,ST023,SUP011,2026-03-07,2026-03-14,2026-03-14,146,139,0.9549,0,True,Ambient,Complete
PO000575,2026-03-09,ST023,SUP002,2026-03-07,2026-03-12,2026-03-12,114,112,0.9786,0,True,Chilled,Complete
PO000576,2026-03-09,ST023,SUP003,2026-03-07,2026-03-13,2026-03-13,209,196,0.9385,0,True,Ambient,Complete
PO000577,2026-03-09,ST023,SUP004,2026-03-07,2026-03-14,2026-03-14,194,176,0.9084,0,True,Ambient,Complete
PO000578,2026-03-09,ST023,SUP005,2026-03-07,2026-03-14,2026-03-14,172,153,0.887,0,True,Ambient,Short
PO000579,2026-03-09,ST024,SUP008,2026-03-07,2026-03-16,2026-03-16,244,220,0.9002,0,True,Ambient,Complete
PO000580,2026-03-09,ST024,SUP012,2026-03-07,2026-03-13,2026-03-13,155,140,0.9058,0,True,Ambient,Complete
PO000581,2026-03-09,ST024,SUP006,2026-03-07,2026-03-13,2026-03-13,141,141,1.0,0,True,Ambient,Complete
PO000582,2026-03-09,ST024,SUP003,2026-03-07,2026-03-13,2026-03-13,302,292,0.9672,0,True,Ambient,Complete
PO000583,2026-03-09,ST024,SUP010,2026-03-07,2026-03-15,2026-03-17,254,238,0.9354,2,False,Ambient,Late
PO000584,2026-03-09,ST025,SUP008,2026-03-07,2026-03-16,2026-03-16,161,150,0.9299,0,True,Ambient,Complete
PO000585,2026-03-09,ST025,SUP012,2026-03-07,2026-03-13,2026-03-13,366,353,0.9655,0,True,Ambient,Complete
PO000586,2026-03-09,ST025,SUP011,2026-03-07,2026-03-14,2026-03-14,397,384,0.9682,0,True,Ambient,Complete
PO000587,2026-03-09,ST025,SUP007,2026-03-07,2026-03-12,2026-03-12,307,280,0.9123,0,True,Chilled,Complete
PO000588,2026-03-09,ST025,SUP010,2026-03-07,2026-03-15,2026-03-15,304,293,0.9632,0,True,Ambient,Complete
PO000589,2026-03-09,ST026,SUP001,2026-03-07,2026-03-13,2026-03-13,339,318,0.9389,0,True,Ambient,Complete
PO000590,2026-03-09,ST026,SUP008,2026-03-07,2026-03-16,2026-03-19,316,291,0.9212,3,False,Ambient,Late
PO000591,2026-03-09,ST026,SUP012,2026-03-07,2026-03-13,2026-03-13,291,289,0.9927,0,True,Ambient,Complete
PO000592,2026-03-09,ST026,SUP011,2026-03-07,2026-03-14,2026-03-14,376,337,0.8962,0,True,Ambient,Short
PO000593,2026-03-09,ST026,SUP002,2026-03-07,2026-03-12,2026-03-12,350,312,0.8924,0,True,Chilled,Short
PO000594,2026-03-09,ST026,SUP007,2026-03-07,2026-03-12,2026-03-12,348,340,0.9777,0,True,Chilled,Complete
PO000595,2026-03-09,ST026,SUP006,2026-03-07,2026-03-13,2026-03-13,164,142,0.8659,0,True,Ambient,Short
PO000596,2026-03-09,ST026,SUP003,2026-03-07,2026-03-13,2026-03-13,281,280,0.997,0,True,Ambient,Complete
PO000597,2026-03-09,ST026,SUP004,2026-03-07,2026-03-14,2026-03-14,387,373,0.9646,0,True,Ambient,Complete
PO000598,2026-03-09,ST026,SUP010,2026-03-07,2026-03-15,2026-03-15,290,268,0.9233,0,True,Ambient,Complete
PO000599,2026-03-09,ST026,SUP005,2026-03-07,2026-03-14,2026-03-14,217,211,0.9734,0,True,Ambient,Complete
PO000600,2026-03-09,ST027,SUP001,2026-03-07,2026-03-13,2026-03-15,113,113,1.0,2,False,Ambient,Late
PO000601,2026-03-09,ST027,SUP008,2026-03-07,2026-03-16,2026-03-16,241,219,0.9088,0,True,Ambient,Complete
PO000602,2026-03-09,ST027,SUP002,2026-03-07,2026-03-12,2026-03-12,184,184,1.0,0,True,Chilled,Complete
PO000603,2026-03-09,ST027,SUP009,2026-03-07,2026-03-13,2026-03-13,222,209,0.9436,0,True,Ambient,Complete
PO000604,2026-03-09,ST028,SUP001,2026-03-07,2026-03-13,2026-03-13,256,256,1.0,0,True,Ambient,Complete
PO000605,2026-03-09,ST028,SUP008,2026-03-07,2026-03-16,2026-03-16,133,118,0.889,0,True,Ambient,Short
PO000606,2026-03-09,ST028,SUP002,2026-03-07,2026-03-12,2026-03-12,185,178,0.9604,0,True,Chilled,Complete
PO000607,2026-03-09,ST028,SUP007,2026-03-07,2026-03-12,2026-03-12,122,108,0.8842,0,True,Chilled,Short
PO000608,2026-03-09,ST028,SUP006,2026-03-07,2026-03-13,2026-03-13,168,161,0.9564,0,True,Ambient,Complete
PO000609,2026-03-09,ST028,SUP004,2026-03-07,2026-03-14,2026-03-14,223,215,0.9654,0,True,Ambient,Complete
PO000610,2026-03-09,ST028,SUP010,2026-03-07,2026-03-15,2026-03-15,121,116,0.9554,0,True,Ambient,Complete
PO000611,2026-03-09,ST028,SUP005,2026-03-07,2026-03-14,2026-03-15,328,318,0.9686,1,False,Ambient,Late
PO000612,2026-03-09,ST028,SUP009,2026-03-07,2026-03-13,2026-03-13,150,149,0.9943,0,True,Ambient,Complete
PO000613,2026-03-09,ST029,SUP001,2026-03-07,2026-03-13,2026-03-13,318,301,0.9479,0,True,Ambient,Complete
PO000614,2026-03-09,ST029,SUP008,2026-03-07,2026-03-16,2026-03-16,280,257,0.9164,0,True,Ambient,Complete
PO000615,2026-03-09,ST029,SUP011,2026-03-07,2026-03-14,2026-03-14,258,254,0.984,0,True,Ambient,Complete
PO000616,2026-03-09,ST029,SUP002,2026-03-07,2026-03-12,2026-03-12,179,163,0.9101,0,True,Chilled,Complete
PO000617,2026-03-09,ST029,SUP006,2026-03-07,2026-03-13,2026-03-13,180,173,0.9597,0,True,Ambient,Complete
PO000618,2026-03-09,ST029,SUP003,2026-03-07,2026-03-13,2026-03-13,176,163,0.9234,0,True,Ambient,Complete
PO000619,2026-03-09,ST029,SUP010,2026-03-07,2026-03-15,2026-03-15,274,249,0.9102,0,True,Ambient,Complete
PO000620,2026-03-09,ST029,SUP005,2026-03-07,2026-03-14,2026-03-17,340,333,0.9794,3,False,Ambient,Late
PO000621,2026-03-09,ST030,SUP008,2026-03-07,2026-03-16,2026-03-16,280,232,0.8277,0,True,Ambient,Short
PO000622,2026-03-09,ST030,SUP012,2026-03-07,2026-03-13,2026-03-13,361,337,0.9325,0,True,Ambient,Complete
PO000623,2026-03-09,ST030,SUP002,2026-03-07,2026-03-12,2026-03-12,274,247,0.9006,0,True,Chilled,Complete
PO000624,2026-03-09,ST030,SUP006,2026-03-07,2026-03-13,2026-03-13,268,247,0.9221,0,True,Ambient,Complete
PO000625,2026-03-09,ST030,SUP004,2026-03-07,2026-03-14,2026-03-14,321,319,0.993,0,True,Ambient,Complete
PO000626,2026-03-09,ST030,SUP010,2026-03-07,2026-03-15,2026-03-15,199,181,0.9104,0,True,Ambient,Complete
PO000627,2026-03-09,ST031,SUP001,2026-03-07,2026-03-13,2026-03-13,119,113,0.9493,0,True,Ambient,Complete
PO000628,2026-03-09,ST031,SUP008,2026-03-07,2026-03-16,2026-03-16,227,189,0.8347,0,True,Ambient,Short
PO000629,2026-03-09,ST031,SUP012,2026-03-07,2026-03-13,2026-03-13,156,151,0.9659,0,True,Ambient,Complete
PO000630,2026-03-09,ST031,SUP011,2026-03-07,2026-03-14,2026-03-14,229,220,0.9607,0,True,Ambient,Complete
PO000631,2026-03-09,ST031,SUP002,2026-03-07,2026-03-12,2026-03-12,123,115,0.9323,0,True,Chilled,Complete
PO000632,2026-03-09,ST031,SUP006,2026-03-07,2026-03-13,2026-03-13,150,139,0.9249,0,True,Ambient,Complete
PO000633,2026-03-09,ST031,SUP005,2026-03-07,2026-03-14,2026-03-14,202,170,0.843,0,True,Ambient,Short
PO000634,2026-03-09,ST032,SUP008,2026-03-07,2026-03-16,2026-03-16,259,252,0.9715,0,True,Ambient,Complete
PO000635,2026-03-09,ST032,SUP012,2026-03-07,2026-03-13,2026-03-13,292,287,0.9821,0,True,Ambient,Complete
PO000636,2026-03-09,ST032,SUP007,2026-03-07,2026-03-12,2026-03-12,135,127,0.9409,0,True,Chilled,Complete
PO000637,2026-03-09,ST032,SUP006,2026-03-07,2026-03-13,2026-03-13,305,288,0.9429,0,True,Ambient,Complete
PO000638,2026-03-09,ST032,SUP004,2026-03-07,2026-03-14,2026-03-14,99,93,0.9395,0,True,Ambient,Complete
PO000639,2026-03-09,ST032,SUP009,2026-03-07,2026-03-13,2026-03-13,96,94,0.9767,0,True,Ambient,Complete
PO000640,2026-03-09,ST033,SUP001,2026-03-07,2026-03-13,2026-03-13,181,173,0.9534,0,True,Ambient,Complete
PO000641,2026-03-09,ST033,SUP008,2026-03-07,2026-03-16,2026-03-16,102,101,0.9881,0,True,Ambient,Complete
PO000642,2026-03-09,ST033,SUP011,2026-03-07,2026-03-14,2026-03-15,95,90,0.9504,1,False,Ambient,Late
PO000643,2026-03-09,ST033,SUP002,2026-03-07,2026-03-12,2026-03-12,102,90,0.882,0,True,Chilled,Short
PO000644,2026-03-09,ST033,SUP006,2026-03-07,2026-03-13,2026-03-14,272,261,0.9589,1,False,Ambient,Late
PO000645,2026-03-09,ST033,SUP004,2026-03-07,2026-03-14,2026-03-14,133,119,0.892,0,True,Ambient,Short
PO000646,2026-03-09,ST033,SUP010,2026-03-07,2026-03-15,2026-03-15,196,180,0.9206,0,True,Ambient,Complete
PO000647,2026-03-09,ST033,SUP005,2026-03-07,2026-03-14,2026-03-14,264,244,0.9258,0,True,Ambient,Complete
PO000648,2026-03-09,ST033,SUP009,2026-03-07,2026-03-13,2026-03-13,140,140,1.0,0,True,Ambient,Complete
PO000649,2026-03-09,ST034,SUP001,2026-03-07,2026-03-13,2026-03-15,99,98,0.9926,2,False,Ambient,Late
PO000650,2026-03-09,ST034,SUP008,2026-03-07,2026-03-16,2026-03-16,259,255,0.9837,0,True,Ambient,Complete
PO000651,2026-03-09,ST034,SUP012,2026-03-07,2026-03-13,2026-03-13,198,196,0.9883,0,True,Ambient,Complete
PO000652,2026-03-09,ST034,SUP011,2026-03-07,2026-03-14,2026-03-14,187,180,0.964,0,True,Ambient,Complete
PO000653,2026-03-09,ST034,SUP007,2026-03-07,2026-03-12,2026-03-12,100,96,0.9632,0,True,Chilled,Complete
PO000654,2026-03-09,ST034,SUP006,2026-03-07,2026-03-13,2026-03-13,263,238,0.9051,0,True,Ambient,Complete
PO000655,2026-03-09,ST034,SUP003,2026-03-07,2026-03-13,2026-03-13,163,147,0.9004,0,True,Ambient,Complete
PO000656,2026-03-09,ST034,SUP010,2026-03-07,2026-03-15,2026-03-15,110,103,0.9329,0,True,Ambient,Complete
PO000657,2026-03-09,ST035,SUP008,2026-03-07,2026-03-16,2026-03-16,206,187,0.906,0,True,Ambient,Complete
PO000658,2026-03-09,ST035,SUP012,2026-03-07,2026-03-13,2026-03-13,112,98,0.8723,0,True,Ambient,Short
PO000659,2026-03-09,ST035,SUP006,2026-03-07,2026-03-13,2026-03-13,163,150,0.9179,0,True,Ambient,Complete
PO000660,2026-03-09,ST035,SUP005,2026-03-07,2026-03-14,2026-03-14,118,104,0.8818,0,True,Ambient,Short
PO000661,2026-03-09,ST035,SUP009,2026-03-07,2026-03-13,2026-03-13,259,253,0.9782,0,True,Ambient,Complete
PO000662,2026-03-09,ST036,SUP001,2026-03-07,2026-03-13,2026-03-13,191,183,0.9592,0,True,Ambient,Complete
PO000663,2026-03-09,ST036,SUP008,2026-03-07,2026-03-16,2026-03-16,276,242,0.8759,0,True,Ambient,Short
PO000664,2026-03-09,ST036,SUP011,2026-03-07,2026-03-14,2026-03-14,163,154,0.9453,0,True,Ambient,Complete
PO000665,2026-03-09,ST036,SUP006,2026-03-07,2026-03-13,2026-03-13,278,256,0.9192,0,True,Ambient,Complete
PO000666,2026-03-09,ST036,SUP003,2026-03-07,2026-03-13,2026-03-13,203,189,0.9295,0,True,Ambient,Complete
PO000667,2026-03-09,ST036,SUP004,2026-03-07,2026-03-14,2026-03-14,148,142,0.9573,0,True,Ambient,Complete
PO000668,2026-03-09,ST036,SUP005,2026-03-07,2026-03-14,2026-03-14,292,291,0.9966,0,True,Ambient,Complete
PO000669,2026-03-09,ST036,SUP009,2026-03-07,2026-03-13,2026-03-13,164,158,0.9661,0,True,Ambient,Complete
PO000670,2026-03-16,ST001,SUP001,2026-03-14,2026-03-20,2026-03-20,357,324,0.9083,0,True,Ambient,Complete
PO000671,2026-03-16,ST001,SUP008,2026-03-14,2026-03-23,2026-03-23,283,235,0.8313,0,True,Ambient,Short
PO000672,2026-03-16,ST001,SUP011,2026-03-14,2026-03-21,2026-03-21,251,218,0.8671,0,True,Ambient,Short
PO000673,2026-03-16,ST001,SUP007,2026-03-14,2026-03-19,2026-03-19,366,353,0.9649,0,True,Chilled,Complete
PO000674,2026-03-16,ST001,SUP006,2026-03-14,2026-03-20,2026-03-20,125,110,0.8764,0,True,Ambient,Short
PO000675,2026-03-16,ST001,SUP003,2026-03-14,2026-03-20,2026-03-20,298,261,0.8751,0,True,Ambient,Short
PO000676,2026-03-16,ST001,SUP004,2026-03-14,2026-03-21,2026-03-21,349,327,0.937,0,True,Ambient,Complete
PO000677,2026-03-16,ST001,SUP010,2026-03-14,2026-03-22,2026-03-22,241,241,1.0,0,True,Ambient,Complete
PO000678,2026-03-16,ST001,SUP005,2026-03-14,2026-03-21,2026-03-21,272,255,0.9389,0,True,Ambient,Complete
PO000679,2026-03-16,ST002,SUP002,2026-03-14,2026-03-19,2026-03-19,514,456,0.8863,0,True,Chilled,Short
PO000680,2026-03-16,ST002,SUP007,2026-03-14,2026-03-19,2026-03-19,494,457,0.9255,0,True,Chilled,Complete
PO000681,2026-03-16,ST002,SUP006,2026-03-14,2026-03-20,2026-03-20,471,461,0.9795,0,True,Ambient,Complete
PO000682,2026-03-16,ST002,SUP004,2026-03-14,2026-03-21,2026-03-21,500,463,0.9264,0,True,Ambient,Complete
PO000683,2026-03-16,ST002,SUP009,2026-03-14,2026-03-20,2026-03-20,323,323,1.0,0,True,Ambient,Complete
PO000684,2026-03-16,ST003,SUP001,2026-03-14,2026-03-20,2026-03-20,386,386,1.0,0,True,Ambient,Complete
PO000685,2026-03-16,ST003,SUP008,2026-03-14,2026-03-23,2026-03-23,214,214,1.0,0,True,Ambient,Complete
PO000686,2026-03-16,ST003,SUP003,2026-03-14,2026-03-20,2026-03-20,146,146,1.0,0,True,Ambient,Complete
PO000687,2026-03-16,ST003,SUP004,2026-03-14,2026-03-21,2026-03-21,464,420,0.9047,0,True,Ambient,Complete
PO000688,2026-03-16,ST003,SUP010,2026-03-14,2026-03-22,2026-03-22,225,205,0.9126,0,True,Ambient,Complete
PO000689,2026-03-16,ST003,SUP005,2026-03-14,2026-03-21,2026-03-21,170,144,0.8479,0,True,Ambient,Short
PO000690,2026-03-16,ST003,SUP009,2026-03-14,2026-03-20,2026-03-20,151,147,0.9737,0,True,Ambient,Complete
PO000691,2026-03-16,ST004,SUP001,2026-03-14,2026-03-20,2026-03-20,284,284,1.0,0,True,Ambient,Complete
PO000692,2026-03-16,ST004,SUP012,2026-03-14,2026-03-20,2026-03-20,461,439,0.9515,0,True,Ambient,Complete
PO000693,2026-03-16,ST004,SUP011,2026-03-14,2026-03-21,2026-03-21,539,515,0.9548,0,True,Ambient,Complete
PO000694,2026-03-16,ST004,SUP007,2026-03-14,2026-03-19,2026-03-19,433,414,0.9569,0,True,Chilled,Complete
PO000695,2026-03-16,ST004,SUP003,2026-03-14,2026-03-20,2026-03-21,203,188,0.9244,1,False,Ambient,Late
PO000696,2026-03-16,ST005,SUP008,2026-03-14,2026-03-23,2026-03-23,202,163,0.8059,0,True,Ambient,Short
PO000697,2026-03-16,ST005,SUP012,2026-03-14,2026-03-20,2026-03-20,463,457,0.9861,0,True,Ambient,Complete
PO000698,2026-03-16,ST005,SUP007,2026-03-14,2026-03-19,2026-03-19,316,289,0.9154,0,True,Chilled,Complete
PO000699,2026-03-16,ST005,SUP006,2026-03-14,2026-03-20,2026-03-20,259,246,0.9499,0,True,Ambient,Complete
PO000700,2026-03-16,ST005,SUP003,2026-03-14,2026-03-20,2026-03-20,284,273,0.9609,0,True,Ambient,Complete
PO000701,2026-03-16,ST005,SUP009,2026-03-14,2026-03-20,2026-03-20,415,378,0.9114,0,True,Ambient,Complete
PO000702,2026-03-16,ST006,SUP001,2026-03-14,2026-03-20,2026-03-20,156,156,1.0,0,True,Ambient,Complete
PO000703,2026-03-16,ST006,SUP008,2026-03-14,2026-03-23,2026-03-23,250,210,0.8399,0,True,Ambient,Short
PO000704,2026-03-16,ST006,SUP011,2026-03-14,2026-03-21,2026-03-21,516,459,0.8888,0,True,Ambient,Short
PO000705,2026-03-16,ST006,SUP002,2026-03-14,2026-03-19,2026-03-19,421,416,0.9874,0,True,Chilled,Complete
PO000706,2026-03-16,ST006,SUP007,2026-03-14,2026-03-19,2026-03-19,287,275,0.9582,0,True,Chilled,Complete
PO000707,2026-03-16,ST006,SUP009,2026-03-14,2026-03-20,2026-03-20,239,221,0.9233,0,True,Ambient,Complete
PO000708,2026-03-16,ST007,SUP001,2026-03-14,2026-03-20,2026-03-20,359,319,0.8887,0,True,Ambient,Short
PO000709,2026-03-16,ST007,SUP008,2026-03-14,2026-03-23,2026-03-23,341,309,0.9067,0,True,Ambient,Complete
PO000710,2026-03-16,ST007,SUP011,2026-03-14,2026-03-21,2026-03-21,461,434,0.9425,0,True,Ambient,Complete
PO000711,2026-03-16,ST007,SUP007,2026-03-14,2026-03-19,2026-03-19,513,512,0.9986,0,True,Chilled,Complete
PO000712,2026-03-16,ST007,SUP006,2026-03-14,2026-03-20,2026-03-20,184,163,0.8879,0,True,Ambient,Short
PO000713,2026-03-16,ST007,SUP003,2026-03-14,2026-03-20,2026-03-20,238,238,1.0,0,True,Ambient,Complete
PO000714,2026-03-16,ST007,SUP005,2026-03-14,2026-03-21,2026-03-24,275,265,0.9628,3,False,Ambient,Late
PO000715,2026-03-16,ST007,SUP009,2026-03-14,2026-03-20,2026-03-20,326,322,0.9868,0,True,Ambient,Complete
PO000716,2026-03-16,ST008,SUP012,2026-03-14,2026-03-20,2026-03-20,387,373,0.9633,0,True,Ambient,Complete
PO000717,2026-03-16,ST008,SUP011,2026-03-14,2026-03-21,2026-03-21,505,488,0.9656,0,True,Ambient,Complete
PO000718,2026-03-16,ST008,SUP002,2026-03-14,2026-03-19,2026-03-19,346,303,0.876,0,True,Chilled,Short
PO000719,2026-03-16,ST008,SUP006,2026-03-14,2026-03-20,2026-03-20,329,308,0.9353,0,True,Ambient,Complete
PO000720,2026-03-16,ST008,SUP004,2026-03-14,2026-03-21,2026-03-21,251,231,0.9186,0,True,Ambient,Complete
PO000721,2026-03-16,ST008,SUP009,2026-03-14,2026-03-20,2026-03-20,268,241,0.9006,0,True,Ambient,Complete
PO000722,2026-03-16,ST009,SUP011,2026-03-14,2026-03-21,2026-03-21,150,150,1.0,0,True,Ambient,Complete
PO000723,2026-03-16,ST009,SUP002,2026-03-14,2026-03-19,2026-03-19,311,270,0.8694,0,True,Chilled,Short
PO000724,2026-03-16,ST009,SUP007,2026-03-14,2026-03-19,2026-03-19,155,144,0.9307,0,True,Chilled,Complete
PO000725,2026-03-16,ST009,SUP006,2026-03-14,2026-03-20,2026-03-20,141,127,0.902,0,True,Ambient,Complete
PO000726,2026-03-16,ST009,SUP010,2026-03-14,2026-03-22,2026-03-22,159,150,0.9416,0,True,Ambient,Complete
PO000727,2026-03-16,ST009,SUP005,2026-03-14,2026-03-21,2026-03-21,237,223,0.9427,0,True,Ambient,Complete
PO000728,2026-03-16,ST009,SUP009,2026-03-14,2026-03-20,2026-03-20,242,223,0.9227,0,True,Ambient,Complete
PO000729,2026-03-16,ST010,SUP001,2026-03-14,2026-03-20,2026-03-20,289,265,0.9163,0,True,Ambient,Complete
PO000730,2026-03-16,ST010,SUP008,2026-03-14,2026-03-23,2026-03-24,456,379,0.8315,1,False,Ambient,Late / short
PO000731,2026-03-16,ST010,SUP011,2026-03-14,2026-03-21,2026-03-21,372,331,0.8911,0,True,Ambient,Short
PO000732,2026-03-16,ST010,SUP002,2026-03-14,2026-03-19,2026-03-19,271,252,0.9288,0,True,Chilled,Complete
PO000733,2026-03-16,ST010,SUP006,2026-03-14,2026-03-20,2026-03-20,426,390,0.9158,0,True,Ambient,Complete
PO000734,2026-03-16,ST010,SUP004,2026-03-14,2026-03-21,2026-03-21,331,310,0.9379,0,True,Ambient,Complete
PO000735,2026-03-16,ST011,SUP001,2026-03-14,2026-03-20,2026-03-20,326,289,0.8863,0,True,Ambient,Short
PO000736,2026-03-16,ST011,SUP012,2026-03-14,2026-03-20,2026-03-20,318,314,0.9873,0,True,Ambient,Complete
PO000737,2026-03-16,ST011,SUP002,2026-03-14,2026-03-19,2026-03-19,353,311,0.8801,0,True,Chilled,Short
PO000738,2026-03-16,ST011,SUP006,2026-03-14,2026-03-20,2026-03-20,419,419,1.0,0,True,Ambient,Complete
PO000739,2026-03-16,ST011,SUP003,2026-03-14,2026-03-20,2026-03-21,279,262,0.9379,1,False,Ambient,Late
PO000740,2026-03-16,ST011,SUP004,2026-03-14,2026-03-21,2026-03-23,322,319,0.99,2,False,Ambient,Late
PO000741,2026-03-16,ST011,SUP010,2026-03-14,2026-03-22,2026-03-25,266,240,0.9031,3,False,Ambient,Late
PO000742,2026-03-16,ST011,SUP009,2026-03-14,2026-03-20,2026-03-20,151,149,0.9839,0,True,Ambient,Complete
PO000743,2026-03-16,ST012,SUP001,2026-03-14,2026-03-20,2026-03-20,389,368,0.9472,0,True,Ambient,Complete
PO000744,2026-03-16,ST012,SUP006,2026-03-14,2026-03-20,2026-03-20,414,404,0.9758,0,True,Ambient,Complete
PO000745,2026-03-16,ST012,SUP005,2026-03-14,2026-03-21,2026-03-21,349,324,0.927,0,True,Ambient,Complete
PO000746,2026-03-16,ST013,SUP008,2026-03-14,2026-03-23,2026-03-23,233,192,0.8244,0,True,Ambient,Short
PO000747,2026-03-16,ST013,SUP012,2026-03-14,2026-03-20,2026-03-20,172,157,0.911,0,True,Ambient,Complete
PO000748,2026-03-16,ST013,SUP002,2026-03-14,2026-03-19,2026-03-19,114,114,1.0,0,True,Chilled,Complete
PO000749,2026-03-16,ST013,SUP004,2026-03-14,2026-03-21,2026-03-21,339,272,0.8014,0,True,Ambient,Short
PO000750,2026-03-16,ST014,SUP007,2026-03-14,2026-03-19,2026-03-19,240,234,0.9749,0,True,Chilled,Complete
PO000751,2026-03-16,ST014,SUP006,2026-03-14,2026-03-20,2026-03-20,185,161,0.8692,0,True,Ambient,Short
PO000752,2026-03-16,ST014,SUP004,2026-03-14,2026-03-21,2026-03-21,231,220,0.9533,0,True,Ambient,Complete
PO000753,2026-03-16,ST014,SUP010,2026-03-14,2026-03-22,2026-03-22,269,265,0.9854,0,True,Ambient,Complete
PO000754,2026-03-16,ST014,SUP005,2026-03-14,2026-03-21,2026-03-21,204,190,0.93,0,True,Ambient,Complete
PO000755,2026-03-16,ST014,SUP009,2026-03-14,2026-03-20,2026-03-20,392,392,1.0,0,True,Ambient,Complete
PO000756,2026-03-16,ST015,SUP001,2026-03-14,2026-03-20,2026-03-20,294,294,1.0,0,True,Ambient,Complete
PO000757,2026-03-16,ST015,SUP002,2026-03-14,2026-03-19,2026-03-19,261,222,0.8509,0,True,Chilled,Short
PO000758,2026-03-16,ST015,SUP004,2026-03-14,2026-03-21,2026-03-21,279,258,0.9243,0,True,Ambient,Complete
PO000759,2026-03-16,ST015,SUP005,2026-03-14,2026-03-21,2026-03-21,169,156,0.9227,0,True,Ambient,Complete
PO000760,2026-03-16,ST015,SUP009,2026-03-14,2026-03-20,2026-03-20,162,160,0.9889,0,True,Ambient,Complete
PO000761,2026-03-16,ST016,SUP001,2026-03-14,2026-03-20,2026-03-20,471,455,0.9671,0,True,Ambient,Complete
PO000762,2026-03-16,ST016,SUP008,2026-03-14,2026-03-23,2026-03-23,179,167,0.935,0,True,Ambient,Complete
PO000763,2026-03-16,ST016,SUP012,2026-03-14,2026-03-20,2026-03-20,443,443,1.0,0,True,Ambient,Complete
PO000764,2026-03-16,ST016,SUP002,2026-03-14,2026-03-19,2026-03-19,244,210,0.8601,0,True,Chilled,Short
PO000765,2026-03-16,ST016,SUP007,2026-03-14,2026-03-19,2026-03-19,422,397,0.9403,0,True,Chilled,Complete
PO000766,2026-03-16,ST016,SUP006,2026-03-14,2026-03-20,2026-03-20,341,321,0.9404,0,True,Ambient,Complete
PO000767,2026-03-16,ST016,SUP004,2026-03-14,2026-03-21,2026-03-21,236,230,0.9743,0,True,Ambient,Complete
PO000768,2026-03-16,ST016,SUP010,2026-03-14,2026-03-22,2026-03-22,280,274,0.9775,0,True,Ambient,Complete
PO000769,2026-03-16,ST016,SUP005,2026-03-14,2026-03-21,2026-03-21,341,298,0.8732,0,True,Ambient,Short
PO000770,2026-03-16,ST016,SUP009,2026-03-14,2026-03-20,2026-03-20,342,334,0.9761,0,True,Ambient,Complete
PO000771,2026-03-16,ST017,SUP012,2026-03-14,2026-03-20,2026-03-20,118,104,0.8849,0,True,Ambient,Short
PO000772,2026-03-16,ST017,SUP011,2026-03-14,2026-03-21,2026-03-21,215,192,0.8931,0,True,Ambient,Short
PO000773,2026-03-16,ST017,SUP007,2026-03-14,2026-03-19,2026-03-19,159,157,0.9882,0,True,Chilled,Complete
PO000774,2026-03-16,ST017,SUP006,2026-03-14,2026-03-20,2026-03-20,373,348,0.9327,0,True,Ambient,Complete
PO000775,2026-03-16,ST017,SUP003,2026-03-14,2026-03-20,2026-03-20,125,123,0.9803,0,True,Ambient,Complete
PO000776,2026-03-16,ST017,SUP004,2026-03-14,2026-03-21,2026-03-21,121,112,0.9286,0,True,Ambient,Complete
PO000777,2026-03-16,ST017,SUP009,2026-03-14,2026-03-20,2026-03-20,327,327,1.0,0,True,Ambient,Complete
PO000778,2026-03-16,ST018,SUP012,2026-03-14,2026-03-20,2026-03-20,363,346,0.9536,0,True,Ambient,Complete
PO000779,2026-03-16,ST018,SUP011,2026-03-14,2026-03-21,2026-03-21,272,223,0.8201,0,True,Ambient,Short
PO000780,2026-03-16,ST018,SUP007,2026-03-14,2026-03-19,2026-03-19,243,231,0.9488,0,True,Chilled,Complete
PO000781,2026-03-16,ST018,SUP006,2026-03-14,2026-03-20,2026-03-20,253,240,0.949,0,True,Ambient,Complete
PO000782,2026-03-16,ST018,SUP003,2026-03-14,2026-03-20,2026-03-20,400,395,0.9872,0,True,Ambient,Complete
PO000783,2026-03-16,ST018,SUP004,2026-03-14,2026-03-21,2026-03-21,230,214,0.9299,0,True,Ambient,Complete
PO000784,2026-03-16,ST018,SUP005,2026-03-14,2026-03-21,2026-03-21,392,355,0.9063,0,True,Ambient,Complete
PO000785,2026-03-16,ST018,SUP009,2026-03-14,2026-03-20,2026-03-20,194,191,0.9836,0,True,Ambient,Complete
PO000786,2026-03-16,ST019,SUP001,2026-03-14,2026-03-20,2026-03-20,198,198,1.0,0,True,Ambient,Complete
PO000787,2026-03-16,ST019,SUP007,2026-03-14,2026-03-19,2026-03-19,249,230,0.9219,0,True,Chilled,Complete
PO000788,2026-03-16,ST019,SUP006,2026-03-14,2026-03-20,2026-03-20,295,281,0.9536,0,True,Ambient,Complete
PO000789,2026-03-16,ST019,SUP003,2026-03-14,2026-03-20,2026-03-20,328,318,0.9681,0,True,Ambient,Complete
PO000790,2026-03-16,ST019,SUP004,2026-03-14,2026-03-21,2026-03-21,309,309,1.0,0,True,Ambient,Complete
PO000791,2026-03-16,ST019,SUP010,2026-03-14,2026-03-22,2026-03-22,335,323,0.9638,0,True,Ambient,Complete
PO000792,2026-03-16,ST020,SUP001,2026-03-14,2026-03-20,2026-03-20,204,194,0.9506,0,True,Ambient,Complete
PO000793,2026-03-16,ST020,SUP006,2026-03-14,2026-03-20,2026-03-20,178,172,0.9669,0,True,Ambient,Complete
PO000794,2026-03-16,ST020,SUP003,2026-03-14,2026-03-20,2026-03-20,328,302,0.9209,0,True,Ambient,Complete
PO000795,2026-03-16,ST020,SUP004,2026-03-14,2026-03-21,2026-03-23,275,261,0.9509,2,False,Ambient,Late
PO000796,2026-03-16,ST020,SUP005,2026-03-14,2026-03-21,2026-03-24,229,208,0.9067,3,False,Ambient,Late
PO000797,2026-03-16,ST021,SUP008,2026-03-14,2026-03-23,2026-03-23,180,166,0.9207,0,True,Ambient,Complete
PO000798,2026-03-16,ST021,SUP012,2026-03-14,2026-03-20,2026-03-20,417,399,0.9562,0,True,Ambient,Complete
PO000799,2026-03-16,ST021,SUP009,2026-03-14,2026-03-20,2026-03-20,227,218,0.9591,0,True,Ambient,Complete
PO000800,2026-03-16,ST022,SUP012,2026-03-14,2026-03-20,2026-03-20,184,181,0.985,0,True,Ambient,Complete
PO000801,2026-03-16,ST022,SUP007,2026-03-14,2026-03-19,2026-03-19,437,384,0.8789,0,True,Chilled,Short
PO000802,2026-03-16,ST022,SUP003,2026-03-14,2026-03-20,2026-03-20,358,353,0.9853,0,True,Ambient,Complete
PO000803,2026-03-16,ST022,SUP004,2026-03-14,2026-03-21,2026-03-21,179,170,0.9501,0,True,Ambient,Complete
PO000804,2026-03-16,ST022,SUP010,2026-03-14,2026-03-22,2026-03-22,252,249,0.9887,0,True,Ambient,Complete
PO000805,2026-03-16,ST022,SUP005,2026-03-14,2026-03-21,2026-03-21,421,384,0.9114,0,True,Ambient,Complete
PO000806,2026-03-16,ST023,SUP001,2026-03-14,2026-03-20,2026-03-20,314,308,0.9797,0,True,Ambient,Complete
PO000807,2026-03-16,ST023,SUP012,2026-03-14,2026-03-20,2026-03-20,307,277,0.9033,0,True,Ambient,Complete
PO000808,2026-03-16,ST023,SUP002,2026-03-14,2026-03-19,2026-03-21,200,189,0.9444,2,False,Chilled,Late
PO000809,2026-03-16,ST023,SUP007,2026-03-14,2026-03-19,2026-03-19,182,172,0.9439,0,True,Chilled,Complete
PO000810,2026-03-16,ST023,SUP006,2026-03-14,2026-03-20,2026-03-20,354,340,0.9603,0,True,Ambient,Complete
PO000811,2026-03-16,ST023,SUP003,2026-03-14,2026-03-20,2026-03-20,326,301,0.9236,0,True,Ambient,Complete
PO000812,2026-03-16,ST023,SUP009,2026-03-14,2026-03-20,2026-03-20,146,134,0.9156,0,True,Ambient,Complete
PO000813,2026-03-16,ST024,SUP001,2026-03-14,2026-03-20,2026-03-20,310,299,0.963,0,True,Ambient,Complete
PO000814,2026-03-16,ST024,SUP008,2026-03-14,2026-03-23,2026-03-23,165,147,0.8924,0,True,Ambient,Short
PO000815,2026-03-16,ST024,SUP011,2026-03-14,2026-03-21,2026-03-21,241,236,0.9784,0,True,Ambient,Complete
PO000816,2026-03-16,ST024,SUP006,2026-03-14,2026-03-20,2026-03-20,300,300,1.0,0,True,Ambient,Complete
PO000817,2026-03-16,ST024,SUP003,2026-03-14,2026-03-20,2026-03-23,145,138,0.9513,3,False,Ambient,Late
PO000818,2026-03-16,ST024,SUP010,2026-03-14,2026-03-22,2026-03-24,211,187,0.8882,2,False,Ambient,Late / short
PO000819,2026-03-16,ST024,SUP005,2026-03-14,2026-03-21,2026-03-21,143,135,0.9422,0,True,Ambient,Complete
PO000820,2026-03-16,ST025,SUP001,2026-03-14,2026-03-20,2026-03-20,188,176,0.938,0,True,Ambient,Complete
PO000821,2026-03-16,ST025,SUP012,2026-03-14,2026-03-20,2026-03-20,291,269,0.9232,0,True,Ambient,Complete
PO000822,2026-03-16,ST025,SUP004,2026-03-14,2026-03-21,2026-03-21,149,149,1.0,0,True,Ambient,Complete
PO000823,2026-03-16,ST025,SUP005,2026-03-14,2026-03-21,2026-03-21,182,182,1.0,0,True,Ambient,Complete
PO000824,2026-03-16,ST025,SUP009,2026-03-14,2026-03-20,2026-03-20,252,247,0.9815,0,True,Ambient,Complete
PO000825,2026-03-16,ST026,SUP008,2026-03-14,2026-03-23,2026-03-23,218,200,0.9181,0,True,Ambient,Complete
PO000826,2026-03-16,ST026,SUP012,2026-03-14,2026-03-20,2026-03-20,182,182,1.0,0,True,Ambient,Complete
PO000827,2026-03-16,ST026,SUP011,2026-03-14,2026-03-21,2026-03-21,286,258,0.902,0,True,Ambient,Complete
PO000828,2026-03-16,ST026,SUP002,2026-03-14,2026-03-19,2026-03-19,196,187,0.9565,0,True,Chilled,Complete
PO000829,2026-03-16,ST026,SUP004,2026-03-14,2026-03-21,2026-03-21,358,326,0.9097,0,True,Ambient,Complete
PO000830,2026-03-16,ST027,SUP011,2026-03-14,2026-03-21,2026-03-21,299,282,0.943,0,True,Ambient,Complete
PO000831,2026-03-16,ST027,SUP002,2026-03-14,2026-03-19,2026-03-19,199,196,0.9854,0,True,Chilled,Complete
PO000832,2026-03-16,ST027,SUP007,2026-03-14,2026-03-19,2026-03-19,182,164,0.9026,0,True,Chilled,Complete
PO000833,2026-03-16,ST027,SUP006,2026-03-14,2026-03-20,2026-03-20,117,111,0.9502,0,True,Ambient,Complete
PO000834,2026-03-16,ST027,SUP003,2026-03-14,2026-03-20,2026-03-20,301,286,0.9487,0,True,Ambient,Complete
PO000835,2026-03-16,ST027,SUP005,2026-03-14,2026-03-21,2026-03-21,177,164,0.9293,0,True,Ambient,Complete
PO000836,2026-03-16,ST027,SUP009,2026-03-14,2026-03-20,2026-03-20,133,133,1.0,0,True,Ambient,Complete
PO000837,2026-03-16,ST028,SUP001,2026-03-14,2026-03-20,2026-03-21,317,287,0.9042,1,False,Ambient,Late
PO000838,2026-03-16,ST028,SUP011,2026-03-14,2026-03-21,2026-03-21,287,273,0.9529,0,True,Ambient,Complete
PO000839,2026-03-16,ST028,SUP002,2026-03-14,2026-03-19,2026-03-19,213,205,0.9608,0,True,Chilled,Complete
PO000840,2026-03-16,ST028,SUP006,2026-03-14,2026-03-20,2026-03-20,308,284,0.9235,0,True,Ambient,Complete
PO000841,2026-03-16,ST028,SUP003,2026-03-14,2026-03-20,2026-03-20,249,227,0.9136,0,True,Ambient,Complete
PO000842,2026-03-16,ST028,SUP005,2026-03-14,2026-03-21,2026-03-21,274,231,0.8441,0,True,Ambient,Short
PO000843,2026-03-16,ST029,SUP001,2026-03-14,2026-03-20,2026-03-20,288,266,0.9242,0,True,Ambient,Complete
PO000844,2026-03-16,ST029,SUP008,2026-03-14,2026-03-23,2026-03-23,349,320,0.9167,0,True,Ambient,Complete
PO000845,2026-03-16,ST029,SUP012,2026-03-14,2026-03-20,2026-03-20,257,251,0.977,0,True,Ambient,Complete
PO000846,2026-03-16,ST029,SUP011,2026-03-14,2026-03-21,2026-03-21,277,236,0.8523,0,True,Ambient,Short
PO000847,2026-03-16,ST029,SUP002,2026-03-14,2026-03-19,2026-03-19,136,133,0.9765,0,True,Chilled,Complete
PO000848,2026-03-16,ST029,SUP007,2026-03-14,2026-03-19,2026-03-19,130,118,0.9057,0,True,Chilled,Complete
PO000849,2026-03-16,ST029,SUP006,2026-03-14,2026-03-20,2026-03-20,302,289,0.9556,0,True,Ambient,Complete
PO000850,2026-03-16,ST029,SUP004,2026-03-14,2026-03-21,2026-03-21,325,319,0.9814,0,True,Ambient,Complete
PO000851,2026-03-16,ST029,SUP005,2026-03-14,2026-03-21,2026-03-21,309,309,1.0,0,True,Ambient,Complete
PO000852,2026-03-16,ST029,SUP009,2026-03-14,2026-03-20,2026-03-20,204,204,0.9987,0,True,Ambient,Complete
PO000853,2026-03-16,ST030,SUP001,2026-03-14,2026-03-20,2026-03-20,195,181,0.9276,0,True,Ambient,Complete
PO000854,2026-03-16,ST030,SUP012,2026-03-14,2026-03-20,2026-03-20,361,358,0.9914,0,True,Ambient,Complete
PO000855,2026-03-16,ST030,SUP002,2026-03-14,2026-03-19,2026-03-19,165,157,0.9503,0,True,Chilled,Complete
PO000856,2026-03-16,ST030,SUP006,2026-03-14,2026-03-20,2026-03-20,295,295,1.0,0,True,Ambient,Complete
PO000857,2026-03-16,ST030,SUP004,2026-03-14,2026-03-21,2026-03-21,207,197,0.9541,0,True,Ambient,Complete
PO000858,2026-03-16,ST030,SUP010,2026-03-14,2026-03-22,2026-03-22,136,120,0.8818,0,True,Ambient,Short
PO000859,2026-03-16,ST030,SUP005,2026-03-14,2026-03-21,2026-03-21,123,121,0.9839,0,True,Ambient,Complete
PO000860,2026-03-16,ST030,SUP009,2026-03-14,2026-03-20,2026-03-20,293,291,0.9936,0,True,Ambient,Complete
PO000861,2026-03-16,ST031,SUP001,2026-03-14,2026-03-20,2026-03-20,269,261,0.971,0,True,Ambient,Complete
PO000862,2026-03-16,ST031,SUP008,2026-03-14,2026-03-23,2026-03-23,227,191,0.8431,0,True,Ambient,Short
PO000863,2026-03-16,ST031,SUP012,2026-03-14,2026-03-20,2026-03-20,170,160,0.9416,0,True,Ambient,Complete
PO000864,2026-03-16,ST031,SUP011,2026-03-14,2026-03-21,2026-03-21,191,182,0.9539,0,True,Ambient,Complete
PO000865,2026-03-16,ST031,SUP002,2026-03-14,2026-03-19,2026-03-21,158,153,0.967,2,False,Chilled,Late
PO000866,2026-03-16,ST031,SUP006,2026-03-14,2026-03-20,2026-03-20,254,213,0.8387,0,True,Ambient,Short
PO000867,2026-03-16,ST031,SUP004,2026-03-14,2026-03-21,2026-03-21,196,170,0.8671,0,True,Ambient,Short
PO000868,2026-03-16,ST031,SUP005,2026-03-14,2026-03-21,2026-03-21,146,140,0.9594,0,True,Ambient,Complete
PO000869,2026-03-16,ST032,SUP001,2026-03-14,2026-03-20,2026-03-20,255,251,0.9842,0,True,Ambient,Complete
PO000870,2026-03-16,ST032,SUP008,2026-03-14,2026-03-23,2026-03-23,283,239,0.8463,0,True,Ambient,Short
PO000871,2026-03-16,ST032,SUP012,2026-03-14,2026-03-20,2026-03-20,110,101,0.9189,0,True,Ambient,Complete
PO000872,2026-03-16,ST032,SUP006,2026-03-14,2026-03-20,2026-03-20,291,285,0.981,0,True,Ambient,Complete
PO000873,2026-03-16,ST032,SUP004,2026-03-14,2026-03-21,2026-03-21,267,257,0.961,0,True,Ambient,Complete
PO000874,2026-03-16,ST032,SUP010,2026-03-14,2026-03-22,2026-03-22,274,237,0.8641,0,True,Ambient,Short
PO000875,2026-03-16,ST032,SUP009,2026-03-14,2026-03-20,2026-03-20,294,284,0.9652,0,True,Ambient,Complete
PO000876,2026-03-16,ST033,SUP008,2026-03-14,2026-03-23,2026-03-23,251,219,0.8717,0,True,Ambient,Short
PO000877,2026-03-16,ST033,SUP012,2026-03-14,2026-03-20,2026-03-20,209,179,0.8587,0,True,Ambient,Short
PO000878,2026-03-16,ST033,SUP006,2026-03-14,2026-03-20,2026-03-20,235,222,0.945,0,True,Ambient,Complete
PO000879,2026-03-16,ST033,SUP004,2026-03-14,2026-03-21,2026-03-21,187,173,0.926,0,True,Ambient,Complete
PO000880,2026-03-16,ST034,SUP001,2026-03-14,2026-03-20,2026-03-20,248,232,0.9356,0,True,Ambient,Complete
PO000881,2026-03-16,ST034,SUP011,2026-03-14,2026-03-21,2026-03-21,275,249,0.9038,0,True,Ambient,Complete
PO000882,2026-03-16,ST034,SUP002,2026-03-14,2026-03-19,2026-03-19,227,192,0.8443,0,True,Chilled,Short
PO000883,2026-03-16,ST034,SUP003,2026-03-14,2026-03-20,2026-03-20,218,196,0.899,0,True,Ambient,Short
PO000884,2026-03-16,ST034,SUP010,2026-03-14,2026-03-22,2026-03-22,233,218,0.937,0,True,Ambient,Complete
PO000885,2026-03-16,ST034,SUP009,2026-03-14,2026-03-20,2026-03-20,226,221,0.978,0,True,Ambient,Complete
PO000886,2026-03-16,ST035,SUP008,2026-03-14,2026-03-23,2026-03-23,157,140,0.8906,0,True,Ambient,Short
PO000887,2026-03-16,ST035,SUP012,2026-03-14,2026-03-20,2026-03-20,184,170,0.9225,0,True,Ambient,Complete
PO000888,2026-03-16,ST035,SUP011,2026-03-14,2026-03-21,2026-03-21,177,169,0.9545,0,True,Ambient,Complete
PO000889,2026-03-16,ST035,SUP007,2026-03-14,2026-03-19,2026-03-19,180,174,0.9667,0,True,Chilled,Complete
PO000890,2026-03-16,ST035,SUP003,2026-03-14,2026-03-20,2026-03-20,116,110,0.9488,0,True,Ambient,Complete
PO000891,2026-03-16,ST035,SUP004,2026-03-14,2026-03-21,2026-03-22,148,148,1.0,1,False,Ambient,Late
PO000892,2026-03-16,ST035,SUP010,2026-03-14,2026-03-22,2026-03-25,104,87,0.8398,3,False,Ambient,Late / short
PO000893,2026-03-16,ST036,SUP001,2026-03-14,2026-03-20,2026-03-20,294,285,0.9709,0,True,Ambient,Complete
PO000894,2026-03-16,ST036,SUP007,2026-03-14,2026-03-19,2026-03-19,217,206,0.9498,0,True,Chilled,Complete
PO000895,2026-03-16,ST036,SUP006,2026-03-14,2026-03-20,2026-03-20,149,141,0.9475,0,True,Ambient,Complete
PO000896,2026-03-23,ST001,SUP001,2026-03-21,2026-03-27,2026-03-27,161,147,0.912,0,True,Ambient,Complete
PO000897,2026-03-23,ST001,SUP008,2026-03-21,2026-03-30,2026-03-30,196,176,0.8984,0,True,Ambient,Short
PO000898,2026-03-23,ST001,SUP012,2026-03-21,2026-03-27,2026-03-27,388,365,0.9408,0,True,Ambient,Complete
PO000899,2026-03-23,ST001,SUP011,2026-03-21,2026-03-28,2026-03-28,387,335,0.8652,0,True,Ambient,Short
PO000900,2026-03-23,ST001,SUP003,2026-03-21,2026-03-27,2026-03-27,343,299,0.8718,0,True,Ambient,Short
PO000901,2026-03-23,ST001,SUP009,2026-03-21,2026-03-27,2026-03-27,395,376,0.9512,0,True,Ambient,Complete
PO000902,2026-03-23,ST002,SUP007,2026-03-21,2026-03-26,2026-03-26,443,419,0.9448,0,True,Chilled,Complete
PO000903,2026-03-23,ST002,SUP003,2026-03-21,2026-03-27,2026-03-27,234,225,0.9602,0,True,Ambient,Complete
PO000904,2026-03-23,ST002,SUP010,2026-03-21,2026-03-29,2026-03-29,404,385,0.9519,0,True,Ambient,Complete
PO000905,2026-03-23,ST003,SUP001,2026-03-21,2026-03-27,2026-03-27,166,136,0.8182,0,True,Ambient,Short
PO000906,2026-03-23,ST003,SUP008,2026-03-21,2026-03-30,2026-03-30,465,422,0.9078,0,True,Ambient,Complete
PO000907,2026-03-23,ST003,SUP012,2026-03-21,2026-03-27,2026-03-27,438,373,0.8514,0,True,Ambient,Short
PO000908,2026-03-23,ST003,SUP003,2026-03-21,2026-03-27,2026-03-27,470,450,0.9584,0,True,Ambient,Complete
PO000909,2026-03-23,ST003,SUP004,2026-03-21,2026-03-28,2026-03-28,289,261,0.9019,0,True,Ambient,Complete
PO000910,2026-03-23,ST003,SUP009,2026-03-21,2026-03-27,2026-03-27,163,156,0.9563,0,True,Ambient,Complete
PO000911,2026-03-23,ST004,SUP001,2026-03-21,2026-03-27,2026-03-30,318,304,0.9566,3,False,Ambient,Late
PO000912,2026-03-23,ST004,SUP008,2026-03-21,2026-03-30,2026-03-30,215,198,0.9228,0,True,Ambient,Complete
PO000913,2026-03-23,ST004,SUP006,2026-03-21,2026-03-27,2026-03-27,391,381,0.9742,0,True,Ambient,Complete
PO000914,2026-03-23,ST004,SUP004,2026-03-21,2026-03-28,2026-03-28,160,151,0.9416,0,True,Ambient,Complete
PO000915,2026-03-23,ST004,SUP010,2026-03-21,2026-03-29,2026-03-29,247,216,0.874,0,True,Ambient,Short
PO000916,2026-03-23,ST004,SUP005,2026-03-21,2026-03-28,2026-03-28,227,195,0.8572,0,True,Ambient,Short
PO000917,2026-03-23,ST005,SUP008,2026-03-21,2026-03-30,2026-03-30,360,326,0.9047,0,True,Ambient,Complete
PO000918,2026-03-23,ST005,SUP011,2026-03-21,2026-03-28,2026-03-28,218,201,0.9226,0,True,Ambient,Complete
PO000919,2026-03-23,ST005,SUP005,2026-03-21,2026-03-28,2026-03-28,228,208,0.9139,0,True,Ambient,Complete
PO000920,2026-03-23,ST006,SUP001,2026-03-21,2026-03-27,2026-03-27,506,478,0.9437,0,True,Ambient,Complete
PO000921,2026-03-23,ST006,SUP007,2026-03-21,2026-03-26,2026-03-26,294,255,0.8666,0,True,Chilled,Short
PO000922,2026-03-23,ST006,SUP006,2026-03-21,2026-03-27,2026-03-27,518,518,1.0,0,True,Ambient,Complete
PO000923,2026-03-23,ST006,SUP003,2026-03-21,2026-03-27,2026-03-27,298,272,0.9119,0,True,Ambient,Complete
PO000924,2026-03-23,ST006,SUP010,2026-03-21,2026-03-29,2026-03-29,418,385,0.9201,0,True,Ambient,Complete
PO000925,2026-03-23,ST007,SUP001,2026-03-21,2026-03-27,2026-03-27,214,214,1.0,0,True,Ambient,Complete
PO000926,2026-03-23,ST007,SUP008,2026-03-21,2026-03-30,2026-03-30,263,243,0.9231,0,True,Ambient,Complete
PO000927,2026-03-23,ST007,SUP011,2026-03-21,2026-03-28,2026-03-28,417,408,0.9778,0,True,Ambient,Complete
PO000928,2026-03-23,ST007,SUP002,2026-03-21,2026-03-26,2026-03-26,375,350,0.9343,0,True,Chilled,Complete
PO000929,2026-03-23,ST007,SUP003,2026-03-21,2026-03-27,2026-03-27,193,173,0.8939,0,True,Ambient,Short
PO000930,2026-03-23,ST007,SUP004,2026-03-21,2026-03-28,2026-03-28,239,230,0.9643,0,True,Ambient,Complete
PO000931,2026-03-23,ST007,SUP005,2026-03-21,2026-03-28,2026-03-29,266,256,0.9638,1,False,Ambient,Late
PO000932,2026-03-23,ST007,SUP009,2026-03-21,2026-03-27,2026-03-27,411,406,0.9878,0,True,Ambient,Complete
PO000933,2026-03-23,ST008,SUP001,2026-03-21,2026-03-27,2026-03-27,284,243,0.8551,0,True,Ambient,Short
PO000934,2026-03-23,ST008,SUP008,2026-03-21,2026-03-30,2026-03-30,187,187,1.0,0,True,Ambient,Complete
PO000935,2026-03-23,ST008,SUP012,2026-03-21,2026-03-27,2026-03-27,346,346,1.0,0,True,Ambient,Complete
PO000936,2026-03-23,ST008,SUP006,2026-03-21,2026-03-27,2026-03-27,445,407,0.9135,0,True,Ambient,Complete
PO000937,2026-03-23,ST008,SUP004,2026-03-21,2026-03-28,2026-03-28,352,333,0.9454,0,True,Ambient,Complete
PO000938,2026-03-23,ST008,SUP005,2026-03-21,2026-03-28,2026-03-28,331,304,0.9189,0,True,Ambient,Complete
PO000939,2026-03-23,ST009,SUP008,2026-03-21,2026-03-30,2026-03-30,452,410,0.9077,0,True,Ambient,Complete
PO000940,2026-03-23,ST009,SUP012,2026-03-21,2026-03-27,2026-03-27,276,271,0.9837,0,True,Ambient,Complete
PO000941,2026-03-23,ST009,SUP011,2026-03-21,2026-03-28,2026-03-28,155,143,0.9213,0,True,Ambient,Complete
PO000942,2026-03-23,ST009,SUP007,2026-03-21,2026-03-26,2026-03-26,413,374,0.9061,0,True,Chilled,Complete
PO000943,2026-03-23,ST009,SUP003,2026-03-21,2026-03-27,2026-03-27,331,331,1.0,0,True,Ambient,Complete
PO000944,2026-03-23,ST009,SUP010,2026-03-21,2026-03-29,2026-03-31,201,167,0.831,2,False,Ambient,Late / short
PO000945,2026-03-23,ST010,SUP008,2026-03-21,2026-03-30,2026-03-30,302,262,0.8666,0,True,Ambient,Short
PO000946,2026-03-23,ST010,SUP011,2026-03-21,2026-03-28,2026-03-28,248,237,0.955,0,True,Ambient,Complete
PO000947,2026-03-23,ST010,SUP006,2026-03-21,2026-03-27,2026-03-27,299,288,0.9619,0,True,Ambient,Complete
PO000948,2026-03-23,ST010,SUP003,2026-03-21,2026-03-27,2026-03-27,300,273,0.9085,0,True,Ambient,Complete
PO000949,2026-03-23,ST010,SUP005,2026-03-21,2026-03-28,2026-03-28,163,154,0.9455,0,True,Ambient,Complete
PO000950,2026-03-23,ST011,SUP012,2026-03-21,2026-03-27,2026-03-27,201,190,0.9429,0,True,Ambient,Complete
PO000951,2026-03-23,ST011,SUP002,2026-03-21,2026-03-26,2026-03-26,208,189,0.9079,0,True,Chilled,Complete
PO000952,2026-03-23,ST011,SUP006,2026-03-21,2026-03-27,2026-03-27,134,121,0.9026,0,True,Ambient,Complete
PO000953,2026-03-23,ST011,SUP005,2026-03-21,2026-03-28,2026-03-29,370,341,0.9207,1,False,Ambient,Late
PO000954,2026-03-23,ST011,SUP009,2026-03-21,2026-03-27,2026-03-27,233,210,0.8992,0,True,Ambient,Short
PO000955,2026-03-23,ST012,SUP012,2026-03-21,2026-03-27,2026-03-27,209,192,0.9194,0,True,Ambient,Complete
PO000956,2026-03-23,ST012,SUP006,2026-03-21,2026-03-27,2026-03-29,266,266,1.0,2,False,Ambient,Late
PO000957,2026-03-23,ST012,SUP003,2026-03-21,2026-03-27,2026-03-27,278,248,0.8929,0,True,Ambient,Short
PO000958,2026-03-23,ST012,SUP010,2026-03-21,2026-03-29,2026-03-29,448,423,0.9446,0,True,Ambient,Complete
PO000959,2026-03-23,ST012,SUP005,2026-03-21,2026-03-28,2026-03-28,194,170,0.8777,0,True,Ambient,Short
PO000960,2026-03-23,ST013,SUP001,2026-03-21,2026-03-27,2026-03-27,380,380,1.0,0,True,Ambient,Complete
PO000961,2026-03-23,ST013,SUP012,2026-03-21,2026-03-27,2026-03-27,116,107,0.9195,0,True,Ambient,Complete
PO000962,2026-03-23,ST013,SUP011,2026-03-21,2026-03-28,2026-03-28,373,372,0.9962,0,True,Ambient,Complete
PO000963,2026-03-23,ST013,SUP002,2026-03-21,2026-03-26,2026-03-26,242,234,0.9649,0,True,Chilled,Complete
PO000964,2026-03-23,ST013,SUP006,2026-03-21,2026-03-27,2026-03-27,337,329,0.977,0,True,Ambient,Complete
PO000965,2026-03-23,ST013,SUP004,2026-03-21,2026-03-28,2026-03-28,128,121,0.9485,0,True,Ambient,Complete
PO000966,2026-03-23,ST013,SUP010,2026-03-21,2026-03-29,2026-04-01,277,257,0.927,3,False,Ambient,Late
PO000967,2026-03-23,ST013,SUP005,2026-03-21,2026-03-28,2026-03-28,281,255,0.906,0,True,Ambient,Complete
PO000968,2026-03-23,ST014,SUP012,2026-03-21,2026-03-27,2026-03-27,155,153,0.9843,0,True,Ambient,Complete
PO000969,2026-03-23,ST014,SUP002,2026-03-21,2026-03-26,2026-03-26,153,137,0.8944,0,True,Chilled,Short
PO000970,2026-03-23,ST014,SUP007,2026-03-21,2026-03-26,2026-03-26,208,194,0.9345,0,True,Chilled,Complete
PO000971,2026-03-23,ST014,SUP003,2026-03-21,2026-03-27,2026-03-28,197,169,0.8589,1,False,Ambient,Late / short
PO000972,2026-03-23,ST015,SUP001,2026-03-21,2026-03-27,2026-03-27,228,197,0.8655,0,True,Ambient,Short
PO000973,2026-03-23,ST015,SUP012,2026-03-21,2026-03-27,2026-03-27,182,178,0.979,0,True,Ambient,Complete
PO000974,2026-03-23,ST015,SUP002,2026-03-21,2026-03-26,2026-03-27,314,299,0.9514,1,False,Chilled,Late
PO000975,2026-03-23,ST015,SUP007,2026-03-21,2026-03-26,2026-03-26,330,287,0.8699,0,True,Chilled,Short
PO000976,2026-03-23,ST015,SUP006,2026-03-21,2026-03-27,2026-03-27,317,278,0.8778,0,True,Ambient,Short
PO000977,2026-03-23,ST015,SUP003,2026-03-21,2026-03-27,2026-03-29,141,134,0.948,2,False,Ambient,Late
PO000978,2026-03-23,ST015,SUP010,2026-03-21,2026-03-29,2026-03-30,157,145,0.9236,1,False,Ambient,Late
PO000979,2026-03-23,ST016,SUP008,2026-03-21,2026-03-30,2026-03-31,208,193,0.9285,1,False,Ambient,Late
PO000980,2026-03-23,ST016,SUP012,2026-03-21,2026-03-27,2026-03-27,372,337,0.9055,0,True,Ambient,Complete
PO000981,2026-03-23,ST016,SUP002,2026-03-21,2026-03-26,2026-03-26,209,182,0.8708,0,True,Chilled,Short
PO000982,2026-03-23,ST016,SUP006,2026-03-21,2026-03-27,2026-03-27,288,275,0.9562,0,True,Ambient,Complete
PO000983,2026-03-23,ST016,SUP003,2026-03-21,2026-03-27,2026-03-27,188,178,0.9453,0,True,Ambient,Complete
PO000984,2026-03-23,ST016,SUP010,2026-03-21,2026-03-29,2026-03-29,445,361,0.8115,0,True,Ambient,Short
PO000985,2026-03-23,ST016,SUP005,2026-03-21,2026-03-28,2026-03-31,350,341,0.9734,3,False,Ambient,Late
PO000986,2026-03-23,ST016,SUP009,2026-03-21,2026-03-27,2026-03-27,495,466,0.942,0,True,Ambient,Complete
PO000987,2026-03-23,ST017,SUP008,2026-03-21,2026-03-30,2026-03-30,263,240,0.9125,0,True,Ambient,Complete
PO000988,2026-03-23,ST017,SUP007,2026-03-21,2026-03-26,2026-03-26,145,126,0.8704,0,True,Chilled,Short
PO000989,2026-03-23,ST017,SUP004,2026-03-21,2026-03-28,2026-03-28,183,183,1.0,0,True,Ambient,Complete
PO000990,2026-03-23,ST017,SUP010,2026-03-21,2026-03-29,2026-03-29,331,290,0.8758,0,True,Ambient,Short
PO000991,2026-03-23,ST017,SUP005,2026-03-21,2026-03-28,2026-03-28,372,343,0.9209,0,True,Ambient,Complete
PO000992,2026-03-23,ST018,SUP001,2026-03-21,2026-03-27,2026-03-27,163,163,1.0,0,True,Ambient,Complete
PO000993,2026-03-23,ST018,SUP011,2026-03-21,2026-03-28,2026-03-28,203,179,0.8824,0,True,Ambient,Short
PO000994,2026-03-23,ST018,SUP002,2026-03-21,2026-03-26,2026-03-26,276,269,0.9745,0,True,Chilled,Complete
PO000995,2026-03-23,ST018,SUP007,2026-03-21,2026-03-26,2026-03-26,122,122,0.9961,0,True,Chilled,Complete
PO000996,2026-03-23,ST018,SUP006,2026-03-21,2026-03-27,2026-03-27,266,266,1.0,0,True,Ambient,Complete
PO000997,2026-03-23,ST018,SUP010,2026-03-21,2026-03-29,2026-03-29,310,304,0.981,0,True,Ambient,Complete
PO000998,2026-03-23,ST018,SUP009,2026-03-21,2026-03-27,2026-03-27,320,301,0.9418,0,True,Ambient,Complete
PO000999,2026-03-23,ST019,SUP001,2026-03-21,2026-03-27,2026-03-27,433,402,0.9284,0,True,Ambient,Complete
PO001000,2026-03-23,ST019,SUP008,2026-03-21,2026-03-30,2026-03-30,291,262,0.8996,0,True,Ambient,Short
PO001001,2026-03-23,ST019,SUP012,2026-03-21,2026-03-27,2026-03-27,160,160,1.0,0,True,Ambient,Complete
PO001002,2026-03-23,ST019,SUP011,2026-03-21,2026-03-28,2026-03-28,295,259,0.8788,0,True,Ambient,Short
PO001003,2026-03-23,ST019,SUP003,2026-03-21,2026-03-27,2026-03-27,166,165,0.9919,0,True,Ambient,Complete
PO001004,2026-03-23,ST019,SUP009,2026-03-21,2026-03-27,2026-03-27,363,311,0.8573,0,True,Ambient,Short
PO001005,2026-03-23,ST020,SUP008,2026-03-21,2026-03-30,2026-03-30,137,136,0.9923,0,True,Ambient,Complete
PO001006,2026-03-23,ST020,SUP012,2026-03-21,2026-03-27,2026-03-27,110,103,0.9338,0,True,Ambient,Complete
PO001007,2026-03-23,ST020,SUP003,2026-03-21,2026-03-27,2026-03-27,153,148,0.9653,0,True,Ambient,Complete
PO001008,2026-03-23,ST020,SUP009,2026-03-21,2026-03-27,2026-03-27,110,108,0.9822,0,True,Ambient,Complete
PO001009,2026-03-23,ST021,SUP012,2026-03-21,2026-03-27,2026-03-27,422,380,0.9001,0,True,Ambient,Complete
PO001010,2026-03-23,ST021,SUP006,2026-03-21,2026-03-27,2026-03-27,473,449,0.949,0,True,Ambient,Complete
PO001011,2026-03-23,ST021,SUP003,2026-03-21,2026-03-27,2026-03-27,181,164,0.9081,0,True,Ambient,Complete
PO001012,2026-03-23,ST021,SUP004,2026-03-21,2026-03-28,2026-03-28,326,293,0.8989,0,True,Ambient,Short
PO001013,2026-03-23,ST021,SUP010,2026-03-21,2026-03-29,2026-03-29,194,181,0.935,0,True,Ambient,Complete
PO001014,2026-03-23,ST021,SUP005,2026-03-21,2026-03-28,2026-03-28,359,336,0.9361,0,True,Ambient,Complete
PO001015,2026-03-23,ST021,SUP009,2026-03-21,2026-03-27,2026-03-27,425,391,0.9208,0,True,Ambient,Complete
PO001016,2026-03-23,ST022,SUP001,2026-03-21,2026-03-27,2026-03-27,432,432,1.0,0,True,Ambient,Complete
PO001017,2026-03-23,ST022,SUP008,2026-03-21,2026-03-30,2026-03-30,167,167,1.0,0,True,Ambient,Complete
PO001018,2026-03-23,ST022,SUP011,2026-03-21,2026-03-28,2026-03-28,418,393,0.9391,0,True,Ambient,Complete
PO001019,2026-03-23,ST022,SUP002,2026-03-21,2026-03-26,2026-03-26,359,359,1.0,0,True,Chilled,Complete
PO001020,2026-03-23,ST022,SUP007,2026-03-21,2026-03-26,2026-03-26,179,158,0.8842,0,True,Chilled,Short
PO001021,2026-03-23,ST022,SUP006,2026-03-21,2026-03-27,2026-03-27,466,433,0.9288,0,True,Ambient,Complete
PO001022,2026-03-23,ST022,SUP005,2026-03-21,2026-03-28,2026-03-28,456,426,0.9343,0,True,Ambient,Complete
PO001023,2026-03-23,ST022,SUP009,2026-03-21,2026-03-27,2026-03-27,385,356,0.9236,0,True,Ambient,Complete
PO001024,2026-03-23,ST023,SUP004,2026-03-21,2026-03-28,2026-03-28,368,308,0.8369,0,True,Ambient,Short
PO001025,2026-03-23,ST023,SUP009,2026-03-21,2026-03-27,2026-03-27,302,287,0.9487,0,True,Ambient,Complete
PO001026,2026-03-23,ST024,SUP004,2026-03-21,2026-03-28,2026-03-28,160,148,0.9244,0,True,Ambient,Complete
PO001027,2026-03-23,ST024,SUP010,2026-03-21,2026-03-29,2026-03-29,166,163,0.9798,0,True,Ambient,Complete
PO001028,2026-03-23,ST024,SUP005,2026-03-21,2026-03-28,2026-03-31,146,139,0.9503,3,False,Ambient,Late
PO001029,2026-03-23,ST025,SUP008,2026-03-21,2026-03-30,2026-03-30,338,307,0.9084,0,True,Ambient,Complete
PO001030,2026-03-23,ST025,SUP012,2026-03-21,2026-03-27,2026-03-27,227,227,1.0,0,True,Ambient,Complete
PO001031,2026-03-23,ST025,SUP011,2026-03-21,2026-03-28,2026-03-28,148,135,0.9145,0,True,Ambient,Complete
PO001032,2026-03-23,ST025,SUP002,2026-03-21,2026-03-26,2026-03-26,224,209,0.9313,0,True,Chilled,Complete
PO001033,2026-03-23,ST025,SUP007,2026-03-21,2026-03-26,2026-03-26,389,363,0.9337,0,True,Chilled,Complete
PO001034,2026-03-23,ST025,SUP003,2026-03-21,2026-03-27,2026-03-27,158,146,0.9272,0,True,Ambient,Complete
PO001035,2026-03-23,ST026,SUP001,2026-03-21,2026-03-27,2026-03-27,303,281,0.9266,0,True,Ambient,Complete
PO001036,2026-03-23,ST026,SUP012,2026-03-21,2026-03-27,2026-03-27,228,219,0.9585,0,True,Ambient,Complete
PO001037,2026-03-23,ST026,SUP010,2026-03-21,2026-03-29,2026-03-29,268,255,0.9509,0,True,Ambient,Complete
PO001038,2026-03-23,ST026,SUP005,2026-03-21,2026-03-28,2026-03-28,219,200,0.9119,0,True,Ambient,Complete
PO001039,2026-03-23,ST026,SUP009,2026-03-21,2026-03-27,2026-03-27,183,183,1.0,0,True,Ambient,Complete
PO001040,2026-03-23,ST027,SUP006,2026-03-21,2026-03-27,2026-03-27,303,303,1.0,0,True,Ambient,Complete
PO001041,2026-03-23,ST027,SUP004,2026-03-21,2026-03-28,2026-03-28,126,118,0.9367,0,True,Ambient,Complete
PO001042,2026-03-23,ST027,SUP010,2026-03-21,2026-03-29,2026-03-29,139,130,0.9317,0,True,Ambient,Complete
PO001043,2026-03-23,ST027,SUP009,2026-03-21,2026-03-27,2026-03-27,165,156,0.9468,0,True,Ambient,Complete
PO001044,2026-03-23,ST028,SUP001,2026-03-21,2026-03-27,2026-03-27,312,288,0.9246,0,True,Ambient,Complete
PO001045,2026-03-23,ST028,SUP012,2026-03-21,2026-03-27,2026-03-27,306,291,0.9507,0,True,Ambient,Complete
PO001046,2026-03-23,ST028,SUP006,2026-03-21,2026-03-27,2026-03-27,109,93,0.851,0,True,Ambient,Short
PO001047,2026-03-23,ST028,SUP004,2026-03-21,2026-03-28,2026-03-28,267,250,0.9372,0,True,Ambient,Complete
PO001048,2026-03-23,ST028,SUP010,2026-03-21,2026-03-29,2026-03-29,277,254,0.9187,0,True,Ambient,Complete
PO001049,2026-03-23,ST028,SUP009,2026-03-21,2026-03-27,2026-03-27,294,290,0.988,0,True,Ambient,Complete
PO001050,2026-03-23,ST029,SUP012,2026-03-21,2026-03-27,2026-03-27,319,309,0.9675,0,True,Ambient,Complete
PO001051,2026-03-23,ST029,SUP007,2026-03-21,2026-03-26,2026-03-26,263,263,1.0,0,True,Chilled,Complete
PO001052,2026-03-23,ST029,SUP006,2026-03-21,2026-03-27,2026-03-27,318,311,0.9775,0,True,Ambient,Complete
PO001053,2026-03-23,ST029,SUP003,2026-03-21,2026-03-27,2026-03-27,182,178,0.9806,0,True,Ambient,Complete
PO001054,2026-03-23,ST029,SUP010,2026-03-21,2026-03-29,2026-03-29,113,99,0.8785,0,True,Ambient,Short
PO001055,2026-03-23,ST030,SUP001,2026-03-21,2026-03-27,2026-03-27,179,155,0.8658,0,True,Ambient,Short
PO001056,2026-03-23,ST030,SUP008,2026-03-21,2026-03-30,2026-03-30,160,138,0.8635,0,True,Ambient,Short
PO001057,2026-03-23,ST030,SUP007,2026-03-21,2026-03-26,2026-03-26,173,159,0.9214,0,True,Chilled,Complete
PO001058,2026-03-23,ST030,SUP006,2026-03-21,2026-03-27,2026-03-27,132,119,0.9004,0,True,Ambient,Complete
PO001059,2026-03-23,ST030,SUP004,2026-03-21,2026-03-28,2026-03-28,315,283,0.8996,0,True,Ambient,Short
PO001060,2026-03-23,ST030,SUP005,2026-03-21,2026-03-28,2026-03-28,182,179,0.9852,0,True,Ambient,Complete
PO001061,2026-03-23,ST031,SUP001,2026-03-21,2026-03-27,2026-03-27,231,231,1.0,0,True,Ambient,Complete
PO001062,2026-03-23,ST031,SUP002,2026-03-21,2026-03-26,2026-03-26,268,250,0.9334,0,True,Chilled,Complete
PO001063,2026-03-23,ST031,SUP007,2026-03-21,2026-03-26,2026-03-26,197,192,0.9724,0,True,Chilled,Complete
PO001064,2026-03-23,ST031,SUP010,2026-03-21,2026-03-29,2026-04-01,204,191,0.9374,3,False,Ambient,Late
PO001065,2026-03-23,ST031,SUP005,2026-03-21,2026-03-28,2026-03-28,168,163,0.9684,0,True,Ambient,Complete
PO001066,2026-03-23,ST032,SUP001,2026-03-21,2026-03-27,2026-03-27,124,114,0.9177,0,True,Ambient,Complete
PO001067,2026-03-23,ST032,SUP012,2026-03-21,2026-03-27,2026-03-27,128,125,0.9791,0,True,Ambient,Complete
PO001068,2026-03-23,ST032,SUP011,2026-03-21,2026-03-28,2026-03-28,185,169,0.9111,0,True,Ambient,Complete
PO001069,2026-03-23,ST032,SUP002,2026-03-21,2026-03-26,2026-03-26,308,279,0.9046,0,True,Chilled,Complete
PO001070,2026-03-23,ST032,SUP007,2026-03-21,2026-03-26,2026-03-26,198,174,0.8777,0,True,Chilled,Short
PO001071,2026-03-23,ST032,SUP006,2026-03-21,2026-03-27,2026-03-27,179,159,0.8894,0,True,Ambient,Short
PO001072,2026-03-23,ST032,SUP003,2026-03-21,2026-03-27,2026-03-27,103,99,0.965,0,True,Ambient,Complete
PO001073,2026-03-23,ST032,SUP004,2026-03-21,2026-03-28,2026-03-28,264,250,0.9481,0,True,Ambient,Complete
PO001074,2026-03-23,ST032,SUP010,2026-03-21,2026-03-29,2026-03-29,107,101,0.9437,0,True,Ambient,Complete
PO001075,2026-03-23,ST032,SUP009,2026-03-21,2026-03-27,2026-03-27,160,160,1.0,0,True,Ambient,Complete
PO001076,2026-03-23,ST033,SUP008,2026-03-21,2026-03-30,2026-03-30,170,152,0.8919,0,True,Ambient,Short
PO001077,2026-03-23,ST033,SUP011,2026-03-21,2026-03-28,2026-03-28,222,206,0.9297,0,True,Ambient,Complete
PO001078,2026-03-23,ST033,SUP007,2026-03-21,2026-03-26,2026-03-26,168,151,0.8967,0,True,Chilled,Short
PO001079,2026-03-23,ST033,SUP004,2026-03-21,2026-03-28,2026-03-28,280,280,1.0,0,True,Ambient,Complete
PO001080,2026-03-23,ST033,SUP010,2026-03-21,2026-03-29,2026-03-29,190,153,0.8077,0,True,Ambient,Short
PO001081,2026-03-23,ST034,SUP011,2026-03-21,2026-03-28,2026-03-28,225,222,0.9881,0,True,Ambient,Complete
PO001082,2026-03-23,ST034,SUP002,2026-03-21,2026-03-26,2026-03-26,124,105,0.8493,0,True,Chilled,Short
PO001083,2026-03-23,ST034,SUP006,2026-03-21,2026-03-27,2026-03-27,169,153,0.9053,0,True,Ambient,Complete
PO001084,2026-03-23,ST034,SUP010,2026-03-21,2026-03-29,2026-03-31,145,132,0.91,2,False,Ambient,Late
PO001085,2026-03-23,ST034,SUP005,2026-03-21,2026-03-28,2026-03-28,256,240,0.939,0,True,Ambient,Complete
PO001086,2026-03-23,ST035,SUP001,2026-03-21,2026-03-27,2026-03-27,120,110,0.9168,0,True,Ambient,Complete
PO001087,2026-03-23,ST035,SUP012,2026-03-21,2026-03-27,2026-03-27,105,105,1.0,0,True,Ambient,Complete
PO001088,2026-03-23,ST035,SUP007,2026-03-21,2026-03-26,2026-03-26,242,232,0.9571,0,True,Chilled,Complete
PO001089,2026-03-23,ST035,SUP006,2026-03-21,2026-03-27,2026-03-27,148,134,0.9088,0,True,Ambient,Complete
PO001090,2026-03-23,ST035,SUP009,2026-03-21,2026-03-27,2026-03-27,345,331,0.9589,0,True,Ambient,Complete
PO001091,2026-03-23,ST036,SUP001,2026-03-21,2026-03-27,2026-03-27,312,289,0.9276,0,True,Ambient,Complete
PO001092,2026-03-23,ST036,SUP008,2026-03-21,2026-03-30,2026-03-30,164,152,0.9244,0,True,Ambient,Complete
PO001093,2026-03-23,ST036,SUP007,2026-03-21,2026-03-26,2026-03-26,280,257,0.9187,0,True,Chilled,Complete
PO001094,2026-03-23,ST036,SUP006,2026-03-21,2026-03-27,2026-03-27,258,255,0.9869,0,True,Ambient,Complete
PO001095,2026-03-23,ST036,SUP003,2026-03-21,2026-03-27,2026-03-27,159,159,1.0,0,True,Ambient,Complete
PO001096,2026-03-30,ST001,SUP006,2026-03-28,2026-04-03,2026-04-05,356,333,0.9367,2,False,Ambient,Late
PO001097,2026-03-30,ST001,SUP003,2026-03-28,2026-04-03,2026-04-03,336,336,1.0,0,True,Ambient,Complete
PO001098,2026-03-30,ST001,SUP009,2026-03-28,2026-04-03,2026-04-03,140,135,0.9651,0,True,Ambient,Complete
PO001099,2026-03-30,ST002,SUP008,2026-03-28,2026-04-06,2026-04-06,359,323,0.9001,0,True,Ambient,Complete
PO001100,2026-03-30,ST002,SUP012,2026-03-28,2026-04-03,2026-04-03,396,371,0.9372,0,True,Ambient,Complete
PO001101,2026-03-30,ST002,SUP007,2026-03-28,2026-04-02,2026-04-05,244,227,0.9307,3,False,Chilled,Late
PO001102,2026-03-30,ST002,SUP004,2026-03-28,2026-04-04,2026-04-04,401,369,0.9194,0,True,Ambient,Complete
PO001103,2026-03-30,ST003,SUP008,2026-03-28,2026-04-06,2026-04-06,339,320,0.9439,0,True,Ambient,Complete
PO001104,2026-03-30,ST003,SUP002,2026-03-28,2026-04-02,2026-04-04,384,336,0.8753,2,False,Chilled,Late / short
PO001105,2026-03-30,ST003,SUP003,2026-03-28,2026-04-03,2026-04-03,319,310,0.9709,0,True,Ambient,Complete
PO001106,2026-03-30,ST003,SUP005,2026-03-28,2026-04-04,2026-04-04,468,439,0.9371,0,True,Ambient,Complete
PO001107,2026-03-30,ST003,SUP009,2026-03-28,2026-04-03,2026-04-06,171,156,0.9138,3,False,Ambient,Late
PO001108,2026-03-30,ST004,SUP012,2026-03-28,2026-04-03,2026-04-03,425,401,0.9436,0,True,Ambient,Complete
PO001109,2026-03-30,ST004,SUP011,2026-03-28,2026-04-04,2026-04-04,221,202,0.915,0,True,Ambient,Complete
PO001110,2026-03-30,ST004,SUP007,2026-03-28,2026-04-02,2026-04-02,528,522,0.9883,0,True,Chilled,Complete
PO001111,2026-03-30,ST004,SUP006,2026-03-28,2026-04-03,2026-04-03,382,353,0.9243,0,True,Ambient,Complete
PO001112,2026-03-30,ST004,SUP009,2026-03-28,2026-04-03,2026-04-03,490,480,0.9799,0,True,Ambient,Complete
PO001113,2026-03-30,ST005,SUP001,2026-03-28,2026-04-03,2026-04-03,213,183,0.8574,0,True,Ambient,Short
PO001114,2026-03-30,ST005,SUP011,2026-03-28,2026-04-04,2026-04-04,301,299,0.9923,0,True,Ambient,Complete
PO001115,2026-03-30,ST005,SUP003,2026-03-28,2026-04-03,2026-04-03,363,345,0.9504,0,True,Ambient,Complete
PO001116,2026-03-30,ST005,SUP010,2026-03-28,2026-04-05,2026-04-05,165,155,0.9422,0,True,Ambient,Complete
PO001117,2026-03-30,ST005,SUP009,2026-03-28,2026-04-03,2026-04-03,383,347,0.9065,0,True,Ambient,Complete
PO001118,2026-03-30,ST006,SUP008,2026-03-28,2026-04-06,2026-04-06,432,403,0.9327,0,True,Ambient,Complete
PO001119,2026-03-30,ST006,SUP007,2026-03-28,2026-04-02,2026-04-02,519,503,0.9696,0,True,Chilled,Complete
PO001120,2026-03-30,ST006,SUP006,2026-03-28,2026-04-03,2026-04-03,400,355,0.8872,0,True,Ambient,Short
PO001121,2026-03-30,ST006,SUP003,2026-03-28,2026-04-03,2026-04-03,264,237,0.8985,0,True,Ambient,Short
PO001122,2026-03-30,ST006,SUP005,2026-03-28,2026-04-04,2026-04-04,271,271,0.9984,0,True,Ambient,Complete
PO001123,2026-03-30,ST007,SUP008,2026-03-28,2026-04-06,2026-04-06,167,145,0.8674,0,True,Ambient,Short
PO001124,2026-03-30,ST007,SUP011,2026-03-28,2026-04-04,2026-04-05,314,290,0.925,1,False,Ambient,Late
PO001125,2026-03-30,ST007,SUP002,2026-03-28,2026-04-02,2026-04-05,298,280,0.9399,3,False,Chilled,Late
PO001126,2026-03-30,ST007,SUP009,2026-03-28,2026-04-03,2026-04-03,450,443,0.9848,0,True,Ambient,Complete
PO001127,2026-03-30,ST008,SUP001,2026-03-28,2026-04-03,2026-04-03,194,189,0.9731,0,True,Ambient,Complete
PO001128,2026-03-30,ST008,SUP012,2026-03-28,2026-04-03,2026-04-03,371,366,0.9873,0,True,Ambient,Complete
PO001129,2026-03-30,ST008,SUP002,2026-03-28,2026-04-02,2026-04-02,385,368,0.9549,0,True,Chilled,Complete
PO001130,2026-03-30,ST008,SUP006,2026-03-28,2026-04-03,2026-04-03,281,273,0.97,0,True,Ambient,Complete
PO001131,2026-03-30,ST008,SUP003,2026-03-28,2026-04-03,2026-04-03,427,393,0.9205,0,True,Ambient,Complete
PO001132,2026-03-30,ST008,SUP010,2026-03-28,2026-04-05,2026-04-05,431,417,0.9677,0,True,Ambient,Complete
PO001133,2026-03-30,ST008,SUP005,2026-03-28,2026-04-04,2026-04-04,321,299,0.9307,0,True,Ambient,Complete
PO001134,2026-03-30,ST008,SUP009,2026-03-28,2026-04-03,2026-04-03,389,342,0.8786,0,True,Ambient,Short
PO001135,2026-03-30,ST009,SUP001,2026-03-28,2026-04-03,2026-04-03,267,249,0.9329,0,True,Ambient,Complete
PO001136,2026-03-30,ST009,SUP008,2026-03-28,2026-04-06,2026-04-06,282,248,0.878,0,True,Ambient,Short
PO001137,2026-03-30,ST009,SUP012,2026-03-28,2026-04-03,2026-04-03,399,398,0.9983,0,True,Ambient,Complete
PO001138,2026-03-30,ST009,SUP002,2026-03-28,2026-04-02,2026-04-03,224,195,0.8713,1,False,Chilled,Late / short
PO001139,2026-03-30,ST009,SUP010,2026-03-28,2026-04-05,2026-04-05,303,267,0.8815,0,True,Ambient,Short
PO001140,2026-03-30,ST009,SUP009,2026-03-28,2026-04-03,2026-04-03,280,272,0.9728,0,True,Ambient,Complete
PO001141,2026-03-30,ST010,SUP011,2026-03-28,2026-04-04,2026-04-04,166,136,0.8186,0,True,Ambient,Short
PO001142,2026-03-30,ST010,SUP002,2026-03-28,2026-04-02,2026-04-05,170,160,0.9394,3,False,Chilled,Late
PO001143,2026-03-30,ST010,SUP003,2026-03-28,2026-04-03,2026-04-03,438,435,0.9931,0,True,Ambient,Complete
PO001144,2026-03-30,ST010,SUP010,2026-03-28,2026-04-05,2026-04-07,471,418,0.8881,2,False,Ambient,Late / short
PO001145,2026-03-30,ST011,SUP008,2026-03-28,2026-04-06,2026-04-06,312,282,0.9037,0,True,Ambient,Complete
PO001146,2026-03-30,ST011,SUP002,2026-03-28,2026-04-02,2026-04-02,198,185,0.9365,0,True,Chilled,Complete
PO001147,2026-03-30,ST011,SUP007,2026-03-28,2026-04-02,2026-04-02,164,148,0.9033,0,True,Chilled,Complete
PO001148,2026-03-30,ST011,SUP003,2026-03-28,2026-04-03,2026-04-03,279,268,0.9623,0,True,Ambient,Complete
PO001149,2026-03-30,ST011,SUP005,2026-03-28,2026-04-04,2026-04-04,306,281,0.9179,0,True,Ambient,Complete
PO001150,2026-03-30,ST012,SUP001,2026-03-28,2026-04-03,2026-04-03,218,199,0.9132,0,True,Ambient,Complete
PO001151,2026-03-30,ST012,SUP011,2026-03-28,2026-04-04,2026-04-04,433,429,0.9916,0,True,Ambient,Complete
PO001152,2026-03-30,ST012,SUP002,2026-03-28,2026-04-02,2026-04-02,362,345,0.9537,0,True,Chilled,Complete
PO001153,2026-03-30,ST012,SUP007,2026-03-28,2026-04-02,2026-04-02,412,403,0.979,0,True,Chilled,Complete
PO001154,2026-03-30,ST012,SUP006,2026-03-28,2026-04-03,2026-04-03,273,257,0.9414,0,True,Ambient,Complete
PO001155,2026-03-30,ST013,SUP011,2026-03-28,2026-04-04,2026-04-04,349,335,0.9611,0,True,Ambient,Complete
PO001156,2026-03-30,ST013,SUP002,2026-03-28,2026-04-02,2026-04-04,353,307,0.871,2,False,Chilled,Late / short
PO001157,2026-03-30,ST013,SUP006,2026-03-28,2026-04-03,2026-04-03,116,114,0.9827,0,True,Ambient,Complete
PO001158,2026-03-30,ST013,SUP003,2026-03-28,2026-04-03,2026-04-03,271,271,1.0,0,True,Ambient,Complete
PO001159,2026-03-30,ST013,SUP010,2026-03-28,2026-04-05,2026-04-06,364,325,0.8942,1,False,Ambient,Late / short
PO001160,2026-03-30,ST013,SUP005,2026-03-28,2026-04-04,2026-04-04,318,318,1.0,0,True,Ambient,Complete
PO001161,2026-03-30,ST013,SUP009,2026-03-28,2026-04-03,2026-04-03,375,366,0.9763,0,True,Ambient,Complete
PO001162,2026-03-30,ST014,SUP001,2026-03-28,2026-04-03,2026-04-03,385,367,0.9524,0,True,Ambient,Complete
PO001163,2026-03-30,ST014,SUP011,2026-03-28,2026-04-04,2026-04-04,287,278,0.9703,0,True,Ambient,Complete
PO001164,2026-03-30,ST014,SUP010,2026-03-28,2026-04-05,2026-04-05,226,209,0.9265,0,True,Ambient,Complete
PO001165,2026-03-30,ST014,SUP005,2026-03-28,2026-04-04,2026-04-04,161,144,0.8947,0,True,Ambient,Short
PO001166,2026-03-30,ST015,SUP001,2026-03-28,2026-04-03,2026-04-03,175,170,0.9722,0,True,Ambient,Complete
PO001167,2026-03-30,ST015,SUP011,2026-03-28,2026-04-04,2026-04-04,266,254,0.9536,0,True,Ambient,Complete
PO001168,2026-03-30,ST015,SUP006,2026-03-28,2026-04-03,2026-04-03,373,337,0.9044,0,True,Ambient,Complete
PO001169,2026-03-30,ST015,SUP004,2026-03-28,2026-04-04,2026-04-04,173,161,0.9327,0,True,Ambient,Complete
PO001170,2026-03-30,ST015,SUP010,2026-03-28,2026-04-05,2026-04-05,358,315,0.8793,0,True,Ambient,Short
PO001171,2026-03-30,ST016,SUP011,2026-03-28,2026-04-04,2026-04-04,301,280,0.9311,0,True,Ambient,Complete
PO001172,2026-03-30,ST016,SUP002,2026-03-28,2026-04-02,2026-04-02,221,200,0.9034,0,True,Chilled,Complete
PO001173,2026-03-30,ST016,SUP003,2026-03-28,2026-04-03,2026-04-03,288,270,0.9358,0,True,Ambient,Complete
PO001174,2026-03-30,ST016,SUP010,2026-03-28,2026-04-05,2026-04-05,419,403,0.9614,0,True,Ambient,Complete
PO001175,2026-03-30,ST017,SUP001,2026-03-28,2026-04-03,2026-04-03,114,112,0.9791,0,True,Ambient,Complete
PO001176,2026-03-30,ST017,SUP008,2026-03-28,2026-04-06,2026-04-09,244,221,0.9065,3,False,Ambient,Late
PO001177,2026-03-30,ST017,SUP011,2026-03-28,2026-04-04,2026-04-04,314,303,0.9643,0,True,Ambient,Complete
PO001178,2026-03-30,ST017,SUP002,2026-03-28,2026-04-02,2026-04-02,232,219,0.9442,0,True,Chilled,Complete
PO001179,2026-03-30,ST017,SUP007,2026-03-28,2026-04-02,2026-04-02,219,215,0.9799,0,True,Chilled,Complete
PO001180,2026-03-30,ST017,SUP006,2026-03-28,2026-04-03,2026-04-03,232,229,0.9865,0,True,Ambient,Complete
PO001181,2026-03-30,ST017,SUP003,2026-03-28,2026-04-03,2026-04-03,378,378,1.0,0,True,Ambient,Complete
PO001182,2026-03-30,ST017,SUP004,2026-03-28,2026-04-04,2026-04-04,329,329,1.0,0,True,Ambient,Complete
PO001183,2026-03-30,ST018,SUP008,2026-03-28,2026-04-06,2026-04-06,227,192,0.8449,0,True,Ambient,Short
PO001184,2026-03-30,ST018,SUP012,2026-03-28,2026-04-03,2026-04-03,311,311,1.0,0,True,Ambient,Complete
PO001185,2026-03-30,ST018,SUP002,2026-03-28,2026-04-02,2026-04-02,255,244,0.9564,0,True,Chilled,Complete
PO001186,2026-03-30,ST019,SUP008,2026-03-28,2026-04-06,2026-04-06,300,280,0.9331,0,True,Ambient,Complete
PO001187,2026-03-30,ST019,SUP012,2026-03-28,2026-04-03,2026-04-03,154,145,0.9414,0,True,Ambient,Complete
PO001188,2026-03-30,ST019,SUP011,2026-03-28,2026-04-04,2026-04-04,244,238,0.9756,0,True,Ambient,Complete
PO001189,2026-03-30,ST019,SUP002,2026-03-28,2026-04-02,2026-04-02,426,399,0.9366,0,True,Chilled,Complete
PO001190,2026-03-30,ST019,SUP006,2026-03-28,2026-04-03,2026-04-03,160,148,0.9258,0,True,Ambient,Complete
PO001191,2026-03-30,ST019,SUP003,2026-03-28,2026-04-03,2026-04-06,380,367,0.967,3,False,Ambient,Late
PO001192,2026-03-30,ST019,SUP004,2026-03-28,2026-04-04,2026-04-04,163,152,0.9327,0,True,Ambient,Complete
PO001193,2026-03-30,ST019,SUP005,2026-03-28,2026-04-04,2026-04-04,354,300,0.8473,0,True,Ambient,Short
PO001194,2026-03-30,ST019,SUP009,2026-03-28,2026-04-03,2026-04-03,446,446,1.0,0,True,Ambient,Complete
PO001195,2026-03-30,ST020,SUP001,2026-03-28,2026-04-03,2026-04-03,299,272,0.9109,0,True,Ambient,Complete
PO001196,2026-03-30,ST020,SUP011,2026-03-28,2026-04-04,2026-04-04,207,188,0.9081,0,True,Ambient,Complete
PO001197,2026-03-30,ST020,SUP007,2026-03-28,2026-04-02,2026-04-02,197,179,0.9065,0,True,Chilled,Complete
PO001198,2026-03-30,ST020,SUP003,2026-03-28,2026-04-03,2026-04-03,302,293,0.9693,0,True,Ambient,Complete
PO001199,2026-03-30,ST020,SUP010,2026-03-28,2026-04-05,2026-04-05,239,229,0.9588,0,True,Ambient,Complete
PO001200,2026-03-30,ST020,SUP009,2026-03-28,2026-04-03,2026-04-03,235,215,0.9167,0,True,Ambient,Complete
PO001201,2026-03-30,ST021,SUP001,2026-03-28,2026-04-03,2026-04-03,321,306,0.9539,0,True,Ambient,Complete
PO001202,2026-03-30,ST021,SUP008,2026-03-28,2026-04-06,2026-04-06,298,273,0.9151,0,True,Ambient,Complete
PO001203,2026-03-30,ST021,SUP011,2026-03-28,2026-04-04,2026-04-04,491,441,0.8979,0,True,Ambient,Short
PO001204,2026-03-30,ST021,SUP002,2026-03-28,2026-04-02,2026-04-02,438,397,0.9057,0,True,Chilled,Complete
PO001205,2026-03-30,ST021,SUP006,2026-03-28,2026-04-03,2026-04-03,363,334,0.9212,0,True,Ambient,Complete
PO001206,2026-03-30,ST021,SUP010,2026-03-28,2026-04-05,2026-04-05,469,423,0.9028,0,True,Ambient,Complete
PO001207,2026-03-30,ST022,SUP001,2026-03-28,2026-04-03,2026-04-03,305,280,0.9168,0,True,Ambient,Complete
PO001208,2026-03-30,ST022,SUP008,2026-03-28,2026-04-06,2026-04-06,241,215,0.8918,0,True,Ambient,Short
PO001209,2026-03-30,ST022,SUP012,2026-03-28,2026-04-03,2026-04-03,242,214,0.8829,0,True,Ambient,Short
PO001210,2026-03-30,ST022,SUP007,2026-03-28,2026-04-02,2026-04-02,271,226,0.8331,0,True,Chilled,Short
PO001211,2026-03-30,ST022,SUP003,2026-03-28,2026-04-03,2026-04-03,213,183,0.86,0,True,Ambient,Short
PO001212,2026-03-30,ST022,SUP005,2026-03-28,2026-04-04,2026-04-04,302,285,0.945,0,True,Ambient,Complete
PO001213,2026-03-30,ST022,SUP009,2026-03-28,2026-04-03,2026-04-03,459,459,1.0,0,True,Ambient,Complete
PO001214,2026-03-30,ST023,SUP001,2026-03-28,2026-04-03,2026-04-03,232,219,0.9445,0,True,Ambient,Complete
PO001215,2026-03-30,ST023,SUP008,2026-03-28,2026-04-06,2026-04-06,277,225,0.8111,0,True,Ambient,Short
PO001216,2026-03-30,ST023,SUP011,2026-03-28,2026-04-04,2026-04-04,173,156,0.9005,0,True,Ambient,Complete
PO001217,2026-03-30,ST023,SUP007,2026-03-28,2026-04-02,2026-04-02,362,310,0.8576,0,True,Chilled,Short
PO001218,2026-03-30,ST023,SUP006,2026-03-28,2026-04-03,2026-04-05,163,151,0.9286,2,False,Ambient,Late
PO001219,2026-03-30,ST023,SUP010,2026-03-28,2026-04-05,2026-04-05,355,355,1.0,0,True,Ambient,Complete
PO001220,2026-03-30,ST023,SUP009,2026-03-28,2026-04-03,2026-04-03,174,173,0.9967,0,True,Ambient,Complete
PO001221,2026-03-30,ST024,SUP001,2026-03-28,2026-04-03,2026-04-03,259,252,0.9742,0,True,Ambient,Complete
PO001222,2026-03-30,ST024,SUP007,2026-03-28,2026-04-02,2026-04-02,264,241,0.9113,0,True,Chilled,Complete
PO001223,2026-03-30,ST024,SUP006,2026-03-28,2026-04-03,2026-04-03,317,291,0.9179,0,True,Ambient,Complete
PO001224,2026-03-30,ST024,SUP004,2026-03-28,2026-04-04,2026-04-04,303,292,0.9624,0,True,Ambient,Complete
PO001225,2026-03-30,ST024,SUP010,2026-03-28,2026-04-05,2026-04-05,220,198,0.898,0,True,Ambient,Short
PO001226,2026-03-30,ST024,SUP005,2026-03-28,2026-04-04,2026-04-07,144,139,0.962,3,False,Ambient,Late
PO001227,2026-03-30,ST024,SUP009,2026-03-28,2026-04-03,2026-04-03,218,218,1.0,0,True,Ambient,Complete
PO001228,2026-03-30,ST025,SUP001,2026-03-28,2026-04-03,2026-04-04,228,211,0.9268,1,False,Ambient,Late
PO001229,2026-03-30,ST025,SUP012,2026-03-28,2026-04-03,2026-04-03,399,367,0.9208,0,True,Ambient,Complete
PO001230,2026-03-30,ST025,SUP011,2026-03-28,2026-04-04,2026-04-04,211,189,0.8977,0,True,Ambient,Short
PO001231,2026-03-30,ST025,SUP002,2026-03-28,2026-04-02,2026-04-02,388,367,0.9452,0,True,Chilled,Complete
PO001232,2026-03-30,ST025,SUP006,2026-03-28,2026-04-03,2026-04-03,325,313,0.9638,0,True,Ambient,Complete
PO001233,2026-03-30,ST025,SUP003,2026-03-28,2026-04-03,2026-04-03,267,249,0.9337,0,True,Ambient,Complete
PO001234,2026-03-30,ST025,SUP010,2026-03-28,2026-04-05,2026-04-05,298,262,0.8803,0,True,Ambient,Short
PO001235,2026-03-30,ST025,SUP009,2026-03-28,2026-04-03,2026-04-03,321,300,0.9339,0,True,Ambient,Complete
PO001236,2026-03-30,ST026,SUP008,2026-03-28,2026-04-06,2026-04-06,385,339,0.8805,0,True,Ambient,Short
PO001237,2026-03-30,ST026,SUP011,2026-03-28,2026-04-04,2026-04-04,259,236,0.9119,0,True,Ambient,Complete
PO001238,2026-03-30,ST026,SUP007,2026-03-28,2026-04-02,2026-04-02,336,306,0.9097,0,True,Chilled,Complete
PO001239,2026-03-30,ST026,SUP003,2026-03-28,2026-04-03,2026-04-03,149,145,0.9725,0,True,Ambient,Complete
PO001240,2026-03-30,ST026,SUP004,2026-03-28,2026-04-04,2026-04-04,166,157,0.9463,0,True,Ambient,Complete
PO001241,2026-03-30,ST026,SUP010,2026-03-28,2026-04-05,2026-04-05,252,236,0.9359,0,True,Ambient,Complete
PO001242,2026-03-30,ST026,SUP009,2026-03-28,2026-04-03,2026-04-03,292,284,0.971,0,True,Ambient,Complete
PO001243,2026-03-30,ST027,SUP012,2026-03-28,2026-04-03,2026-04-03,115,115,1.0,0,True,Ambient,Complete
PO001244,2026-03-30,ST027,SUP006,2026-03-28,2026-04-03,2026-04-03,236,227,0.9631,0,True,Ambient,Complete
PO001245,2026-03-30,ST027,SUP003,2026-03-28,2026-04-03,2026-04-03,106,100,0.9461,0,True,Ambient,Complete
PO001246,2026-03-30,ST027,SUP009,2026-03-28,2026-04-03,2026-04-03,207,207,1.0,0,True,Ambient,Complete
PO001247,2026-03-30,ST028,SUP001,2026-03-28,2026-04-03,2026-04-03,145,136,0.9379,0,True,Ambient,Complete
PO001248,2026-03-30,ST028,SUP002,2026-03-28,2026-04-02,2026-04-02,304,266,0.8754,0,True,Chilled,Short
PO001249,2026-03-30,ST028,SUP007,2026-03-28,2026-04-02,2026-04-02,172,155,0.9035,0,True,Chilled,Complete
PO001250,2026-03-30,ST028,SUP005,2026-03-28,2026-04-04,2026-04-04,218,218,1.0,0,True,Ambient,Complete
PO001251,2026-03-30,ST028,SUP009,2026-03-28,2026-04-03,2026-04-03,285,285,1.0,0,True,Ambient,Complete
PO001252,2026-03-30,ST029,SUP008,2026-03-28,2026-04-06,2026-04-06,235,201,0.8552,0,True,Ambient,Short
PO001253,2026-03-30,ST029,SUP012,2026-03-28,2026-04-03,2026-04-03,263,247,0.939,0,True,Ambient,Complete
PO001254,2026-03-30,ST029,SUP011,2026-03-28,2026-04-04,2026-04-04,188,162,0.863,0,True,Ambient,Short
PO001255,2026-03-30,ST029,SUP006,2026-03-28,2026-04-03,2026-04-03,255,255,1.0,0,True,Ambient,Complete
PO001256,2026-03-30,ST029,SUP003,2026-03-28,2026-04-03,2026-04-03,117,109,0.9354,0,True,Ambient,Complete
PO001257,2026-03-30,ST029,SUP010,2026-03-28,2026-04-05,2026-04-05,113,102,0.9051,0,True,Ambient,Complete
PO001258,2026-03-30,ST030,SUP001,2026-03-28,2026-04-03,2026-04-03,324,322,0.9932,0,True,Ambient,Complete
PO001259,2026-03-30,ST030,SUP008,2026-03-28,2026-04-06,2026-04-06,279,260,0.9314,0,True,Ambient,Complete
PO001260,2026-03-30,ST030,SUP011,2026-03-28,2026-04-04,2026-04-04,345,345,1.0,0,True,Ambient,Complete
PO001261,2026-03-30,ST030,SUP007,2026-03-28,2026-04-02,2026-04-02,401,374,0.9326,0,True,Chilled,Complete
PO001262,2026-03-30,ST030,SUP006,2026-03-28,2026-04-03,2026-04-03,281,266,0.9457,0,True,Ambient,Complete
PO001263,2026-03-30,ST030,SUP004,2026-03-28,2026-04-04,2026-04-04,256,239,0.9327,0,True,Ambient,Complete
PO001264,2026-03-30,ST030,SUP005,2026-03-28,2026-04-04,2026-04-04,142,139,0.98,0,True,Ambient,Complete
PO001265,2026-03-30,ST031,SUP008,2026-03-28,2026-04-06,2026-04-06,92,92,1.0,0,True,Ambient,Complete
PO001266,2026-03-30,ST031,SUP012,2026-03-28,2026-04-03,2026-04-03,173,157,0.9093,0,True,Ambient,Complete
PO001267,2026-03-30,ST031,SUP011,2026-03-28,2026-04-04,2026-04-04,128,125,0.9742,0,True,Ambient,Complete
PO001268,2026-03-30,ST032,SUP001,2026-03-28,2026-04-03,2026-04-03,166,161,0.9718,0,True,Ambient,Complete
PO001269,2026-03-30,ST032,SUP012,2026-03-28,2026-04-03,2026-04-03,213,195,0.9142,0,True,Ambient,Complete
PO001270,2026-03-30,ST032,SUP011,2026-03-28,2026-04-04,2026-04-04,243,226,0.9314,0,True,Ambient,Complete
PO001271,2026-03-30,ST032,SUP002,2026-03-28,2026-04-02,2026-04-02,124,120,0.9638,0,True,Chilled,Complete
PO001272,2026-03-30,ST032,SUP010,2026-03-28,2026-04-05,2026-04-05,148,144,0.9749,0,True,Ambient,Complete
PO001273,2026-03-30,ST032,SUP005,2026-03-28,2026-04-04,2026-04-04,97,88,0.9037,0,True,Ambient,Complete
PO001274,2026-03-30,ST033,SUP001,2026-03-28,2026-04-03,2026-04-03,266,266,1.0,0,True,Ambient,Complete
PO001275,2026-03-30,ST033,SUP012,2026-03-28,2026-04-03,2026-04-03,126,121,0.9639,0,True,Ambient,Complete
PO001276,2026-03-30,ST033,SUP005,2026-03-28,2026-04-04,2026-04-06,95,91,0.9527,2,False,Ambient,Late
PO001277,2026-03-30,ST034,SUP001,2026-03-28,2026-04-03,2026-04-03,277,256,0.9241,0,True,Ambient,Complete
PO001278,2026-03-30,ST034,SUP008,2026-03-28,2026-04-06,2026-04-06,150,138,0.9208,0,True,Ambient,Complete
PO001279,2026-03-30,ST034,SUP011,2026-03-28,2026-04-04,2026-04-04,87,80,0.9146,0,True,Ambient,Complete
PO001280,2026-03-30,ST034,SUP002,2026-03-28,2026-04-02,2026-04-02,164,159,0.9683,0,True,Chilled,Complete
PO001281,2026-03-30,ST034,SUP004,2026-03-28,2026-04-04,2026-04-04,100,90,0.8994,0,True,Ambient,Short
PO001282,2026-03-30,ST035,SUP001,2026-03-28,2026-04-03,2026-04-03,295,254,0.8599,0,True,Ambient,Short
PO001283,2026-03-30,ST035,SUP012,2026-03-28,2026-04-03,2026-04-03,151,151,1.0,0,True,Ambient,Complete
PO001284,2026-03-30,ST035,SUP011,2026-03-28,2026-04-04,2026-04-04,274,245,0.8953,0,True,Ambient,Short
PO001285,2026-03-30,ST035,SUP003,2026-03-28,2026-04-03,2026-04-03,207,201,0.9714,0,True,Ambient,Complete
PO001286,2026-03-30,ST035,SUP004,2026-03-28,2026-04-04,2026-04-04,288,272,0.945,0,True,Ambient,Complete
PO001287,2026-03-30,ST035,SUP010,2026-03-28,2026-04-05,2026-04-05,249,229,0.9181,0,True,Ambient,Complete
PO001288,2026-03-30,ST036,SUP001,2026-03-28,2026-04-03,2026-04-03,147,138,0.939,0,True,Ambient,Complete
PO001289,2026-03-30,ST036,SUP008,2026-03-28,2026-04-06,2026-04-07,288,280,0.9712,1,False,Ambient,Late
PO001290,2026-03-30,ST036,SUP012,2026-03-28,2026-04-03,2026-04-03,206,198,0.9606,0,True,Ambient,Complete
PO001291,2026-03-30,ST036,SUP002,2026-03-28,2026-04-02,2026-04-02,115,109,0.9474,0,True,Chilled,Complete
PO001292,2026-03-30,ST036,SUP007,2026-03-28,2026-04-02,2026-04-02,210,200,0.9545,0,True,Chilled,Complete
PO001293,2026-03-30,ST036,SUP006,2026-03-28,2026-04-03,2026-04-03,165,165,1.0,0,True,Ambient,Complete
PO001294,2026-03-30,ST036,SUP003,2026-03-28,2026-04-03,2026-04-03,120,114,0.9532,0,True,Ambient,Complete
PO001295,2026-03-30,ST036,SUP004,2026-03-28,2026-04-04,2026-04-04,204,196,0.9602,0,True,Ambient,Complete
PO001296,2026-03-30,ST036,SUP005,2026-03-28,2026-04-04,2026-04-04,224,212,0.9471,0,True,Ambient,Complete
PO001297,2026-04-06,ST001,SUP001,2026-04-04,2026-04-10,2026-04-12,160,155,0.971,2,False,Ambient,Late
PO001298,2026-04-06,ST001,SUP011,2026-04-04,2026-04-11,2026-04-11,347,311,0.8957,0,True,Ambient,Short
PO001299,2026-04-06,ST001,SUP006,2026-04-04,2026-04-10,2026-04-10,258,258,1.0,0,True,Ambient,Complete
PO001300,2026-04-06,ST001,SUP003,2026-04-04,2026-04-10,2026-04-11,136,131,0.9628,1,False,Ambient,Late
PO001301,2026-04-06,ST001,SUP004,2026-04-04,2026-04-11,2026-04-11,190,190,1.0,0,True,Ambient,Complete
PO001302,2026-04-06,ST002,SUP001,2026-04-04,2026-04-10,2026-04-10,190,176,0.9269,0,True,Ambient,Complete
PO001303,2026-04-06,ST002,SUP012,2026-04-04,2026-04-10,2026-04-10,494,468,0.9483,0,True,Ambient,Complete
PO001304,2026-04-06,ST002,SUP003,2026-04-04,2026-04-10,2026-04-10,226,222,0.9816,0,True,Ambient,Complete
PO001305,2026-04-06,ST002,SUP004,2026-04-04,2026-04-11,2026-04-11,300,270,0.8985,0,True,Ambient,Short
PO001306,2026-04-06,ST003,SUP001,2026-04-04,2026-04-10,2026-04-10,470,434,0.9228,0,True,Ambient,Complete
PO001307,2026-04-06,ST003,SUP008,2026-04-04,2026-04-13,2026-04-13,227,199,0.8777,0,True,Ambient,Short
PO001308,2026-04-06,ST003,SUP011,2026-04-04,2026-04-11,2026-04-11,282,280,0.9932,0,True,Ambient,Complete
PO001309,2026-04-06,ST003,SUP002,2026-04-04,2026-04-09,2026-04-12,371,312,0.8413,3,False,Chilled,Late / short
PO001310,2026-04-06,ST003,SUP007,2026-04-04,2026-04-09,2026-04-09,254,222,0.8749,0,True,Chilled,Short
PO001311,2026-04-06,ST003,SUP006,2026-04-04,2026-04-10,2026-04-10,454,422,0.9301,0,True,Ambient,Complete
PO001312,2026-04-06,ST003,SUP003,2026-04-04,2026-04-10,2026-04-10,435,435,1.0,0,True,Ambient,Complete
PO001313,2026-04-06,ST003,SUP010,2026-04-04,2026-04-12,2026-04-12,165,155,0.9394,0,True,Ambient,Complete
PO001314,2026-04-06,ST003,SUP009,2026-04-04,2026-04-10,2026-04-10,422,366,0.8676,0,True,Ambient,Short
PO001315,2026-04-06,ST004,SUP007,2026-04-04,2026-04-09,2026-04-09,456,443,0.9711,0,True,Chilled,Complete
PO001316,2026-04-06,ST004,SUP006,2026-04-04,2026-04-10,2026-04-10,227,209,0.9191,0,True,Ambient,Complete
PO001317,2026-04-06,ST004,SUP003,2026-04-04,2026-04-10,2026-04-10,484,457,0.9437,0,True,Ambient,Complete
PO001318,2026-04-06,ST004,SUP004,2026-04-04,2026-04-11,2026-04-13,487,478,0.9819,2,False,Ambient,Late
PO001319,2026-04-06,ST004,SUP009,2026-04-04,2026-04-10,2026-04-12,433,419,0.967,2,False,Ambient,Late
PO001320,2026-04-06,ST005,SUP001,2026-04-04,2026-04-10,2026-04-10,394,372,0.9431,0,True,Ambient,Complete
PO001321,2026-04-06,ST005,SUP012,2026-04-04,2026-04-10,2026-04-10,158,152,0.9638,0,True,Ambient,Complete
PO001322,2026-04-06,ST005,SUP007,2026-04-04,2026-04-09,2026-04-11,234,228,0.973,2,False,Chilled,Late
PO001323,2026-04-06,ST005,SUP006,2026-04-04,2026-04-10,2026-04-13,248,243,0.9807,3,False,Ambient,Late
PO001324,2026-04-06,ST005,SUP003,2026-04-04,2026-04-10,2026-04-13,383,339,0.8859,3,False,Ambient,Late / short
PO001325,2026-04-06,ST005,SUP004,2026-04-04,2026-04-11,2026-04-13,450,450,1.0,2,False,Ambient,Late
PO001326,2026-04-06,ST005,SUP010,2026-04-04,2026-04-12,2026-04-12,351,312,0.8899,0,True,Ambient,Short
PO001327,2026-04-06,ST005,SUP005,2026-04-04,2026-04-11,2026-04-11,407,374,0.9188,0,True,Ambient,Complete
PO001328,2026-04-06,ST005,SUP009,2026-04-04,2026-04-10,2026-04-10,263,250,0.9524,0,True,Ambient,Complete
PO001329,2026-04-06,ST006,SUP008,2026-04-04,2026-04-13,2026-04-13,289,253,0.8769,0,True,Ambient,Short
PO001330,2026-04-06,ST006,SUP011,2026-04-04,2026-04-11,2026-04-12,281,235,0.8361,1,False,Ambient,Late / short
PO001331,2026-04-06,ST006,SUP006,2026-04-04,2026-04-10,2026-04-10,393,387,0.9855,0,True,Ambient,Complete
PO001332,2026-04-06,ST006,SUP004,2026-04-04,2026-04-11,2026-04-11,363,362,0.9972,0,True,Ambient,Complete
PO001333,2026-04-06,ST006,SUP005,2026-04-04,2026-04-11,2026-04-11,159,145,0.9124,0,True,Ambient,Complete
PO001334,2026-04-06,ST007,SUP008,2026-04-04,2026-04-13,2026-04-13,322,308,0.9572,0,True,Ambient,Complete
PO001335,2026-04-06,ST007,SUP012,2026-04-04,2026-04-10,2026-04-10,519,497,0.9577,0,True,Ambient,Complete
PO001336,2026-04-06,ST007,SUP011,2026-04-04,2026-04-11,2026-04-11,508,508,1.0,0,True,Ambient,Complete
PO001337,2026-04-06,ST007,SUP002,2026-04-04,2026-04-09,2026-04-12,255,233,0.9143,3,False,Chilled,Late
PO001338,2026-04-06,ST007,SUP007,2026-04-04,2026-04-09,2026-04-09,489,483,0.9877,0,True,Chilled,Complete
PO001339,2026-04-06,ST007,SUP006,2026-04-04,2026-04-10,2026-04-10,356,332,0.9337,0,True,Ambient,Complete
PO001340,2026-04-06,ST007,SUP010,2026-04-04,2026-04-12,2026-04-12,414,414,1.0,0,True,Ambient,Complete
PO001341,2026-04-06,ST008,SUP001,2026-04-04,2026-04-10,2026-04-10,464,424,0.913,0,True,Ambient,Complete
PO001342,2026-04-06,ST008,SUP012,2026-04-04,2026-04-10,2026-04-10,335,317,0.9458,0,True,Ambient,Complete
PO001343,2026-04-06,ST008,SUP002,2026-04-04,2026-04-09,2026-04-09,501,446,0.8895,0,True,Chilled,Short
PO001344,2026-04-06,ST008,SUP007,2026-04-04,2026-04-09,2026-04-09,238,216,0.9076,0,True,Chilled,Complete
PO001345,2026-04-06,ST008,SUP006,2026-04-04,2026-04-10,2026-04-10,351,329,0.9387,0,True,Ambient,Complete
PO001346,2026-04-06,ST008,SUP003,2026-04-04,2026-04-10,2026-04-10,221,221,1.0,0,True,Ambient,Complete
PO001347,2026-04-06,ST008,SUP010,2026-04-04,2026-04-12,2026-04-12,176,159,0.9037,0,True,Ambient,Complete
PO001348,2026-04-06,ST008,SUP005,2026-04-04,2026-04-11,2026-04-13,281,255,0.9057,2,False,Ambient,Late
PO001349,2026-04-06,ST009,SUP001,2026-04-04,2026-04-10,2026-04-13,272,260,0.9553,3,False,Ambient,Late
PO001350,2026-04-06,ST009,SUP008,2026-04-04,2026-04-13,2026-04-13,202,186,0.922,0,True,Ambient,Complete
PO001351,2026-04-06,ST009,SUP012,2026-04-04,2026-04-10,2026-04-11,215,209,0.9719,1,False,Ambient,Late
PO001352,2026-04-06,ST009,SUP011,2026-04-04,2026-04-11,2026-04-13,403,355,0.8809,2,False,Ambient,Late / short
PO001353,2026-04-06,ST009,SUP002,2026-04-04,2026-04-09,2026-04-09,140,133,0.9506,0,True,Chilled,Complete
PO001354,2026-04-06,ST009,SUP006,2026-04-04,2026-04-10,2026-04-10,231,226,0.9796,0,True,Ambient,Complete
PO001355,2026-04-06,ST009,SUP003,2026-04-04,2026-04-10,2026-04-10,424,393,0.9265,0,True,Ambient,Complete
PO001356,2026-04-06,ST009,SUP005,2026-04-04,2026-04-11,2026-04-11,192,184,0.9591,0,True,Ambient,Complete
PO001357,2026-04-06,ST010,SUP008,2026-04-04,2026-04-13,2026-04-13,158,142,0.8975,0,True,Ambient,Short
PO001358,2026-04-06,ST010,SUP012,2026-04-04,2026-04-10,2026-04-10,426,411,0.9657,0,True,Ambient,Complete
PO001359,2026-04-06,ST010,SUP002,2026-04-04,2026-04-09,2026-04-09,327,305,0.933,0,True,Chilled,Complete
PO001360,2026-04-06,ST010,SUP007,2026-04-04,2026-04-09,2026-04-09,451,399,0.8848,0,True,Chilled,Short
PO001361,2026-04-06,ST010,SUP003,2026-04-04,2026-04-10,2026-04-10,248,234,0.9438,0,True,Ambient,Complete
PO001362,2026-04-06,ST010,SUP005,2026-04-04,2026-04-11,2026-04-11,482,464,0.9629,0,True,Ambient,Complete
PO001363,2026-04-06,ST010,SUP009,2026-04-04,2026-04-10,2026-04-10,342,292,0.8529,0,True,Ambient,Short
PO001364,2026-04-06,ST011,SUP008,2026-04-04,2026-04-13,2026-04-13,156,134,0.8589,0,True,Ambient,Short
PO001365,2026-04-06,ST011,SUP012,2026-04-04,2026-04-10,2026-04-10,274,258,0.9415,0,True,Ambient,Complete
PO001366,2026-04-06,ST011,SUP002,2026-04-04,2026-04-09,2026-04-09,218,187,0.8599,0,True,Chilled,Short
PO001367,2026-04-06,ST011,SUP007,2026-04-04,2026-04-09,2026-04-09,133,124,0.9318,0,True,Chilled,Complete
PO001368,2026-04-06,ST011,SUP006,2026-04-04,2026-04-10,2026-04-10,397,358,0.9023,0,True,Ambient,Complete
PO001369,2026-04-06,ST011,SUP003,2026-04-04,2026-04-10,2026-04-10,199,182,0.9122,0,True,Ambient,Complete
PO001370,2026-04-06,ST011,SUP010,2026-04-04,2026-04-12,2026-04-12,194,179,0.9229,0,True,Ambient,Complete
PO001371,2026-04-06,ST011,SUP005,2026-04-04,2026-04-11,2026-04-11,136,126,0.9265,0,True,Ambient,Complete
PO001372,2026-04-06,ST012,SUP012,2026-04-04,2026-04-10,2026-04-10,433,421,0.9717,0,True,Ambient,Complete
PO001373,2026-04-06,ST012,SUP011,2026-04-04,2026-04-11,2026-04-11,176,166,0.945,0,True,Ambient,Complete
PO001374,2026-04-06,ST012,SUP002,2026-04-04,2026-04-09,2026-04-09,459,401,0.8733,0,True,Chilled,Short
PO001375,2026-04-06,ST012,SUP007,2026-04-04,2026-04-09,2026-04-09,351,338,0.9636,0,True,Chilled,Complete
PO001376,2026-04-06,ST012,SUP004,2026-04-04,2026-04-11,2026-04-11,329,324,0.9855,0,True,Ambient,Complete
PO001377,2026-04-06,ST012,SUP005,2026-04-04,2026-04-11,2026-04-11,267,256,0.9579,0,True,Ambient,Complete
PO001378,2026-04-06,ST012,SUP009,2026-04-04,2026-04-10,2026-04-10,286,274,0.9571,0,True,Ambient,Complete
PO001379,2026-04-06,ST013,SUP012,2026-04-04,2026-04-10,2026-04-10,117,107,0.9119,0,True,Ambient,Complete
PO001380,2026-04-06,ST013,SUP011,2026-04-04,2026-04-11,2026-04-11,299,260,0.8696,0,True,Ambient,Short
PO001381,2026-04-06,ST013,SUP007,2026-04-04,2026-04-09,2026-04-09,291,280,0.9611,0,True,Chilled,Complete
PO001382,2026-04-06,ST013,SUP004,2026-04-04,2026-04-11,2026-04-11,271,256,0.943,0,True,Ambient,Complete
PO001383,2026-04-06,ST013,SUP010,2026-04-04,2026-04-12,2026-04-12,211,211,1.0,0,True,Ambient,Complete
PO001384,2026-04-06,ST013,SUP005,2026-04-04,2026-04-11,2026-04-11,214,194,0.9083,0,True,Ambient,Complete
PO001385,2026-04-06,ST014,SUP012,2026-04-04,2026-04-10,2026-04-10,305,305,1.0,0,True,Ambient,Complete
PO001386,2026-04-06,ST014,SUP011,2026-04-04,2026-04-11,2026-04-11,158,150,0.9481,0,True,Ambient,Complete
PO001387,2026-04-06,ST014,SUP002,2026-04-04,2026-04-09,2026-04-09,260,236,0.9068,0,True,Chilled,Complete
PO001388,2026-04-06,ST014,SUP007,2026-04-04,2026-04-09,2026-04-09,131,129,0.9825,0,True,Chilled,Complete
PO001389,2026-04-06,ST014,SUP006,2026-04-04,2026-04-10,2026-04-10,249,228,0.9159,0,True,Ambient,Complete
PO001390,2026-04-06,ST014,SUP003,2026-04-04,2026-04-10,2026-04-10,380,374,0.9855,0,True,Ambient,Complete
PO001391,2026-04-06,ST015,SUP001,2026-04-04,2026-04-10,2026-04-10,324,319,0.9856,0,True,Ambient,Complete
PO001392,2026-04-06,ST015,SUP012,2026-04-04,2026-04-10,2026-04-10,168,146,0.8705,0,True,Ambient,Short
PO001393,2026-04-06,ST015,SUP011,2026-04-04,2026-04-11,2026-04-11,341,311,0.9112,0,True,Ambient,Complete
PO001394,2026-04-06,ST015,SUP002,2026-04-04,2026-04-09,2026-04-09,226,193,0.8552,0,True,Chilled,Short
PO001395,2026-04-06,ST015,SUP007,2026-04-04,2026-04-09,2026-04-09,147,141,0.9559,0,True,Chilled,Complete
PO001396,2026-04-06,ST015,SUP006,2026-04-04,2026-04-10,2026-04-10,364,355,0.9761,0,True,Ambient,Complete
PO001397,2026-04-06,ST015,SUP004,2026-04-04,2026-04-11,2026-04-11,186,182,0.9792,0,True,Ambient,Complete
PO001398,2026-04-06,ST015,SUP010,2026-04-04,2026-04-12,2026-04-12,145,134,0.9229,0,True,Ambient,Complete
PO001399,2026-04-06,ST015,SUP009,2026-04-04,2026-04-10,2026-04-10,136,126,0.9231,0,True,Ambient,Complete
PO001400,2026-04-06,ST016,SUP001,2026-04-04,2026-04-10,2026-04-10,243,213,0.8776,0,True,Ambient,Short
PO001401,2026-04-06,ST016,SUP008,2026-04-04,2026-04-13,2026-04-13,412,404,0.9804,0,True,Ambient,Complete
PO001402,2026-04-06,ST016,SUP012,2026-04-04,2026-04-10,2026-04-10,459,459,1.0,0,True,Ambient,Complete
PO001403,2026-04-06,ST016,SUP011,2026-04-04,2026-04-11,2026-04-11,320,294,0.9201,0,True,Ambient,Complete
PO001404,2026-04-06,ST016,SUP003,2026-04-04,2026-04-10,2026-04-10,330,315,0.9533,0,True,Ambient,Complete
PO001405,2026-04-06,ST016,SUP009,2026-04-04,2026-04-10,2026-04-10,266,240,0.9006,0,True,Ambient,Complete
PO001406,2026-04-06,ST017,SUP001,2026-04-04,2026-04-10,2026-04-10,350,350,1.0,0,True,Ambient,Complete
PO001407,2026-04-06,ST017,SUP012,2026-04-04,2026-04-10,2026-04-10,122,122,1.0,0,True,Ambient,Complete
PO001408,2026-04-06,ST017,SUP011,2026-04-04,2026-04-11,2026-04-11,128,125,0.9798,0,True,Ambient,Complete
PO001409,2026-04-06,ST017,SUP007,2026-04-04,2026-04-09,2026-04-09,169,155,0.92,0,True,Chilled,Complete
PO001410,2026-04-06,ST017,SUP003,2026-04-04,2026-04-10,2026-04-10,321,321,1.0,0,True,Ambient,Complete
PO001411,2026-04-06,ST017,SUP010,2026-04-04,2026-04-12,2026-04-12,166,138,0.8285,0,True,Ambient,Short
PO001412,2026-04-06,ST017,SUP005,2026-04-04,2026-04-11,2026-04-11,152,144,0.9463,0,True,Ambient,Complete
PO001413,2026-04-06,ST018,SUP001,2026-04-04,2026-04-10,2026-04-10,280,268,0.9557,0,True,Ambient,Complete
PO001414,2026-04-06,ST018,SUP012,2026-04-04,2026-04-10,2026-04-10,268,252,0.9392,0,True,Ambient,Complete
PO001415,2026-04-06,ST018,SUP002,2026-04-04,2026-04-09,2026-04-10,128,118,0.9186,1,False,Chilled,Late
PO001416,2026-04-06,ST018,SUP007,2026-04-04,2026-04-09,2026-04-09,257,224,0.8732,0,True,Chilled,Short
PO001417,2026-04-06,ST018,SUP006,2026-04-04,2026-04-10,2026-04-13,382,353,0.9235,3,False,Ambient,Late
PO001418,2026-04-06,ST018,SUP004,2026-04-04,2026-04-11,2026-04-11,209,188,0.8976,0,True,Ambient,Short
PO001419,2026-04-06,ST018,SUP010,2026-04-04,2026-04-12,2026-04-12,127,104,0.8224,0,True,Ambient,Short
PO001420,2026-04-06,ST018,SUP005,2026-04-04,2026-04-11,2026-04-11,289,287,0.9925,0,True,Ambient,Complete
PO001421,2026-04-06,ST018,SUP009,2026-04-04,2026-04-10,2026-04-10,201,187,0.9298,0,True,Ambient,Complete
PO001422,2026-04-06,ST019,SUP011,2026-04-04,2026-04-11,2026-04-11,211,202,0.9572,0,True,Ambient,Complete
PO001423,2026-04-06,ST019,SUP002,2026-04-04,2026-04-09,2026-04-09,290,257,0.8873,0,True,Chilled,Short
PO001424,2026-04-06,ST019,SUP007,2026-04-04,2026-04-09,2026-04-09,212,193,0.9126,0,True,Chilled,Complete
PO001425,2026-04-06,ST019,SUP006,2026-04-04,2026-04-10,2026-04-10,236,236,1.0,0,True,Ambient,Complete
PO001426,2026-04-06,ST019,SUP005,2026-04-04,2026-04-11,2026-04-11,372,348,0.9351,0,True,Ambient,Complete
PO001427,2026-04-06,ST020,SUP001,2026-04-04,2026-04-10,2026-04-10,147,147,1.0,0,True,Ambient,Complete
PO001428,2026-04-06,ST020,SUP012,2026-04-04,2026-04-10,2026-04-10,216,215,0.9971,0,True,Ambient,Complete
PO001429,2026-04-06,ST020,SUP002,2026-04-04,2026-04-09,2026-04-09,307,284,0.9252,0,True,Chilled,Complete
PO001430,2026-04-06,ST020,SUP007,2026-04-04,2026-04-09,2026-04-09,335,293,0.8736,0,True,Chilled,Short
PO001431,2026-04-06,ST020,SUP006,2026-04-04,2026-04-10,2026-04-10,121,116,0.9627,0,True,Ambient,Complete
PO001432,2026-04-06,ST020,SUP004,2026-04-04,2026-04-11,2026-04-11,339,316,0.9324,0,True,Ambient,Complete
PO001433,2026-04-06,ST020,SUP010,2026-04-04,2026-04-12,2026-04-12,289,243,0.84,0,True,Ambient,Short
PO001434,2026-04-06,ST020,SUP005,2026-04-04,2026-04-11,2026-04-11,326,326,1.0,0,True,Ambient,Complete
PO001435,2026-04-06,ST020,SUP009,2026-04-04,2026-04-10,2026-04-10,287,269,0.9368,0,True,Ambient,Complete
PO001436,2026-04-06,ST021,SUP001,2026-04-04,2026-04-10,2026-04-10,366,365,0.9973,0,True,Ambient,Complete
PO001437,2026-04-06,ST021,SUP012,2026-04-04,2026-04-10,2026-04-10,203,195,0.9623,0,True,Ambient,Complete
PO001438,2026-04-06,ST021,SUP011,2026-04-04,2026-04-11,2026-04-11,318,318,1.0,0,True,Ambient,Complete
PO001439,2026-04-06,ST021,SUP002,2026-04-04,2026-04-09,2026-04-09,383,372,0.9723,0,True,Chilled,Complete
PO001440,2026-04-06,ST021,SUP004,2026-04-04,2026-04-11,2026-04-11,227,210,0.9235,0,True,Ambient,Complete
PO001441,2026-04-06,ST021,SUP005,2026-04-04,2026-04-11,2026-04-11,159,141,0.8895,0,True,Ambient,Short
PO001442,2026-04-06,ST021,SUP009,2026-04-04,2026-04-10,2026-04-10,372,363,0.9769,0,True,Ambient,Complete
PO001443,2026-04-06,ST022,SUP001,2026-04-04,2026-04-10,2026-04-10,150,135,0.8974,0,True,Ambient,Short
PO001444,2026-04-06,ST022,SUP008,2026-04-04,2026-04-13,2026-04-13,137,132,0.965,0,True,Ambient,Complete
PO001445,2026-04-06,ST022,SUP007,2026-04-04,2026-04-09,2026-04-09,244,236,0.9677,0,True,Chilled,Complete
PO001446,2026-04-06,ST022,SUP006,2026-04-04,2026-04-10,2026-04-10,176,165,0.9398,0,True,Ambient,Complete
PO001447,2026-04-06,ST022,SUP010,2026-04-04,2026-04-12,2026-04-15,289,260,0.9003,3,False,Ambient,Late
PO001448,2026-04-06,ST022,SUP005,2026-04-04,2026-04-11,2026-04-11,300,283,0.9449,0,True,Ambient,Complete
PO001449,2026-04-06,ST022,SUP009,2026-04-04,2026-04-10,2026-04-10,358,347,0.9703,0,True,Ambient,Complete
PO001450,2026-04-06,ST023,SUP012,2026-04-04,2026-04-10,2026-04-10,136,127,0.9342,0,True,Ambient,Complete
PO001451,2026-04-06,ST023,SUP003,2026-04-04,2026-04-10,2026-04-11,282,273,0.968,1,False,Ambient,Late
PO001452,2026-04-06,ST023,SUP005,2026-04-04,2026-04-11,2026-04-12,316,276,0.8728,1,False,Ambient,Late / short
PO001453,2026-04-06,ST024,SUP001,2026-04-04,2026-04-10,2026-04-10,185,171,0.9242,0,True,Ambient,Complete
PO001454,2026-04-06,ST024,SUP008,2026-04-04,2026-04-13,2026-04-13,175,154,0.8812,0,True,Ambient,Short
PO001455,2026-04-06,ST024,SUP002,2026-04-04,2026-04-09,2026-04-09,270,270,1.0,0,True,Chilled,Complete
PO001456,2026-04-06,ST024,SUP007,2026-04-04,2026-04-09,2026-04-09,112,108,0.9684,0,True,Chilled,Complete
PO001457,2026-04-06,ST024,SUP006,2026-04-04,2026-04-10,2026-04-10,147,132,0.8947,0,True,Ambient,Short
PO001458,2026-04-06,ST024,SUP003,2026-04-04,2026-04-10,2026-04-10,95,95,0.9995,0,True,Ambient,Complete
PO001459,2026-04-06,ST024,SUP004,2026-04-04,2026-04-11,2026-04-11,281,270,0.9624,0,True,Ambient,Complete
PO001460,2026-04-06,ST024,SUP010,2026-04-04,2026-04-12,2026-04-12,302,277,0.9157,0,True,Ambient,Complete
PO001461,2026-04-06,ST024,SUP005,2026-04-04,2026-04-11,2026-04-11,138,134,0.9721,0,True,Ambient,Complete
PO001462,2026-04-06,ST025,SUP001,2026-04-04,2026-04-10,2026-04-10,409,409,1.0,0,True,Ambient,Complete
PO001463,2026-04-06,ST025,SUP008,2026-04-04,2026-04-13,2026-04-15,309,253,0.8192,2,False,Ambient,Late / short
PO001464,2026-04-06,ST025,SUP011,2026-04-04,2026-04-11,2026-04-11,343,328,0.9557,0,True,Ambient,Complete
PO001465,2026-04-06,ST025,SUP007,2026-04-04,2026-04-09,2026-04-09,131,128,0.9804,0,True,Chilled,Complete
PO001466,2026-04-06,ST025,SUP006,2026-04-04,2026-04-10,2026-04-10,253,239,0.9442,0,True,Ambient,Complete
PO001467,2026-04-06,ST025,SUP003,2026-04-04,2026-04-10,2026-04-10,294,278,0.9471,0,True,Ambient,Complete
PO001468,2026-04-06,ST025,SUP004,2026-04-04,2026-04-11,2026-04-11,290,278,0.9599,0,True,Ambient,Complete
PO001469,2026-04-06,ST025,SUP010,2026-04-04,2026-04-12,2026-04-12,327,307,0.9395,0,True,Ambient,Complete
PO001470,2026-04-06,ST025,SUP005,2026-04-04,2026-04-11,2026-04-11,386,367,0.9511,0,True,Ambient,Complete
PO001471,2026-04-06,ST025,SUP009,2026-04-04,2026-04-10,2026-04-10,145,137,0.9445,0,True,Ambient,Complete
PO001472,2026-04-06,ST026,SUP001,2026-04-04,2026-04-10,2026-04-12,181,175,0.9687,2,False,Ambient,Late
PO001473,2026-04-06,ST026,SUP012,2026-04-04,2026-04-10,2026-04-10,357,322,0.9006,0,True,Ambient,Complete
PO001474,2026-04-06,ST026,SUP007,2026-04-04,2026-04-09,2026-04-09,141,131,0.9294,0,True,Chilled,Complete
PO001475,2026-04-06,ST026,SUP006,2026-04-04,2026-04-10,2026-04-10,152,146,0.9598,0,True,Ambient,Complete
PO001476,2026-04-06,ST026,SUP004,2026-04-04,2026-04-11,2026-04-11,382,354,0.9259,0,True,Ambient,Complete
PO001477,2026-04-06,ST026,SUP010,2026-04-04,2026-04-12,2026-04-12,340,314,0.924,0,True,Ambient,Complete
PO001478,2026-04-06,ST027,SUP001,2026-04-04,2026-04-10,2026-04-10,164,144,0.8792,0,True,Ambient,Short
PO001479,2026-04-06,ST027,SUP011,2026-04-04,2026-04-11,2026-04-11,171,151,0.8826,0,True,Ambient,Short
PO001480,2026-04-06,ST027,SUP006,2026-04-04,2026-04-10,2026-04-10,129,128,0.99,0,True,Ambient,Complete
PO001481,2026-04-06,ST027,SUP003,2026-04-04,2026-04-10,2026-04-10,170,148,0.87,0,True,Ambient,Short
PO001482,2026-04-06,ST027,SUP004,2026-04-04,2026-04-11,2026-04-11,284,283,0.9952,0,True,Ambient,Complete
PO001483,2026-04-06,ST027,SUP010,2026-04-04,2026-04-12,2026-04-12,304,295,0.9701,0,True,Ambient,Complete
PO001484,2026-04-06,ST028,SUP001,2026-04-04,2026-04-10,2026-04-12,295,292,0.9893,2,False,Ambient,Late
PO001485,2026-04-06,ST028,SUP008,2026-04-04,2026-04-13,2026-04-13,99,89,0.901,0,True,Ambient,Complete
PO001486,2026-04-06,ST028,SUP012,2026-04-04,2026-04-10,2026-04-10,294,261,0.887,0,True,Ambient,Short
PO001487,2026-04-06,ST028,SUP011,2026-04-04,2026-04-11,2026-04-11,161,139,0.8649,0,True,Ambient,Short
PO001488,2026-04-06,ST028,SUP007,2026-04-04,2026-04-09,2026-04-09,265,244,0.9205,0,True,Chilled,Complete
PO001489,2026-04-06,ST028,SUP006,2026-04-04,2026-04-10,2026-04-10,299,273,0.9125,0,True,Ambient,Complete
PO001490,2026-04-06,ST028,SUP003,2026-04-04,2026-04-10,2026-04-10,321,312,0.971,0,True,Ambient,Complete
PO001491,2026-04-06,ST028,SUP004,2026-04-04,2026-04-11,2026-04-11,234,211,0.903,0,True,Ambient,Complete
PO001492,2026-04-06,ST028,SUP009,2026-04-04,2026-04-10,2026-04-10,248,235,0.9486,0,True,Ambient,Complete
PO001493,2026-04-06,ST029,SUP008,2026-04-04,2026-04-13,2026-04-16,254,230,0.9061,3,False,Ambient,Late
PO001494,2026-04-06,ST029,SUP011,2026-04-04,2026-04-11,2026-04-11,353,335,0.9495,0,True,Ambient,Complete
PO001495,2026-04-06,ST029,SUP007,2026-04-04,2026-04-09,2026-04-09,323,303,0.9379,0,True,Chilled,Complete
PO001496,2026-04-06,ST029,SUP003,2026-04-04,2026-04-10,2026-04-10,161,156,0.9713,0,True,Ambient,Complete
PO001497,2026-04-06,ST029,SUP004,2026-04-04,2026-04-11,2026-04-11,151,137,0.9042,0,True,Ambient,Complete
PO001498,2026-04-06,ST029,SUP010,2026-04-04,2026-04-12,2026-04-12,159,150,0.9413,0,True,Ambient,Complete
PO001499,2026-04-06,ST029,SUP005,2026-04-04,2026-04-11,2026-04-11,262,246,0.9379,0,True,Ambient,Complete
PO001500,2026-04-06,ST030,SUP012,2026-04-04,2026-04-10,2026-04-10,388,366,0.9444,0,True,Ambient,Complete
PO001501,2026-04-06,ST030,SUP011,2026-04-04,2026-04-11,2026-04-11,198,187,0.9449,0,True,Ambient,Complete
PO001502,2026-04-06,ST030,SUP003,2026-04-04,2026-04-10,2026-04-10,195,180,0.9233,0,True,Ambient,Complete
PO001503,2026-04-06,ST030,SUP004,2026-04-04,2026-04-11,2026-04-11,376,369,0.9811,0,True,Ambient,Complete
PO001504,2026-04-06,ST030,SUP010,2026-04-04,2026-04-12,2026-04-12,315,296,0.9389,0,True,Ambient,Complete
PO001505,2026-04-06,ST031,SUP008,2026-04-04,2026-04-13,2026-04-13,199,196,0.9824,0,True,Ambient,Complete
PO001506,2026-04-06,ST031,SUP012,2026-04-04,2026-04-10,2026-04-10,207,207,1.0,0,True,Ambient,Complete
PO001507,2026-04-06,ST031,SUP011,2026-04-04,2026-04-11,2026-04-11,182,161,0.883,0,True,Ambient,Short
PO001508,2026-04-06,ST031,SUP006,2026-04-04,2026-04-10,2026-04-10,161,149,0.9268,0,True,Ambient,Complete
PO001509,2026-04-06,ST031,SUP004,2026-04-04,2026-04-11,2026-04-11,248,230,0.9293,0,True,Ambient,Complete
PO001510,2026-04-06,ST031,SUP005,2026-04-04,2026-04-11,2026-04-11,176,159,0.903,0,True,Ambient,Complete
PO001511,2026-04-06,ST032,SUP002,2026-04-04,2026-04-09,2026-04-11,204,191,0.9349,2,False,Chilled,Late
PO001512,2026-04-06,ST032,SUP007,2026-04-04,2026-04-09,2026-04-09,128,125,0.9734,0,True,Chilled,Complete
PO001513,2026-04-06,ST032,SUP006,2026-04-04,2026-04-10,2026-04-10,316,316,1.0,0,True,Ambient,Complete
PO001514,2026-04-06,ST032,SUP010,2026-04-04,2026-04-12,2026-04-13,254,247,0.971,1,False,Ambient,Late
PO001515,2026-04-06,ST032,SUP005,2026-04-04,2026-04-11,2026-04-11,316,274,0.8657,0,True,Ambient,Short
PO001516,2026-04-06,ST033,SUP001,2026-04-04,2026-04-10,2026-04-10,114,108,0.9447,0,True,Ambient,Complete
PO001517,2026-04-06,ST033,SUP008,2026-04-04,2026-04-13,2026-04-13,192,176,0.9174,0,True,Ambient,Complete
PO001518,2026-04-06,ST033,SUP012,2026-04-04,2026-04-10,2026-04-10,277,265,0.9564,0,True,Ambient,Complete
PO001519,2026-04-06,ST033,SUP011,2026-04-04,2026-04-11,2026-04-11,274,260,0.9479,0,True,Ambient,Complete
PO001520,2026-04-06,ST033,SUP007,2026-04-04,2026-04-09,2026-04-09,202,195,0.9646,0,True,Chilled,Complete
PO001521,2026-04-06,ST033,SUP006,2026-04-04,2026-04-10,2026-04-10,213,197,0.9271,0,True,Ambient,Complete
PO001522,2026-04-06,ST033,SUP003,2026-04-04,2026-04-10,2026-04-10,199,177,0.8892,0,True,Ambient,Short
PO001523,2026-04-06,ST033,SUP004,2026-04-04,2026-04-11,2026-04-11,246,236,0.9584,0,True,Ambient,Complete
PO001524,2026-04-06,ST033,SUP005,2026-04-04,2026-04-11,2026-04-11,233,226,0.9704,0,True,Ambient,Complete
PO001525,2026-04-06,ST033,SUP009,2026-04-04,2026-04-10,2026-04-10,251,246,0.9783,0,True,Ambient,Complete
PO001526,2026-04-06,ST034,SUP001,2026-04-04,2026-04-10,2026-04-10,263,247,0.9379,0,True,Ambient,Complete
PO001527,2026-04-06,ST034,SUP002,2026-04-04,2026-04-09,2026-04-09,280,280,1.0,0,True,Chilled,Complete
PO001528,2026-04-06,ST034,SUP006,2026-04-04,2026-04-10,2026-04-10,130,129,0.9917,0,True,Ambient,Complete
PO001529,2026-04-06,ST034,SUP005,2026-04-04,2026-04-11,2026-04-11,272,265,0.9744,0,True,Ambient,Complete
PO001530,2026-04-06,ST035,SUP012,2026-04-04,2026-04-10,2026-04-10,235,234,0.9955,0,True,Ambient,Complete
PO001531,2026-04-06,ST035,SUP011,2026-04-04,2026-04-11,2026-04-11,267,254,0.9523,0,True,Ambient,Complete
PO001532,2026-04-06,ST035,SUP007,2026-04-04,2026-04-09,2026-04-09,239,228,0.9523,0,True,Chilled,Complete
PO001533,2026-04-06,ST035,SUP003,2026-04-04,2026-04-10,2026-04-10,283,279,0.9859,0,True,Ambient,Complete
PO001534,2026-04-06,ST035,SUP010,2026-04-04,2026-04-12,2026-04-12,107,95,0.8867,0,True,Ambient,Short
PO001535,2026-04-06,ST036,SUP011,2026-04-04,2026-04-11,2026-04-11,239,230,0.9614,0,True,Ambient,Complete
PO001536,2026-04-06,ST036,SUP007,2026-04-04,2026-04-09,2026-04-12,174,156,0.897,3,False,Chilled,Late / short
PO001537,2026-04-06,ST036,SUP003,2026-04-04,2026-04-10,2026-04-10,186,172,0.925,0,True,Ambient,Complete
PO001538,2026-04-06,ST036,SUP010,2026-04-04,2026-04-12,2026-04-12,317,291,0.9167,0,True,Ambient,Complete
PO001539,2026-04-06,ST036,SUP005,2026-04-04,2026-04-11,2026-04-11,123,117,0.9472,0,True,Ambient,Complete
PO001540,2026-04-06,ST036,SUP009,2026-04-04,2026-04-10,2026-04-10,189,175,0.9277,0,True,Ambient,Complete
PO001541,2026-04-13,ST001,SUP012,2026-04-11,2026-04-17,2026-04-17,276,263,0.953,0,True,Ambient,Complete
PO001542,2026-04-13,ST001,SUP011,2026-04-11,2026-04-18,2026-04-18,387,363,0.9388,0,True,Ambient,Complete
PO001543,2026-04-13,ST001,SUP002,2026-04-11,2026-04-16,2026-04-16,151,144,0.9567,0,True,Chilled,Complete
PO001544,2026-04-13,ST001,SUP006,2026-04-11,2026-04-17,2026-04-17,278,278,1.0,0,True,Ambient,Complete
PO001545,2026-04-13,ST001,SUP003,2026-04-11,2026-04-17,2026-04-17,183,183,1.0,0,True,Ambient,Complete
PO001546,2026-04-13,ST001,SUP004,2026-04-11,2026-04-18,2026-04-18,239,228,0.9525,0,True,Ambient,Complete
PO001547,2026-04-13,ST001,SUP010,2026-04-11,2026-04-19,2026-04-19,349,310,0.887,0,True,Ambient,Short
PO001548,2026-04-13,ST002,SUP012,2026-04-11,2026-04-17,2026-04-17,426,426,0.9993,0,True,Ambient,Complete
PO001549,2026-04-13,ST002,SUP007,2026-04-11,2026-04-16,2026-04-16,393,366,0.9324,0,True,Chilled,Complete
PO001550,2026-04-13,ST002,SUP006,2026-04-11,2026-04-17,2026-04-17,406,379,0.9344,0,True,Ambient,Complete
PO001551,2026-04-13,ST002,SUP003,2026-04-11,2026-04-17,2026-04-17,182,182,1.0,0,True,Ambient,Complete
PO001552,2026-04-13,ST002,SUP004,2026-04-11,2026-04-18,2026-04-18,441,427,0.9673,0,True,Ambient,Complete
PO001553,2026-04-13,ST002,SUP009,2026-04-11,2026-04-17,2026-04-17,277,257,0.9286,0,True,Ambient,Complete
PO001554,2026-04-13,ST003,SUP001,2026-04-11,2026-04-17,2026-04-17,196,152,0.773,0,True,Ambient,Short
PO001555,2026-04-13,ST003,SUP012,2026-04-11,2026-04-17,2026-04-17,354,312,0.8801,0,True,Ambient,Short
PO001556,2026-04-13,ST003,SUP007,2026-04-11,2026-04-16,2026-04-16,438,437,0.9986,0,True,Chilled,Complete
PO001557,2026-04-13,ST003,SUP006,2026-04-11,2026-04-17,2026-04-17,270,244,0.9045,0,True,Ambient,Complete
PO001558,2026-04-13,ST003,SUP003,2026-04-11,2026-04-17,2026-04-17,359,328,0.9129,0,True,Ambient,Complete
PO001559,2026-04-13,ST004,SUP012,2026-04-11,2026-04-17,2026-04-17,304,282,0.9286,0,True,Ambient,Complete
PO001560,2026-04-13,ST004,SUP007,2026-04-11,2026-04-16,2026-04-16,310,310,1.0,0,True,Chilled,Complete
PO001561,2026-04-13,ST004,SUP006,2026-04-11,2026-04-17,2026-04-17,474,454,0.9582,0,True,Ambient,Complete
PO001562,2026-04-13,ST004,SUP003,2026-04-11,2026-04-17,2026-04-17,320,301,0.9409,0,True,Ambient,Complete
PO001563,2026-04-13,ST004,SUP004,2026-04-11,2026-04-18,2026-04-18,267,248,0.9285,0,True,Ambient,Complete
PO001564,2026-04-13,ST004,SUP005,2026-04-11,2026-04-18,2026-04-18,405,375,0.9263,0,True,Ambient,Complete
PO001565,2026-04-13,ST005,SUP002,2026-04-11,2026-04-16,2026-04-19,312,300,0.9627,3,False,Chilled,Late
PO001566,2026-04-13,ST005,SUP006,2026-04-11,2026-04-17,2026-04-17,183,170,0.9303,0,True,Ambient,Complete
PO001567,2026-04-13,ST005,SUP003,2026-04-11,2026-04-17,2026-04-17,413,387,0.9369,0,True,Ambient,Complete
PO001568,2026-04-13,ST005,SUP010,2026-04-11,2026-04-19,2026-04-19,387,355,0.9161,0,True,Ambient,Complete
PO001569,2026-04-13,ST005,SUP005,2026-04-11,2026-04-18,2026-04-18,236,236,1.0,0,True,Ambient,Complete
PO001570,2026-04-13,ST006,SUP001,2026-04-11,2026-04-17,2026-04-17,413,350,0.8475,0,True,Ambient,Short
PO001571,2026-04-13,ST006,SUP008,2026-04-11,2026-04-20,2026-04-20,421,406,0.9638,0,True,Ambient,Complete
PO001572,2026-04-13,ST006,SUP011,2026-04-11,2026-04-18,2026-04-18,376,376,1.0,0,True,Ambient,Complete
PO001573,2026-04-13,ST006,SUP002,2026-04-11,2026-04-16,2026-04-16,259,230,0.8864,0,True,Chilled,Short
PO001574,2026-04-13,ST006,SUP007,2026-04-11,2026-04-16,2026-04-16,306,273,0.8911,0,True,Chilled,Short
PO001575,2026-04-13,ST006,SUP004,2026-04-11,2026-04-18,2026-04-21,412,404,0.9797,3,False,Ambient,Late
PO001576,2026-04-13,ST006,SUP010,2026-04-11,2026-04-19,2026-04-19,307,278,0.9061,0,True,Ambient,Complete
PO001577,2026-04-13,ST006,SUP005,2026-04-11,2026-04-18,2026-04-18,484,481,0.9946,0,True,Ambient,Complete
PO001578,2026-04-13,ST006,SUP009,2026-04-11,2026-04-17,2026-04-17,252,235,0.9337,0,True,Ambient,Complete
PO001579,2026-04-13,ST007,SUP008,2026-04-11,2026-04-20,2026-04-20,330,276,0.8362,0,True,Ambient,Short
PO001580,2026-04-13,ST007,SUP002,2026-04-11,2026-04-16,2026-04-16,421,408,0.9685,0,True,Chilled,Complete
PO001581,2026-04-13,ST007,SUP006,2026-04-11,2026-04-17,2026-04-17,186,186,1.0,0,True,Ambient,Complete
PO001582,2026-04-13,ST007,SUP004,2026-04-11,2026-04-18,2026-04-18,320,311,0.9709,0,True,Ambient,Complete
PO001583,2026-04-13,ST007,SUP010,2026-04-11,2026-04-19,2026-04-19,486,406,0.8358,0,True,Ambient,Short
PO001584,2026-04-13,ST008,SUP001,2026-04-11,2026-04-17,2026-04-19,424,338,0.7982,2,False,Ambient,Late / short
PO001585,2026-04-13,ST008,SUP008,2026-04-11,2026-04-20,2026-04-20,187,160,0.8582,0,True,Ambient,Short
PO001586,2026-04-13,ST008,SUP011,2026-04-11,2026-04-18,2026-04-18,359,331,0.9213,0,True,Ambient,Complete
PO001587,2026-04-13,ST008,SUP007,2026-04-11,2026-04-16,2026-04-16,298,275,0.9239,0,True,Chilled,Complete
PO001588,2026-04-13,ST008,SUP006,2026-04-11,2026-04-17,2026-04-17,196,188,0.9593,0,True,Ambient,Complete
PO001589,2026-04-13,ST008,SUP003,2026-04-11,2026-04-17,2026-04-18,246,224,0.9113,1,False,Ambient,Late
PO001590,2026-04-13,ST008,SUP004,2026-04-11,2026-04-18,2026-04-18,368,363,0.9854,0,True,Ambient,Complete
PO001591,2026-04-13,ST008,SUP010,2026-04-11,2026-04-19,2026-04-19,378,345,0.9131,0,True,Ambient,Complete
PO001592,2026-04-13,ST009,SUP001,2026-04-11,2026-04-17,2026-04-17,155,111,0.713,0,True,Ambient,Short
PO001593,2026-04-13,ST009,SUP008,2026-04-11,2026-04-20,2026-04-20,411,360,0.8761,0,True,Ambient,Short
PO001594,2026-04-13,ST009,SUP012,2026-04-11,2026-04-17,2026-04-17,311,305,0.9799,0,True,Ambient,Complete
PO001595,2026-04-13,ST009,SUP002,2026-04-11,2026-04-16,2026-04-16,268,255,0.9508,0,True,Chilled,Complete
PO001596,2026-04-13,ST009,SUP003,2026-04-11,2026-04-17,2026-04-17,134,121,0.9046,0,True,Ambient,Complete
PO001597,2026-04-13,ST009,SUP004,2026-04-11,2026-04-18,2026-04-18,387,367,0.9477,0,True,Ambient,Complete
PO001598,2026-04-13,ST009,SUP010,2026-04-11,2026-04-19,2026-04-19,271,262,0.9658,0,True,Ambient,Complete
PO001599,2026-04-13,ST009,SUP005,2026-04-11,2026-04-18,2026-04-18,216,194,0.8977,0,True,Ambient,Short
PO001600,2026-04-13,ST010,SUP006,2026-04-11,2026-04-17,2026-04-17,181,171,0.9443,0,True,Ambient,Complete
PO001601,2026-04-13,ST010,SUP004,2026-04-11,2026-04-18,2026-04-20,175,173,0.986,2,False,Ambient,Late
PO001602,2026-04-13,ST010,SUP010,2026-04-11,2026-04-19,2026-04-19,341,311,0.9117,0,True,Ambient,Complete
PO001603,2026-04-13,ST011,SUP001,2026-04-11,2026-04-17,2026-04-17,206,167,0.812,0,True,Ambient,Short
PO001604,2026-04-13,ST011,SUP012,2026-04-11,2026-04-17,2026-04-17,303,303,1.0,0,True,Ambient,Complete
PO001605,2026-04-13,ST011,SUP011,2026-04-11,2026-04-18,2026-04-18,234,221,0.9446,0,True,Ambient,Complete
PO001606,2026-04-13,ST011,SUP002,2026-04-11,2026-04-16,2026-04-16,417,417,1.0,0,True,Chilled,Complete
PO001607,2026-04-13,ST011,SUP006,2026-04-11,2026-04-17,2026-04-17,211,198,0.937,0,True,Ambient,Complete
PO001608,2026-04-13,ST011,SUP004,2026-04-11,2026-04-18,2026-04-18,391,391,1.0,0,True,Ambient,Complete
PO001609,2026-04-13,ST011,SUP009,2026-04-11,2026-04-17,2026-04-17,304,276,0.9067,0,True,Ambient,Complete
PO001610,2026-04-13,ST012,SUP001,2026-04-11,2026-04-17,2026-04-17,294,232,0.7877,0,True,Ambient,Short
PO001611,2026-04-13,ST012,SUP008,2026-04-11,2026-04-20,2026-04-20,342,317,0.9275,0,True,Ambient,Complete
PO001612,2026-04-13,ST012,SUP012,2026-04-11,2026-04-17,2026-04-17,406,378,0.93,0,True,Ambient,Complete
PO001613,2026-04-13,ST012,SUP007,2026-04-11,2026-04-16,2026-04-16,454,441,0.9711,0,True,Chilled,Complete
PO001614,2026-04-13,ST012,SUP003,2026-04-11,2026-04-17,2026-04-17,282,269,0.9529,0,True,Ambient,Complete
PO001615,2026-04-13,ST012,SUP004,2026-04-11,2026-04-18,2026-04-18,228,213,0.9331,0,True,Ambient,Complete
PO001616,2026-04-13,ST012,SUP010,2026-04-11,2026-04-19,2026-04-19,312,288,0.9241,0,True,Ambient,Complete
PO001617,2026-04-13,ST013,SUP008,2026-04-11,2026-04-20,2026-04-21,198,198,1.0,1,False,Ambient,Late
PO001618,2026-04-13,ST013,SUP012,2026-04-11,2026-04-17,2026-04-17,290,290,1.0,0,True,Ambient,Complete
PO001619,2026-04-13,ST013,SUP011,2026-04-11,2026-04-18,2026-04-18,346,316,0.9127,0,True,Ambient,Complete
PO001620,2026-04-13,ST013,SUP006,2026-04-11,2026-04-17,2026-04-17,203,193,0.9522,0,True,Ambient,Complete
PO001621,2026-04-13,ST013,SUP004,2026-04-11,2026-04-18,2026-04-18,369,369,1.0,0,True,Ambient,Complete
PO001622,2026-04-13,ST013,SUP010,2026-04-11,2026-04-19,2026-04-19,213,185,0.8681,0,True,Ambient,Short
PO001623,2026-04-13,ST014,SUP008,2026-04-11,2026-04-20,2026-04-20,161,142,0.8843,0,True,Ambient,Short
PO001624,2026-04-13,ST014,SUP002,2026-04-11,2026-04-16,2026-04-16,424,393,0.9267,0,True,Chilled,Complete
PO001625,2026-04-13,ST014,SUP006,2026-04-11,2026-04-17,2026-04-17,194,191,0.9826,0,True,Ambient,Complete
PO001626,2026-04-13,ST014,SUP003,2026-04-11,2026-04-17,2026-04-17,415,399,0.9626,0,True,Ambient,Complete
PO001627,2026-04-13,ST014,SUP005,2026-04-11,2026-04-18,2026-04-18,341,328,0.9618,0,True,Ambient,Complete
PO001628,2026-04-13,ST015,SUP011,2026-04-11,2026-04-18,2026-04-18,251,220,0.8781,0,True,Ambient,Short
PO001629,2026-04-13,ST015,SUP009,2026-04-11,2026-04-17,2026-04-17,303,277,0.915,0,True,Ambient,Complete
PO001630,2026-04-13,ST016,SUP001,2026-04-11,2026-04-17,2026-04-17,495,447,0.9038,0,True,Ambient,Complete
PO001631,2026-04-13,ST016,SUP012,2026-04-11,2026-04-17,2026-04-17,151,146,0.9647,0,True,Ambient,Complete
PO001632,2026-04-13,ST016,SUP002,2026-04-11,2026-04-16,2026-04-17,350,308,0.8797,1,False,Chilled,Late / short
PO001633,2026-04-13,ST016,SUP006,2026-04-11,2026-04-17,2026-04-17,336,334,0.9943,0,True,Ambient,Complete
PO001634,2026-04-13,ST016,SUP003,2026-04-11,2026-04-17,2026-04-17,214,195,0.9124,0,True,Ambient,Complete
PO001635,2026-04-13,ST017,SUP001,2026-04-11,2026-04-17,2026-04-17,130,127,0.9799,0,True,Ambient,Complete
PO001636,2026-04-13,ST017,SUP002,2026-04-11,2026-04-16,2026-04-17,333,319,0.9566,1,False,Chilled,Late
PO001637,2026-04-13,ST017,SUP007,2026-04-11,2026-04-16,2026-04-16,345,332,0.9614,0,True,Chilled,Complete
PO001638,2026-04-13,ST017,SUP006,2026-04-11,2026-04-17,2026-04-17,233,225,0.9644,0,True,Ambient,Complete
PO001639,2026-04-13,ST017,SUP004,2026-04-11,2026-04-18,2026-04-19,224,209,0.9328,1,False,Ambient,Late
PO001640,2026-04-13,ST017,SUP010,2026-04-11,2026-04-19,2026-04-19,340,340,1.0,0,True,Ambient,Complete
PO001641,2026-04-13,ST017,SUP005,2026-04-11,2026-04-18,2026-04-18,233,225,0.967,0,True,Ambient,Complete
PO001642,2026-04-13,ST017,SUP009,2026-04-11,2026-04-17,2026-04-17,185,173,0.9376,0,True,Ambient,Complete
PO001643,2026-04-13,ST018,SUP006,2026-04-11,2026-04-17,2026-04-17,322,311,0.9674,0,True,Ambient,Complete
PO001644,2026-04-13,ST018,SUP003,2026-04-11,2026-04-17,2026-04-17,274,262,0.9562,0,True,Ambient,Complete
PO001645,2026-04-13,ST018,SUP004,2026-04-11,2026-04-18,2026-04-19,220,198,0.9009,1,False,Ambient,Late
PO001646,2026-04-13,ST019,SUP001,2026-04-11,2026-04-17,2026-04-17,134,131,0.9741,0,True,Ambient,Complete
PO001647,2026-04-13,ST019,SUP012,2026-04-11,2026-04-17,2026-04-17,341,341,1.0,0,True,Ambient,Complete
PO001648,2026-04-13,ST019,SUP011,2026-04-11,2026-04-18,2026-04-19,144,134,0.9325,1,False,Ambient,Late
PO001649,2026-04-13,ST019,SUP002,2026-04-11,2026-04-16,2026-04-16,364,364,1.0,0,True,Chilled,Complete
PO001650,2026-04-13,ST019,SUP004,2026-04-11,2026-04-18,2026-04-18,231,220,0.9513,0,True,Ambient,Complete
PO001651,2026-04-13,ST019,SUP010,2026-04-11,2026-04-19,2026-04-19,445,396,0.8901,0,True,Ambient,Short
PO001652,2026-04-13,ST019,SUP005,2026-04-11,2026-04-18,2026-04-18,273,258,0.9436,0,True,Ambient,Complete
PO001653,2026-04-13,ST020,SUP001,2026-04-11,2026-04-17,2026-04-17,174,163,0.9359,0,True,Ambient,Complete
PO001654,2026-04-13,ST020,SUP012,2026-04-11,2026-04-17,2026-04-17,172,155,0.9026,0,True,Ambient,Complete
PO001655,2026-04-13,ST020,SUP011,2026-04-11,2026-04-18,2026-04-18,294,251,0.8547,0,True,Ambient,Short
PO001656,2026-04-13,ST020,SUP006,2026-04-11,2026-04-17,2026-04-17,325,301,0.9261,0,True,Ambient,Complete
PO001657,2026-04-13,ST020,SUP003,2026-04-11,2026-04-17,2026-04-17,155,131,0.8423,0,True,Ambient,Short
PO001658,2026-04-13,ST020,SUP009,2026-04-11,2026-04-17,2026-04-17,284,272,0.9575,0,True,Ambient,Complete
PO001659,2026-04-13,ST021,SUP001,2026-04-11,2026-04-17,2026-04-17,403,399,0.9892,0,True,Ambient,Complete
PO001660,2026-04-13,ST021,SUP008,2026-04-11,2026-04-20,2026-04-20,483,461,0.9549,0,True,Ambient,Complete
PO001661,2026-04-13,ST021,SUP007,2026-04-11,2026-04-16,2026-04-16,243,243,1.0,0,True,Chilled,Complete
PO001662,2026-04-13,ST021,SUP003,2026-04-11,2026-04-17,2026-04-17,332,298,0.897,0,True,Ambient,Short
PO001663,2026-04-13,ST021,SUP004,2026-04-11,2026-04-18,2026-04-18,330,273,0.8269,0,True,Ambient,Short
PO001664,2026-04-13,ST021,SUP010,2026-04-11,2026-04-19,2026-04-19,463,407,0.8782,0,True,Ambient,Short
PO001665,2026-04-13,ST022,SUP001,2026-04-11,2026-04-17,2026-04-17,156,155,0.9949,0,True,Ambient,Complete
PO001666,2026-04-13,ST022,SUP012,2026-04-11,2026-04-17,2026-04-17,426,421,0.9878,0,True,Ambient,Complete
PO001667,2026-04-13,ST022,SUP003,2026-04-11,2026-04-17,2026-04-17,451,406,0.9005,0,True,Ambient,Complete
PO001668,2026-04-13,ST022,SUP004,2026-04-11,2026-04-18,2026-04-18,338,338,1.0,0,True,Ambient,Complete
PO001669,2026-04-13,ST022,SUP005,2026-04-11,2026-04-18,2026-04-18,192,173,0.9023,0,True,Ambient,Complete
PO001670,2026-04-13,ST022,SUP009,2026-04-11,2026-04-17,2026-04-17,243,236,0.9728,0,True,Ambient,Complete
PO001671,2026-04-13,ST023,SUP001,2026-04-11,2026-04-17,2026-04-17,294,272,0.9265,0,True,Ambient,Complete
PO001672,2026-04-13,ST023,SUP008,2026-04-11,2026-04-20,2026-04-20,252,239,0.9471,0,True,Ambient,Complete
PO001673,2026-04-13,ST023,SUP002,2026-04-11,2026-04-16,2026-04-16,225,216,0.9617,0,True,Chilled,Complete
PO001674,2026-04-13,ST023,SUP007,2026-04-11,2026-04-16,2026-04-16,344,326,0.9472,0,True,Chilled,Complete
PO001675,2026-04-13,ST023,SUP006,2026-04-11,2026-04-17,2026-04-17,314,314,0.9999,0,True,Ambient,Complete
PO001676,2026-04-13,ST023,SUP003,2026-04-11,2026-04-17,2026-04-17,299,299,1.0,0,True,Ambient,Complete
PO001677,2026-04-13,ST023,SUP005,2026-04-11,2026-04-18,2026-04-18,326,300,0.9205,0,True,Ambient,Complete
PO001678,2026-04-13,ST023,SUP009,2026-04-11,2026-04-17,2026-04-17,247,243,0.9858,0,True,Ambient,Complete
PO001679,2026-04-13,ST024,SUP001,2026-04-11,2026-04-17,2026-04-17,127,126,0.9944,0,True,Ambient,Complete
PO001680,2026-04-13,ST024,SUP007,2026-04-11,2026-04-16,2026-04-16,154,154,1.0,0,True,Chilled,Complete
PO001681,2026-04-13,ST024,SUP006,2026-04-11,2026-04-17,2026-04-18,122,114,0.9327,1,False,Ambient,Late
PO001682,2026-04-13,ST024,SUP004,2026-04-11,2026-04-18,2026-04-18,135,124,0.9161,0,True,Ambient,Complete
PO001683,2026-04-13,ST024,SUP009,2026-04-11,2026-04-17,2026-04-17,244,216,0.8854,0,True,Ambient,Short
PO001684,2026-04-13,ST025,SUP001,2026-04-11,2026-04-17,2026-04-17,253,234,0.9243,0,True,Ambient,Complete
PO001685,2026-04-13,ST025,SUP003,2026-04-11,2026-04-17,2026-04-17,151,146,0.9679,0,True,Ambient,Complete
PO001686,2026-04-13,ST025,SUP004,2026-04-11,2026-04-18,2026-04-21,331,320,0.9672,3,False,Ambient,Late
PO001687,2026-04-13,ST025,SUP010,2026-04-11,2026-04-19,2026-04-19,262,221,0.845,0,True,Ambient,Short
PO001688,2026-04-13,ST026,SUP008,2026-04-11,2026-04-20,2026-04-20,161,134,0.8314,0,True,Ambient,Short
PO001689,2026-04-13,ST026,SUP012,2026-04-11,2026-04-17,2026-04-17,268,249,0.9284,0,True,Ambient,Complete
PO001690,2026-04-13,ST026,SUP011,2026-04-11,2026-04-18,2026-04-18,220,211,0.96,0,True,Ambient,Complete
PO001691,2026-04-13,ST026,SUP002,2026-04-11,2026-04-16,2026-04-16,361,333,0.9228,0,True,Chilled,Complete
PO001692,2026-04-13,ST026,SUP007,2026-04-11,2026-04-16,2026-04-16,374,367,0.9814,0,True,Chilled,Complete
PO001693,2026-04-13,ST026,SUP003,2026-04-11,2026-04-17,2026-04-17,152,147,0.9698,0,True,Ambient,Complete
PO001694,2026-04-13,ST026,SUP004,2026-04-11,2026-04-18,2026-04-18,389,386,0.9932,0,True,Ambient,Complete
PO001695,2026-04-13,ST026,SUP005,2026-04-11,2026-04-18,2026-04-18,138,131,0.9463,0,True,Ambient,Complete
PO001696,2026-04-13,ST026,SUP009,2026-04-11,2026-04-17,2026-04-17,195,190,0.9721,0,True,Ambient,Complete
PO001697,2026-04-13,ST027,SUP008,2026-04-11,2026-04-20,2026-04-20,192,167,0.8711,0,True,Ambient,Short
PO001698,2026-04-13,ST027,SUP011,2026-04-11,2026-04-18,2026-04-18,286,267,0.9352,0,True,Ambient,Complete
PO001699,2026-04-13,ST027,SUP002,2026-04-11,2026-04-16,2026-04-16,206,196,0.9513,0,True,Chilled,Complete
PO001700,2026-04-13,ST027,SUP007,2026-04-11,2026-04-16,2026-04-16,280,246,0.8796,0,True,Chilled,Short
PO001701,2026-04-13,ST027,SUP003,2026-04-11,2026-04-17,2026-04-17,190,165,0.8691,0,True,Ambient,Short
PO001702,2026-04-13,ST027,SUP004,2026-04-11,2026-04-18,2026-04-18,200,195,0.9757,0,True,Ambient,Complete
PO001703,2026-04-13,ST028,SUP001,2026-04-11,2026-04-17,2026-04-17,216,216,1.0,0,True,Ambient,Complete
PO001704,2026-04-13,ST028,SUP008,2026-04-11,2026-04-20,2026-04-20,206,206,1.0,0,True,Ambient,Complete
PO001705,2026-04-13,ST028,SUP012,2026-04-11,2026-04-17,2026-04-17,194,181,0.9316,0,True,Ambient,Complete
PO001706,2026-04-13,ST028,SUP006,2026-04-11,2026-04-17,2026-04-17,322,307,0.9529,0,True,Ambient,Complete
PO001707,2026-04-13,ST028,SUP003,2026-04-11,2026-04-17,2026-04-17,229,229,1.0,0,True,Ambient,Complete
PO001708,2026-04-13,ST028,SUP009,2026-04-11,2026-04-17,2026-04-17,195,182,0.9344,0,True,Ambient,Complete
PO001709,2026-04-13,ST029,SUP001,2026-04-11,2026-04-17,2026-04-17,312,298,0.9545,0,True,Ambient,Complete
PO001710,2026-04-13,ST029,SUP011,2026-04-11,2026-04-18,2026-04-18,283,266,0.9393,0,True,Ambient,Complete
PO001711,2026-04-13,ST029,SUP002,2026-04-11,2026-04-16,2026-04-16,261,239,0.9159,0,True,Chilled,Complete
PO001712,2026-04-13,ST029,SUP007,2026-04-11,2026-04-16,2026-04-16,225,209,0.9294,0,True,Chilled,Complete
PO001713,2026-04-13,ST029,SUP003,2026-04-11,2026-04-17,2026-04-17,358,357,0.997,0,True,Ambient,Complete
PO001714,2026-04-13,ST029,SUP010,2026-04-11,2026-04-19,2026-04-19,316,283,0.8955,0,True,Ambient,Short
PO001715,2026-04-13,ST029,SUP005,2026-04-11,2026-04-18,2026-04-18,318,315,0.99,0,True,Ambient,Complete
PO001716,2026-04-13,ST029,SUP009,2026-04-11,2026-04-17,2026-04-17,349,349,1.0,0,True,Ambient,Complete
PO001717,2026-04-13,ST030,SUP008,2026-04-11,2026-04-20,2026-04-20,159,136,0.8534,0,True,Ambient,Short
PO001718,2026-04-13,ST030,SUP012,2026-04-11,2026-04-17,2026-04-17,273,273,1.0,0,True,Ambient,Complete
PO001719,2026-04-13,ST030,SUP002,2026-04-11,2026-04-16,2026-04-16,125,111,0.8918,0,True,Chilled,Short
PO001720,2026-04-13,ST030,SUP007,2026-04-11,2026-04-16,2026-04-16,178,157,0.8803,0,True,Chilled,Short
PO001721,2026-04-13,ST030,SUP006,2026-04-11,2026-04-17,2026-04-17,157,154,0.9798,0,True,Ambient,Complete
PO001722,2026-04-13,ST030,SUP005,2026-04-11,2026-04-18,2026-04-18,155,155,1.0,0,True,Ambient,Complete
PO001723,2026-04-13,ST030,SUP009,2026-04-11,2026-04-17,2026-04-17,413,388,0.9397,0,True,Ambient,Complete
PO001724,2026-04-13,ST031,SUP008,2026-04-11,2026-04-20,2026-04-20,114,105,0.9174,0,True,Ambient,Complete
PO001725,2026-04-13,ST031,SUP012,2026-04-11,2026-04-17,2026-04-17,164,155,0.9437,0,True,Ambient,Complete
PO001726,2026-04-13,ST031,SUP002,2026-04-11,2026-04-16,2026-04-16,236,203,0.8604,0,True,Chilled,Short
PO001727,2026-04-13,ST031,SUP003,2026-04-11,2026-04-17,2026-04-17,285,285,1.0,0,True,Ambient,Complete
PO001728,2026-04-13,ST031,SUP004,2026-04-11,2026-04-18,2026-04-18,262,262,1.0,0,True,Ambient,Complete
PO001729,2026-04-13,ST031,SUP009,2026-04-11,2026-04-17,2026-04-17,93,93,1.0,0,True,Ambient,Complete
PO001730,2026-04-13,ST032,SUP008,2026-04-11,2026-04-20,2026-04-20,115,112,0.9753,0,True,Ambient,Complete
PO001731,2026-04-13,ST032,SUP011,2026-04-11,2026-04-18,2026-04-18,309,288,0.9326,0,True,Ambient,Complete
PO001732,2026-04-13,ST032,SUP002,2026-04-11,2026-04-16,2026-04-16,222,221,0.9954,0,True,Chilled,Complete
PO001733,2026-04-13,ST032,SUP007,2026-04-11,2026-04-16,2026-04-17,93,88,0.9498,1,False,Chilled,Late
PO001734,2026-04-13,ST032,SUP003,2026-04-11,2026-04-17,2026-04-18,245,237,0.9684,1,False,Ambient,Late
PO001735,2026-04-13,ST032,SUP004,2026-04-11,2026-04-18,2026-04-18,162,149,0.9228,0,True,Ambient,Complete
PO001736,2026-04-13,ST032,SUP010,2026-04-11,2026-04-19,2026-04-19,257,221,0.8602,0,True,Ambient,Short
PO001737,2026-04-13,ST032,SUP005,2026-04-11,2026-04-18,2026-04-18,231,211,0.9117,0,True,Ambient,Complete
PO001738,2026-04-13,ST033,SUP008,2026-04-11,2026-04-20,2026-04-20,157,151,0.9632,0,True,Ambient,Complete
PO001739,2026-04-13,ST033,SUP012,2026-04-11,2026-04-17,2026-04-18,270,270,1.0,1,False,Ambient,Late
PO001740,2026-04-13,ST033,SUP011,2026-04-11,2026-04-18,2026-04-18,111,107,0.9656,0,True,Ambient,Complete
PO001741,2026-04-13,ST033,SUP006,2026-04-11,2026-04-17,2026-04-17,111,94,0.8439,0,True,Ambient,Short
PO001742,2026-04-13,ST033,SUP003,2026-04-11,2026-04-17,2026-04-17,170,165,0.9677,0,True,Ambient,Complete
PO001743,2026-04-13,ST033,SUP005,2026-04-11,2026-04-18,2026-04-18,118,116,0.9868,0,True,Ambient,Complete
PO001744,2026-04-13,ST034,SUP008,2026-04-11,2026-04-20,2026-04-20,138,125,0.9086,0,True,Ambient,Complete
PO001745,2026-04-13,ST034,SUP003,2026-04-11,2026-04-17,2026-04-17,125,119,0.9552,0,True,Ambient,Complete
PO001746,2026-04-13,ST034,SUP004,2026-04-11,2026-04-18,2026-04-18,243,240,0.9878,0,True,Ambient,Complete
PO001747,2026-04-13,ST034,SUP009,2026-04-11,2026-04-17,2026-04-17,275,266,0.9671,0,True,Ambient,Complete
PO001748,2026-04-13,ST035,SUP008,2026-04-11,2026-04-20,2026-04-20,102,88,0.8628,0,True,Ambient,Short
PO001749,2026-04-13,ST035,SUP012,2026-04-11,2026-04-17,2026-04-17,299,286,0.9564,0,True,Ambient,Complete
PO001750,2026-04-13,ST035,SUP007,2026-04-11,2026-04-16,2026-04-16,277,237,0.8559,0,True,Chilled,Short
PO001751,2026-04-13,ST035,SUP005,2026-04-11,2026-04-18,2026-04-18,331,324,0.9789,0,True,Ambient,Complete
PO001752,2026-04-13,ST035,SUP009,2026-04-11,2026-04-17,2026-04-20,272,265,0.9757,3,False,Ambient,Late
PO001753,2026-04-13,ST036,SUP012,2026-04-11,2026-04-17,2026-04-18,98,92,0.9345,1,False,Ambient,Late
PO001754,2026-04-13,ST036,SUP011,2026-04-11,2026-04-18,2026-04-18,225,209,0.9297,0,True,Ambient,Complete
PO001755,2026-04-13,ST036,SUP007,2026-04-11,2026-04-16,2026-04-16,240,217,0.9044,0,True,Chilled,Complete
PO001756,2026-04-13,ST036,SUP003,2026-04-11,2026-04-17,2026-04-18,103,103,0.9975,1,False,Ambient,Late
PO001757,2026-04-13,ST036,SUP010,2026-04-11,2026-04-19,2026-04-19,225,215,0.9538,0,True,Ambient,Complete
PO001758,2026-04-13,ST036,SUP005,2026-04-11,2026-04-18,2026-04-18,296,255,0.8622,0,True,Ambient,Short
PO001759,2026-04-13,ST036,SUP009,2026-04-11,2026-04-17,2026-04-19,110,101,0.9167,2,False,Ambient,Late
PO001760,2026-04-20,ST001,SUP008,2026-04-18,2026-04-27,2026-04-27,209,188,0.9006,0,True,Ambient,Complete
PO001761,2026-04-20,ST001,SUP011,2026-04-18,2026-04-25,2026-04-25,287,269,0.9356,0,True,Ambient,Complete
PO001762,2026-04-20,ST001,SUP002,2026-04-18,2026-04-23,2026-04-23,272,261,0.9578,0,True,Chilled,Complete
PO001763,2026-04-20,ST001,SUP007,2026-04-18,2026-04-23,2026-04-23,124,115,0.924,0,True,Chilled,Complete
PO001764,2026-04-20,ST001,SUP006,2026-04-18,2026-04-24,2026-04-24,311,291,0.9371,0,True,Ambient,Complete
PO001765,2026-04-20,ST001,SUP005,2026-04-18,2026-04-25,2026-04-25,188,174,0.9274,0,True,Ambient,Complete
PO001766,2026-04-20,ST001,SUP009,2026-04-18,2026-04-24,2026-04-24,237,217,0.9169,0,True,Ambient,Complete
PO001767,2026-04-20,ST002,SUP012,2026-04-18,2026-04-24,2026-04-24,179,179,1.0,0,True,Ambient,Complete
PO001768,2026-04-20,ST002,SUP010,2026-04-18,2026-04-26,2026-04-26,389,349,0.8982,0,True,Ambient,Short
PO001769,2026-04-20,ST002,SUP005,2026-04-18,2026-04-25,2026-04-25,445,384,0.8619,0,True,Ambient,Short
PO001770,2026-04-20,ST003,SUP001,2026-04-18,2026-04-24,2026-04-24,184,140,0.7622,0,True,Ambient,Short
PO001771,2026-04-20,ST003,SUP011,2026-04-18,2026-04-25,2026-04-25,394,356,0.9037,0,True,Ambient,Complete
PO001772,2026-04-20,ST003,SUP002,2026-04-18,2026-04-23,2026-04-23,453,398,0.8778,0,True,Chilled,Short
PO001773,2026-04-20,ST003,SUP007,2026-04-18,2026-04-23,2026-04-23,380,357,0.939,0,True,Chilled,Complete
PO001774,2026-04-20,ST003,SUP005,2026-04-18,2026-04-25,2026-04-25,463,414,0.8933,0,True,Ambient,Short
PO001775,2026-04-20,ST003,SUP009,2026-04-18,2026-04-24,2026-04-24,458,438,0.9564,0,True,Ambient,Complete
PO001776,2026-04-20,ST004,SUP001,2026-04-18,2026-04-24,2026-04-24,358,316,0.8838,0,True,Ambient,Short
PO001777,2026-04-20,ST004,SUP008,2026-04-18,2026-04-27,2026-04-27,223,194,0.8687,0,True,Ambient,Short
PO001778,2026-04-20,ST004,SUP012,2026-04-18,2026-04-24,2026-04-24,377,366,0.9701,0,True,Ambient,Complete
PO001779,2026-04-20,ST004,SUP002,2026-04-18,2026-04-23,2026-04-25,462,411,0.8898,2,False,Chilled,Late / short
PO001780,2026-04-20,ST004,SUP007,2026-04-18,2026-04-23,2026-04-26,443,438,0.9898,3,False,Chilled,Late
PO001781,2026-04-20,ST004,SUP010,2026-04-18,2026-04-26,2026-04-28,465,429,0.9232,2,False,Ambient,Late
PO001782,2026-04-20,ST004,SUP005,2026-04-18,2026-04-25,2026-04-25,283,269,0.9494,0,True,Ambient,Complete
PO001783,2026-04-20,ST005,SUP011,2026-04-18,2026-04-25,2026-04-25,342,304,0.8879,0,True,Ambient,Short
PO001784,2026-04-20,ST005,SUP007,2026-04-18,2026-04-23,2026-04-23,356,347,0.9751,0,True,Chilled,Complete
PO001785,2026-04-20,ST005,SUP004,2026-04-18,2026-04-25,2026-04-25,168,158,0.9414,0,True,Ambient,Complete
PO001786,2026-04-20,ST005,SUP009,2026-04-18,2026-04-24,2026-04-24,527,508,0.9636,0,True,Ambient,Complete
PO001787,2026-04-20,ST006,SUP008,2026-04-18,2026-04-27,2026-04-27,395,333,0.8431,0,True,Ambient,Short
PO001788,2026-04-20,ST006,SUP012,2026-04-18,2026-04-24,2026-04-24,294,282,0.9606,0,True,Ambient,Complete
PO001789,2026-04-20,ST006,SUP007,2026-04-18,2026-04-23,2026-04-23,383,356,0.9297,0,True,Chilled,Complete
PO001790,2026-04-20,ST006,SUP006,2026-04-18,2026-04-24,2026-04-24,510,498,0.9759,0,True,Ambient,Complete
PO001791,2026-04-20,ST006,SUP004,2026-04-18,2026-04-25,2026-04-25,241,241,1.0,0,True,Ambient,Complete
PO001792,2026-04-20,ST006,SUP009,2026-04-18,2026-04-24,2026-04-24,161,151,0.9379,0,True,Ambient,Complete
PO001793,2026-04-20,ST007,SUP001,2026-04-18,2026-04-24,2026-04-24,519,399,0.768,0,True,Ambient,Short
PO001794,2026-04-20,ST007,SUP002,2026-04-18,2026-04-23,2026-04-23,241,216,0.8983,0,True,Chilled,Short
PO001795,2026-04-20,ST007,SUP006,2026-04-18,2026-04-24,2026-04-24,463,463,1.0,0,True,Ambient,Complete
PO001796,2026-04-20,ST007,SUP003,2026-04-18,2026-04-24,2026-04-24,439,439,1.0,0,True,Ambient,Complete
PO001797,2026-04-20,ST007,SUP010,2026-04-18,2026-04-26,2026-04-26,362,347,0.9598,0,True,Ambient,Complete
PO001798,2026-04-20,ST007,SUP005,2026-04-18,2026-04-25,2026-04-28,172,165,0.9593,3,False,Ambient,Late
PO001799,2026-04-20,ST007,SUP009,2026-04-18,2026-04-24,2026-04-24,197,184,0.9338,0,True,Ambient,Complete
PO001800,2026-04-20,ST008,SUP012,2026-04-18,2026-04-24,2026-04-24,351,334,0.9504,0,True,Ambient,Complete
PO001801,2026-04-20,ST008,SUP002,2026-04-18,2026-04-23,2026-04-23,242,219,0.9047,0,True,Chilled,Complete
PO001802,2026-04-20,ST008,SUP004,2026-04-18,2026-04-25,2026-04-25,445,420,0.9442,0,True,Ambient,Complete
PO001803,2026-04-20,ST009,SUP001,2026-04-18,2026-04-24,2026-04-24,205,160,0.7818,0,True,Ambient,Short
PO001804,2026-04-20,ST009,SUP002,2026-04-18,2026-04-23,2026-04-26,341,322,0.9437,3,False,Chilled,Late
PO001805,2026-04-20,ST009,SUP007,2026-04-18,2026-04-23,2026-04-23,347,337,0.9718,0,True,Chilled,Complete
PO001806,2026-04-20,ST009,SUP006,2026-04-18,2026-04-24,2026-04-24,245,238,0.972,0,True,Ambient,Complete
PO001807,2026-04-20,ST009,SUP010,2026-04-18,2026-04-26,2026-04-26,398,364,0.9156,0,True,Ambient,Complete
PO001808,2026-04-20,ST009,SUP005,2026-04-18,2026-04-25,2026-04-25,232,209,0.9029,0,True,Ambient,Complete
PO001809,2026-04-20,ST009,SUP009,2026-04-18,2026-04-24,2026-04-24,442,414,0.9373,0,True,Ambient,Complete
PO001810,2026-04-20,ST010,SUP001,2026-04-18,2026-04-24,2026-04-24,485,399,0.8235,0,True,Ambient,Short
PO001811,2026-04-20,ST010,SUP008,2026-04-18,2026-04-27,2026-04-27,359,312,0.8696,0,True,Ambient,Short
PO001812,2026-04-20,ST010,SUP007,2026-04-18,2026-04-23,2026-04-23,387,351,0.9069,0,True,Chilled,Complete
PO001813,2026-04-20,ST010,SUP004,2026-04-18,2026-04-25,2026-04-25,469,454,0.9676,0,True,Ambient,Complete
PO001814,2026-04-20,ST010,SUP010,2026-04-18,2026-04-26,2026-04-26,417,405,0.9705,0,True,Ambient,Complete
PO001815,2026-04-20,ST010,SUP005,2026-04-18,2026-04-25,2026-04-25,454,438,0.9644,0,True,Ambient,Complete
PO001816,2026-04-20,ST010,SUP009,2026-04-18,2026-04-24,2026-04-24,361,351,0.9716,0,True,Ambient,Complete
PO001817,2026-04-20,ST011,SUP001,2026-04-18,2026-04-24,2026-04-27,226,169,0.7471,3,False,Ambient,Late / short
PO001818,2026-04-20,ST011,SUP008,2026-04-18,2026-04-27,2026-04-27,180,162,0.8992,0,True,Ambient,Short
PO001819,2026-04-20,ST011,SUP012,2026-04-18,2026-04-24,2026-04-24,226,218,0.9662,0,True,Ambient,Complete
PO001820,2026-04-20,ST011,SUP004,2026-04-18,2026-04-25,2026-04-25,283,257,0.9089,0,True,Ambient,Complete
PO001821,2026-04-20,ST011,SUP010,2026-04-18,2026-04-26,2026-04-26,364,360,0.9885,0,True,Ambient,Complete
PO001822,2026-04-20,ST011,SUP005,2026-04-18,2026-04-25,2026-04-25,371,318,0.8566,0,True,Ambient,Short
PO001823,2026-04-20,ST012,SUP011,2026-04-18,2026-04-25,2026-04-28,178,164,0.9201,3,False,Ambient,Late
PO001824,2026-04-20,ST012,SUP002,2026-04-18,2026-04-23,2026-04-23,306,290,0.9468,0,True,Chilled,Complete
PO001825,2026-04-20,ST012,SUP004,2026-04-18,2026-04-25,2026-04-25,357,353,0.9878,0,True,Ambient,Complete
PO001826,2026-04-20,ST012,SUP010,2026-04-18,2026-04-26,2026-04-26,417,390,0.9352,0,True,Ambient,Complete
PO001827,2026-04-20,ST012,SUP005,2026-04-18,2026-04-25,2026-04-25,270,259,0.9601,0,True,Ambient,Complete
PO001828,2026-04-20,ST012,SUP009,2026-04-18,2026-04-24,2026-04-24,359,337,0.9388,0,True,Ambient,Complete
PO001829,2026-04-20,ST013,SUP001,2026-04-18,2026-04-24,2026-04-24,375,353,0.9426,0,True,Ambient,Complete
PO001830,2026-04-20,ST013,SUP006,2026-04-18,2026-04-24,2026-04-24,300,284,0.9478,0,True,Ambient,Complete
PO001831,2026-04-20,ST013,SUP003,2026-04-18,2026-04-24,2026-04-24,226,196,0.8678,0,True,Ambient,Short
PO001832,2026-04-20,ST013,SUP004,2026-04-18,2026-04-25,2026-04-25,173,168,0.969,0,True,Ambient,Complete
PO001833,2026-04-20,ST013,SUP010,2026-04-18,2026-04-26,2026-04-26,143,129,0.9022,0,True,Ambient,Complete
PO001834,2026-04-20,ST013,SUP005,2026-04-18,2026-04-25,2026-04-25,154,146,0.948,0,True,Ambient,Complete
PO001835,2026-04-20,ST014,SUP001,2026-04-18,2026-04-24,2026-04-24,198,184,0.9284,0,True,Ambient,Complete
PO001836,2026-04-20,ST014,SUP008,2026-04-18,2026-04-27,2026-04-27,413,368,0.8908,0,True,Ambient,Short
PO001837,2026-04-20,ST014,SUP012,2026-04-18,2026-04-24,2026-04-24,351,351,1.0,0,True,Ambient,Complete
PO001838,2026-04-20,ST014,SUP002,2026-04-18,2026-04-23,2026-04-23,248,225,0.9072,0,True,Chilled,Complete
PO001839,2026-04-20,ST014,SUP007,2026-04-18,2026-04-23,2026-04-23,350,339,0.9699,0,True,Chilled,Complete
PO001840,2026-04-20,ST014,SUP003,2026-04-18,2026-04-24,2026-04-24,210,199,0.9487,0,True,Ambient,Complete
PO001841,2026-04-20,ST014,SUP010,2026-04-18,2026-04-26,2026-04-26,366,355,0.9701,0,True,Ambient,Complete
PO001842,2026-04-20,ST014,SUP005,2026-04-18,2026-04-25,2026-04-25,171,166,0.9679,0,True,Ambient,Complete
PO001843,2026-04-20,ST014,SUP009,2026-04-18,2026-04-24,2026-04-24,405,405,1.0,0,True,Ambient,Complete
PO001844,2026-04-20,ST015,SUP001,2026-04-18,2026-04-24,2026-04-24,114,103,0.8996,0,True,Ambient,Short
PO001845,2026-04-20,ST015,SUP012,2026-04-18,2026-04-24,2026-04-24,164,161,0.984,0,True,Ambient,Complete
PO001846,2026-04-20,ST015,SUP011,2026-04-18,2026-04-25,2026-04-25,334,300,0.8989,0,True,Ambient,Short
PO001847,2026-04-20,ST015,SUP007,2026-04-18,2026-04-23,2026-04-25,283,266,0.9387,2,False,Chilled,Late
PO001848,2026-04-20,ST015,SUP006,2026-04-18,2026-04-24,2026-04-24,280,254,0.906,0,True,Ambient,Complete
PO001849,2026-04-20,ST015,SUP003,2026-04-18,2026-04-24,2026-04-24,223,223,1.0,0,True,Ambient,Complete
PO001850,2026-04-20,ST015,SUP010,2026-04-18,2026-04-26,2026-04-26,173,169,0.9785,0,True,Ambient,Complete
PO001851,2026-04-20,ST015,SUP009,2026-04-18,2026-04-24,2026-04-24,112,104,0.9296,0,True,Ambient,Complete
PO001852,2026-04-20,ST016,SUP001,2026-04-18,2026-04-24,2026-04-24,461,453,0.9824,0,True,Ambient,Complete
PO001853,2026-04-20,ST016,SUP008,2026-04-18,2026-04-27,2026-04-27,385,335,0.8696,0,True,Ambient,Short
PO001854,2026-04-20,ST016,SUP002,2026-04-18,2026-04-23,2026-04-23,300,248,0.8255,0,True,Chilled,Short
PO001855,2026-04-20,ST016,SUP007,2026-04-18,2026-04-23,2026-04-23,303,259,0.856,0,True,Chilled,Short
PO001856,2026-04-20,ST016,SUP006,2026-04-18,2026-04-24,2026-04-24,376,376,1.0,0,True,Ambient,Complete
PO001857,2026-04-20,ST016,SUP003,2026-04-18,2026-04-24,2026-04-24,270,245,0.907,0,True,Ambient,Complete
PO001858,2026-04-20,ST016,SUP004,2026-04-18,2026-04-25,2026-04-25,243,243,1.0,0,True,Ambient,Complete
PO001859,2026-04-20,ST016,SUP010,2026-04-18,2026-04-26,2026-04-26,234,223,0.9548,0,True,Ambient,Complete
PO001860,2026-04-20,ST017,SUP008,2026-04-18,2026-04-27,2026-04-27,245,226,0.9245,0,True,Ambient,Complete
PO001861,2026-04-20,ST017,SUP002,2026-04-18,2026-04-23,2026-04-23,300,266,0.8852,0,True,Chilled,Short
PO001862,2026-04-20,ST017,SUP006,2026-04-18,2026-04-24,2026-04-24,321,306,0.9537,0,True,Ambient,Complete
PO001863,2026-04-20,ST017,SUP003,2026-04-18,2026-04-24,2026-04-24,137,132,0.9613,0,True,Ambient,Complete
PO001864,2026-04-20,ST017,SUP010,2026-04-18,2026-04-26,2026-04-26,179,152,0.8498,0,True,Ambient,Short
PO001865,2026-04-20,ST017,SUP009,2026-04-18,2026-04-24,2026-04-24,247,241,0.9769,0,True,Ambient,Complete
PO001866,2026-04-20,ST018,SUP001,2026-04-18,2026-04-24,2026-04-24,352,340,0.9661,0,True,Ambient,Complete
PO001867,2026-04-20,ST018,SUP012,2026-04-18,2026-04-24,2026-04-24,318,293,0.9207,0,True,Ambient,Complete
PO001868,2026-04-20,ST018,SUP011,2026-04-18,2026-04-25,2026-04-26,247,237,0.9588,1,False,Ambient,Late
PO001869,2026-04-20,ST018,SUP002,2026-04-18,2026-04-23,2026-04-23,198,175,0.8841,0,True,Chilled,Short
PO001870,2026-04-20,ST018,SUP007,2026-04-18,2026-04-23,2026-04-23,273,254,0.9312,0,True,Chilled,Complete
PO001871,2026-04-20,ST018,SUP006,2026-04-18,2026-04-24,2026-04-24,142,141,0.9942,0,True,Ambient,Complete
PO001872,2026-04-20,ST018,SUP003,2026-04-18,2026-04-24,2026-04-24,195,190,0.9754,0,True,Ambient,Complete
PO001873,2026-04-20,ST018,SUP004,2026-04-18,2026-04-25,2026-04-25,325,320,0.9852,0,True,Ambient,Complete
PO001874,2026-04-20,ST018,SUP010,2026-04-18,2026-04-26,2026-04-26,203,191,0.9414,0,True,Ambient,Complete
PO001875,2026-04-20,ST018,SUP009,2026-04-18,2026-04-24,2026-04-24,299,291,0.974,0,True,Ambient,Complete
PO001876,2026-04-20,ST019,SUP011,2026-04-18,2026-04-25,2026-04-25,372,336,0.9019,0,True,Ambient,Complete
PO001877,2026-04-20,ST019,SUP007,2026-04-18,2026-04-23,2026-04-23,393,388,0.9882,0,True,Chilled,Complete
PO001878,2026-04-20,ST019,SUP004,2026-04-18,2026-04-25,2026-04-25,326,317,0.9739,0,True,Ambient,Complete
PO001879,2026-04-20,ST019,SUP010,2026-04-18,2026-04-26,2026-04-26,148,145,0.9775,0,True,Ambient,Complete
PO001880,2026-04-20,ST019,SUP005,2026-04-18,2026-04-25,2026-04-25,329,326,0.9911,0,True,Ambient,Complete
PO001881,2026-04-20,ST020,SUP001,2026-04-18,2026-04-24,2026-04-24,214,201,0.9373,0,True,Ambient,Complete
PO001882,2026-04-20,ST020,SUP008,2026-04-18,2026-04-27,2026-04-27,224,208,0.9298,0,True,Ambient,Complete
PO001883,2026-04-20,ST020,SUP007,2026-04-18,2026-04-23,2026-04-23,130,124,0.9506,0,True,Chilled,Complete
PO001884,2026-04-20,ST020,SUP003,2026-04-18,2026-04-24,2026-04-24,233,221,0.9467,0,True,Ambient,Complete
PO001885,2026-04-20,ST020,SUP004,2026-04-18,2026-04-25,2026-04-25,201,187,0.9279,0,True,Ambient,Complete
PO001886,2026-04-20,ST020,SUP005,2026-04-18,2026-04-25,2026-04-25,128,113,0.8791,0,True,Ambient,Short
PO001887,2026-04-20,ST020,SUP009,2026-04-18,2026-04-24,2026-04-24,152,146,0.9637,0,True,Ambient,Complete
PO001888,2026-04-20,ST021,SUP001,2026-04-18,2026-04-24,2026-04-24,396,351,0.8862,0,True,Ambient,Short
PO001889,2026-04-20,ST021,SUP008,2026-04-18,2026-04-27,2026-04-27,287,251,0.8754,0,True,Ambient,Short
PO001890,2026-04-20,ST021,SUP002,2026-04-18,2026-04-23,2026-04-23,290,268,0.9253,0,True,Chilled,Complete
PO001891,2026-04-20,ST021,SUP006,2026-04-18,2026-04-24,2026-04-24,470,470,1.0,0,True,Ambient,Complete
PO001892,2026-04-20,ST021,SUP003,2026-04-18,2026-04-24,2026-04-24,153,141,0.9198,0,True,Ambient,Complete
PO001893,2026-04-20,ST021,SUP004,2026-04-18,2026-04-25,2026-04-28,153,142,0.9249,3,False,Ambient,Late
PO001894,2026-04-20,ST021,SUP010,2026-04-18,2026-04-26,2026-04-26,247,247,1.0,0,True,Ambient,Complete
PO001895,2026-04-20,ST021,SUP009,2026-04-18,2026-04-24,2026-04-27,264,250,0.9486,3,False,Ambient,Late
PO001896,2026-04-20,ST022,SUP001,2026-04-18,2026-04-24,2026-04-24,274,271,0.9897,0,True,Ambient,Complete
PO001897,2026-04-20,ST022,SUP008,2026-04-18,2026-04-27,2026-04-27,460,397,0.8632,0,True,Ambient,Short
PO001898,2026-04-20,ST022,SUP012,2026-04-18,2026-04-24,2026-04-24,333,328,0.9859,0,True,Ambient,Complete
PO001899,2026-04-20,ST022,SUP011,2026-04-18,2026-04-25,2026-04-25,231,218,0.943,0,True,Ambient,Complete
PO001900,2026-04-20,ST022,SUP007,2026-04-18,2026-04-23,2026-04-23,391,362,0.9253,0,True,Chilled,Complete
PO001901,2026-04-20,ST022,SUP003,2026-04-18,2026-04-24,2026-04-24,154,144,0.9336,0,True,Ambient,Complete
PO001902,2026-04-20,ST022,SUP010,2026-04-18,2026-04-26,2026-04-26,157,135,0.8577,0,True,Ambient,Short
PO001903,2026-04-20,ST022,SUP005,2026-04-18,2026-04-25,2026-04-25,395,370,0.9356,0,True,Ambient,Complete
PO001904,2026-04-20,ST023,SUP008,2026-04-18,2026-04-27,2026-04-27,196,177,0.9039,0,True,Ambient,Complete
PO001905,2026-04-20,ST023,SUP002,2026-04-18,2026-04-23,2026-04-23,181,158,0.8725,0,True,Chilled,Short
PO001906,2026-04-20,ST023,SUP007,2026-04-18,2026-04-23,2026-04-23,314,309,0.9842,0,True,Chilled,Complete
PO001907,2026-04-20,ST023,SUP003,2026-04-18,2026-04-24,2026-04-24,134,124,0.928,0,True,Ambient,Complete
PO001908,2026-04-20,ST023,SUP004,2026-04-18,2026-04-25,2026-04-27,337,312,0.9271,2,False,Ambient,Late
PO001909,2026-04-20,ST023,SUP010,2026-04-18,2026-04-26,2026-04-26,186,178,0.9567,0,True,Ambient,Complete
PO001910,2026-04-20,ST024,SUP012,2026-04-18,2026-04-24,2026-04-24,172,166,0.9665,0,True,Ambient,Complete
PO001911,2026-04-20,ST024,SUP007,2026-04-18,2026-04-23,2026-04-23,103,98,0.9498,0,True,Chilled,Complete
PO001912,2026-04-20,ST024,SUP010,2026-04-18,2026-04-26,2026-04-26,214,208,0.9702,0,True,Ambient,Complete
PO001913,2026-04-20,ST024,SUP005,2026-04-18,2026-04-25,2026-04-28,307,307,1.0,3,False,Ambient,Late
PO001914,2026-04-20,ST025,SUP001,2026-04-18,2026-04-24,2026-04-24,414,392,0.9471,0,True,Ambient,Complete
PO001915,2026-04-20,ST025,SUP011,2026-04-18,2026-04-25,2026-04-25,303,276,0.9108,0,True,Ambient,Complete
PO001916,2026-04-20,ST025,SUP006,2026-04-18,2026-04-24,2026-04-24,394,371,0.9427,0,True,Ambient,Complete
PO001917,2026-04-20,ST025,SUP003,2026-04-18,2026-04-24,2026-04-24,148,148,0.9968,0,True,Ambient,Complete
PO001918,2026-04-20,ST025,SUP004,2026-04-18,2026-04-25,2026-04-25,155,138,0.892,0,True,Ambient,Short
PO001919,2026-04-20,ST025,SUP009,2026-04-18,2026-04-24,2026-04-24,400,400,1.0,0,True,Ambient,Complete
PO001920,2026-04-20,ST026,SUP001,2026-04-18,2026-04-24,2026-04-24,373,340,0.9104,0,True,Ambient,Complete
PO001921,2026-04-20,ST026,SUP011,2026-04-18,2026-04-25,2026-04-27,333,308,0.924,2,False,Ambient,Late
PO001922,2026-04-20,ST026,SUP002,2026-04-18,2026-04-23,2026-04-23,145,129,0.8888,0,True,Chilled,Short
PO001923,2026-04-20,ST026,SUP007,2026-04-18,2026-04-23,2026-04-23,190,184,0.9703,0,True,Chilled,Complete
PO001924,2026-04-20,ST026,SUP006,2026-04-18,2026-04-24,2026-04-24,283,283,1.0,0,True,Ambient,Complete
PO001925,2026-04-20,ST026,SUP010,2026-04-18,2026-04-26,2026-04-26,130,115,0.8837,0,True,Ambient,Short
PO001926,2026-04-20,ST026,SUP009,2026-04-18,2026-04-24,2026-04-24,192,192,1.0,0,True,Ambient,Complete
PO001927,2026-04-20,ST027,SUP001,2026-04-18,2026-04-24,2026-04-24,224,201,0.8982,0,True,Ambient,Short
PO001928,2026-04-20,ST027,SUP008,2026-04-18,2026-04-27,2026-04-27,288,265,0.9203,0,True,Ambient,Complete
PO001929,2026-04-20,ST027,SUP012,2026-04-18,2026-04-24,2026-04-24,118,111,0.9432,0,True,Ambient,Complete
PO001930,2026-04-20,ST027,SUP002,2026-04-18,2026-04-23,2026-04-23,201,187,0.9288,0,True,Chilled,Complete
PO001931,2026-04-20,ST027,SUP004,2026-04-18,2026-04-25,2026-04-25,265,237,0.8951,0,True,Ambient,Short
PO001932,2026-04-20,ST027,SUP010,2026-04-18,2026-04-26,2026-04-26,323,323,1.0,0,True,Ambient,Complete
PO001933,2026-04-20,ST027,SUP009,2026-04-18,2026-04-24,2026-04-24,100,99,0.9911,0,True,Ambient,Complete
PO001934,2026-04-20,ST028,SUP011,2026-04-18,2026-04-25,2026-04-25,311,294,0.9455,0,True,Ambient,Complete
PO001935,2026-04-20,ST028,SUP007,2026-04-18,2026-04-23,2026-04-23,227,193,0.8503,0,True,Chilled,Short
PO001936,2026-04-20,ST028,SUP003,2026-04-18,2026-04-24,2026-04-24,143,138,0.9621,0,True,Ambient,Complete
PO001937,2026-04-20,ST028,SUP010,2026-04-18,2026-04-26,2026-04-26,213,192,0.9011,0,True,Ambient,Complete
PO001938,2026-04-20,ST029,SUP012,2026-04-18,2026-04-24,2026-04-24,149,149,1.0,0,True,Ambient,Complete
PO001939,2026-04-20,ST029,SUP011,2026-04-18,2026-04-25,2026-04-25,268,267,0.9957,0,True,Ambient,Complete
PO001940,2026-04-20,ST029,SUP007,2026-04-18,2026-04-23,2026-04-23,177,175,0.9911,0,True,Chilled,Complete
PO001941,2026-04-20,ST029,SUP003,2026-04-18,2026-04-24,2026-04-24,245,245,1.0,0,True,Ambient,Complete
PO001942,2026-04-20,ST029,SUP004,2026-04-18,2026-04-25,2026-04-25,220,220,1.0,0,True,Ambient,Complete
PO001943,2026-04-20,ST029,SUP010,2026-04-18,2026-04-26,2026-04-26,361,313,0.867,0,True,Ambient,Short
PO001944,2026-04-20,ST029,SUP009,2026-04-18,2026-04-24,2026-04-26,320,286,0.8924,2,False,Ambient,Late / short
PO001945,2026-04-20,ST030,SUP001,2026-04-18,2026-04-24,2026-04-24,127,119,0.9344,0,True,Ambient,Complete
PO001946,2026-04-20,ST030,SUP007,2026-04-18,2026-04-23,2026-04-23,192,181,0.9423,0,True,Chilled,Complete
PO001947,2026-04-20,ST030,SUP003,2026-04-18,2026-04-24,2026-04-24,242,229,0.9478,0,True,Ambient,Complete
PO001948,2026-04-20,ST030,SUP005,2026-04-18,2026-04-25,2026-04-25,148,148,1.0,0,True,Ambient,Complete
PO001949,2026-04-20,ST031,SUP008,2026-04-18,2026-04-27,2026-04-27,124,119,0.9621,0,True,Ambient,Complete
PO001950,2026-04-20,ST031,SUP012,2026-04-18,2026-04-24,2026-04-24,295,248,0.8407,0,True,Ambient,Short
PO001951,2026-04-20,ST031,SUP011,2026-04-18,2026-04-25,2026-04-25,99,92,0.9303,0,True,Ambient,Complete
PO001952,2026-04-20,ST031,SUP007,2026-04-18,2026-04-23,2026-04-23,157,153,0.975,0,True,Chilled,Complete
PO001953,2026-04-20,ST031,SUP006,2026-04-18,2026-04-24,2026-04-24,293,285,0.9729,0,True,Ambient,Complete
PO001954,2026-04-20,ST031,SUP004,2026-04-18,2026-04-25,2026-04-25,166,166,1.0,0,True,Ambient,Complete
PO001955,2026-04-20,ST031,SUP010,2026-04-18,2026-04-26,2026-04-26,229,221,0.9666,0,True,Ambient,Complete
PO001956,2026-04-20,ST031,SUP005,2026-04-18,2026-04-25,2026-04-27,128,117,0.9174,2,False,Ambient,Late
PO001957,2026-04-20,ST032,SUP008,2026-04-18,2026-04-27,2026-04-27,214,210,0.9804,0,True,Ambient,Complete
PO001958,2026-04-20,ST032,SUP012,2026-04-18,2026-04-24,2026-04-24,227,216,0.9497,0,True,Ambient,Complete
PO001959,2026-04-20,ST032,SUP011,2026-04-18,2026-04-25,2026-04-25,187,182,0.9737,0,True,Ambient,Complete
PO001960,2026-04-20,ST032,SUP002,2026-04-18,2026-04-23,2026-04-23,200,178,0.889,0,True,Chilled,Short
PO001961,2026-04-20,ST032,SUP007,2026-04-18,2026-04-23,2026-04-23,136,122,0.8994,0,True,Chilled,Short
PO001962,2026-04-20,ST032,SUP006,2026-04-18,2026-04-24,2026-04-24,209,209,1.0,0,True,Ambient,Complete
PO001963,2026-04-20,ST032,SUP004,2026-04-18,2026-04-25,2026-04-25,186,181,0.9756,0,True,Ambient,Complete
PO001964,2026-04-20,ST032,SUP010,2026-04-18,2026-04-26,2026-04-26,131,119,0.9083,0,True,Ambient,Complete
PO001965,2026-04-20,ST032,SUP009,2026-04-18,2026-04-24,2026-04-24,265,265,1.0,0,True,Ambient,Complete
PO001966,2026-04-20,ST033,SUP001,2026-04-18,2026-04-24,2026-04-24,145,135,0.9286,0,True,Ambient,Complete
PO001967,2026-04-20,ST033,SUP012,2026-04-18,2026-04-24,2026-04-24,211,211,1.0,0,True,Ambient,Complete
PO001968,2026-04-20,ST033,SUP011,2026-04-18,2026-04-25,2026-04-26,236,225,0.9546,1,False,Ambient,Late
PO001969,2026-04-20,ST033,SUP004,2026-04-18,2026-04-25,2026-04-25,176,176,1.0,0,True,Ambient,Complete
PO001970,2026-04-20,ST033,SUP005,2026-04-18,2026-04-25,2026-04-25,199,178,0.8928,0,True,Ambient,Short
PO001971,2026-04-20,ST033,SUP009,2026-04-18,2026-04-24,2026-04-24,248,237,0.9537,0,True,Ambient,Complete
PO001972,2026-04-20,ST034,SUP001,2026-04-18,2026-04-24,2026-04-24,116,116,1.0,0,True,Ambient,Complete
PO001973,2026-04-20,ST034,SUP012,2026-04-18,2026-04-24,2026-04-24,102,102,1.0,0,True,Ambient,Complete
PO001974,2026-04-20,ST034,SUP011,2026-04-18,2026-04-25,2026-04-25,138,119,0.8641,0,True,Ambient,Short
PO001975,2026-04-20,ST034,SUP006,2026-04-18,2026-04-24,2026-04-24,226,209,0.925,0,True,Ambient,Complete
PO001976,2026-04-20,ST034,SUP003,2026-04-18,2026-04-24,2026-04-24,109,107,0.9831,0,True,Ambient,Complete
PO001977,2026-04-20,ST035,SUP008,2026-04-18,2026-04-27,2026-04-30,338,309,0.913,3,False,Ambient,Late
PO001978,2026-04-20,ST035,SUP012,2026-04-18,2026-04-24,2026-04-24,168,167,0.9949,0,True,Ambient,Complete
PO001979,2026-04-20,ST035,SUP011,2026-04-18,2026-04-25,2026-04-25,145,129,0.8892,0,True,Ambient,Short
PO001980,2026-04-20,ST035,SUP002,2026-04-18,2026-04-23,2026-04-23,124,112,0.9017,0,True,Chilled,Complete
PO001981,2026-04-20,ST035,SUP007,2026-04-18,2026-04-23,2026-04-23,113,113,1.0,0,True,Chilled,Complete
PO001982,2026-04-20,ST035,SUP010,2026-04-18,2026-04-26,2026-04-26,212,206,0.9726,0,True,Ambient,Complete
PO001983,2026-04-20,ST036,SUP012,2026-04-18,2026-04-24,2026-04-24,307,305,0.9936,0,True,Ambient,Complete
PO001984,2026-04-20,ST036,SUP011,2026-04-18,2026-04-25,2026-04-25,315,315,1.0,0,True,Ambient,Complete
PO001985,2026-04-20,ST036,SUP006,2026-04-18,2026-04-24,2026-04-24,168,160,0.9536,0,True,Ambient,Complete
PO001986,2026-04-20,ST036,SUP004,2026-04-18,2026-04-25,2026-04-25,107,98,0.9154,0,True,Ambient,Complete
PO001987,2026-04-20,ST036,SUP010,2026-04-18,2026-04-26,2026-04-26,148,136,0.9182,0,True,Ambient,Complete
PO001988,2026-04-20,ST036,SUP005,2026-04-18,2026-04-25,2026-04-25,110,110,1.0,0,True,Ambient,Complete
PO001989,2026-04-27,ST001,SUP008,2026-04-25,2026-05-04,2026-05-04,279,267,0.9558,0,True,Ambient,Complete
PO001990,2026-04-27,ST001,SUP012,2026-04-25,2026-05-01,2026-05-01,220,219,0.9934,0,True,Ambient,Complete
PO001991,2026-04-27,ST001,SUP011,2026-04-25,2026-05-02,2026-05-02,218,202,0.9248,0,True,Ambient,Complete
PO001992,2026-04-27,ST001,SUP007,2026-04-25,2026-04-30,2026-04-30,219,205,0.9345,0,True,Chilled,Complete
PO001993,2026-04-27,ST001,SUP006,2026-04-25,2026-05-01,2026-05-01,165,165,1.0,0,True,Ambient,Complete
PO001994,2026-04-27,ST001,SUP005,2026-04-25,2026-05-02,2026-05-02,319,301,0.9442,0,True,Ambient,Complete
PO001995,2026-04-27,ST002,SUP001,2026-04-25,2026-05-01,2026-05-01,190,138,0.7286,0,True,Ambient,Short
PO001996,2026-04-27,ST002,SUP012,2026-04-25,2026-05-01,2026-05-01,261,238,0.9112,0,True,Ambient,Complete
PO001997,2026-04-27,ST002,SUP011,2026-04-25,2026-05-02,2026-05-02,266,234,0.8781,0,True,Ambient,Short
PO001998,2026-04-27,ST002,SUP006,2026-04-25,2026-05-01,2026-05-03,159,142,0.8921,2,False,Ambient,Late / short
PO001999,2026-04-27,ST002,SUP010,2026-04-25,2026-05-03,2026-05-03,458,451,0.9847,0,True,Ambient,Complete
PO002000,2026-04-27,ST002,SUP005,2026-04-25,2026-05-02,2026-05-02,275,252,0.9156,0,True,Ambient,Complete
PO002001,2026-04-27,ST003,SUP001,2026-04-25,2026-05-01,2026-05-01,415,368,0.886,0,True,Ambient,Short
PO002002,2026-04-27,ST003,SUP008,2026-04-25,2026-05-04,2026-05-04,435,432,0.9933,0,True,Ambient,Complete
PO002003,2026-04-27,ST003,SUP012,2026-04-25,2026-05-01,2026-05-01,380,380,1.0,0,True,Ambient,Complete
PO002004,2026-04-27,ST003,SUP011,2026-04-25,2026-05-02,2026-05-02,437,437,1.0,0,True,Ambient,Complete
PO002005,2026-04-27,ST003,SUP010,2026-04-25,2026-05-03,2026-05-03,232,228,0.9828,0,True,Ambient,Complete
PO002006,2026-04-27,ST003,SUP009,2026-04-25,2026-05-01,2026-05-01,152,145,0.9551,0,True,Ambient,Complete
PO002007,2026-04-27,ST004,SUP001,2026-04-25,2026-05-01,2026-05-02,185,137,0.7391,1,False,Ambient,Late / short
PO002008,2026-04-27,ST004,SUP008,2026-04-25,2026-05-04,2026-05-04,161,147,0.916,0,True,Ambient,Complete
PO002009,2026-04-27,ST004,SUP011,2026-04-25,2026-05-02,2026-05-02,424,376,0.8879,0,True,Ambient,Short
PO002010,2026-04-27,ST004,SUP002,2026-04-25,2026-04-30,2026-04-30,333,299,0.8983,0,True,Chilled,Short
PO002011,2026-04-27,ST004,SUP006,2026-04-25,2026-05-01,2026-05-01,531,516,0.9722,0,True,Ambient,Complete
PO002012,2026-04-27,ST004,SUP003,2026-04-25,2026-05-01,2026-05-01,292,281,0.9614,0,True,Ambient,Complete
PO002013,2026-04-27,ST004,SUP004,2026-04-25,2026-05-02,2026-05-02,258,229,0.8865,0,True,Ambient,Short
PO002014,2026-04-27,ST005,SUP001,2026-04-25,2026-05-01,2026-05-03,503,391,0.7767,2,False,Ambient,Late / short
PO002015,2026-04-27,ST005,SUP012,2026-04-25,2026-05-01,2026-05-01,338,315,0.9327,0,True,Ambient,Complete
PO002016,2026-04-27,ST005,SUP006,2026-04-25,2026-05-01,2026-05-01,176,176,1.0,0,True,Ambient,Complete
PO002017,2026-04-27,ST005,SUP004,2026-04-25,2026-05-02,2026-05-02,467,447,0.9573,0,True,Ambient,Complete
PO002018,2026-04-27,ST005,SUP005,2026-04-25,2026-05-02,2026-05-02,426,392,0.9213,0,True,Ambient,Complete
PO002019,2026-04-27,ST005,SUP009,2026-04-25,2026-05-01,2026-05-01,160,149,0.9311,0,True,Ambient,Complete
PO002020,2026-04-27,ST006,SUP011,2026-04-25,2026-05-02,2026-05-02,334,283,0.8484,0,True,Ambient,Short
PO002021,2026-04-27,ST006,SUP002,2026-04-25,2026-04-30,2026-04-30,237,200,0.8425,0,True,Chilled,Short
PO002022,2026-04-27,ST006,SUP003,2026-04-25,2026-05-01,2026-05-02,495,483,0.9759,1,False,Ambient,Late
PO002023,2026-04-27,ST006,SUP010,2026-04-25,2026-05-03,2026-05-03,305,262,0.8602,0,True,Ambient,Short
PO002024,2026-04-27,ST006,SUP009,2026-04-25,2026-05-01,2026-05-01,470,470,1.0,0,True,Ambient,Complete
PO002025,2026-04-27,ST007,SUP008,2026-04-25,2026-05-04,2026-05-04,389,361,0.9271,0,True,Ambient,Complete
PO002026,2026-04-27,ST007,SUP012,2026-04-25,2026-05-01,2026-05-01,316,311,0.9834,0,True,Ambient,Complete
PO002027,2026-04-27,ST007,SUP010,2026-04-25,2026-05-03,2026-05-03,383,352,0.9196,0,True,Ambient,Complete
PO002028,2026-04-27,ST007,SUP005,2026-04-25,2026-05-02,2026-05-02,533,475,0.8913,0,True,Ambient,Short
PO002029,2026-04-27,ST007,SUP009,2026-04-25,2026-05-01,2026-05-01,388,388,1.0,0,True,Ambient,Complete
PO002030,2026-04-27,ST008,SUP008,2026-04-25,2026-05-04,2026-05-04,206,206,1.0,0,True,Ambient,Complete
PO002031,2026-04-27,ST008,SUP012,2026-04-25,2026-05-01,2026-05-01,311,308,0.9888,0,True,Ambient,Complete
PO002032,2026-04-27,ST008,SUP007,2026-04-25,2026-04-30,2026-04-30,225,218,0.967,0,True,Chilled,Complete
PO002033,2026-04-27,ST008,SUP006,2026-04-25,2026-05-01,2026-05-01,452,401,0.887,0,True,Ambient,Short
PO002034,2026-04-27,ST008,SUP003,2026-04-25,2026-05-01,2026-05-01,354,332,0.9377,0,True,Ambient,Complete
PO002035,2026-04-27,ST008,SUP010,2026-04-25,2026-05-03,2026-05-03,187,174,0.9327,0,True,Ambient,Complete
PO002036,2026-04-27,ST008,SUP005,2026-04-25,2026-05-02,2026-05-02,323,304,0.9417,0,True,Ambient,Complete
PO002037,2026-04-27,ST008,SUP009,2026-04-25,2026-05-01,2026-05-01,433,392,0.9057,0,True,Ambient,Complete
PO002038,2026-04-27,ST009,SUP008,2026-04-25,2026-05-04,2026-05-04,134,120,0.8935,0,True,Ambient,Short
PO002039,2026-04-27,ST009,SUP012,2026-04-25,2026-05-01,2026-05-01,346,326,0.9418,0,True,Ambient,Complete
PO002040,2026-04-27,ST009,SUP002,2026-04-25,2026-04-30,2026-04-30,449,404,0.8996,0,True,Chilled,Short
PO002041,2026-04-27,ST009,SUP007,2026-04-25,2026-04-30,2026-04-30,367,315,0.8576,0,True,Chilled,Short
PO002042,2026-04-27,ST009,SUP003,2026-04-25,2026-05-01,2026-05-01,355,338,0.9507,0,True,Ambient,Complete
PO002043,2026-04-27,ST009,SUP004,2026-04-25,2026-05-02,2026-05-02,410,345,0.8415,0,True,Ambient,Short
PO002044,2026-04-27,ST009,SUP010,2026-04-25,2026-05-03,2026-05-03,418,360,0.8618,0,True,Ambient,Short
PO002045,2026-04-27,ST009,SUP005,2026-04-25,2026-05-02,2026-05-02,374,348,0.9293,0,True,Ambient,Complete
PO002046,2026-04-27,ST009,SUP009,2026-04-25,2026-05-01,2026-05-01,230,226,0.9841,0,True,Ambient,Complete
PO002047,2026-04-27,ST010,SUP002,2026-04-25,2026-04-30,2026-04-30,431,421,0.9771,0,True,Chilled,Complete
PO002048,2026-04-27,ST010,SUP007,2026-04-25,2026-04-30,2026-04-30,273,247,0.9056,0,True,Chilled,Complete
PO002049,2026-04-27,ST010,SUP006,2026-04-25,2026-05-01,2026-05-01,204,203,0.9932,0,True,Ambient,Complete
PO002050,2026-04-27,ST010,SUP003,2026-04-25,2026-05-01,2026-05-01,303,272,0.8963,0,True,Ambient,Short
PO002051,2026-04-27,ST011,SUP001,2026-04-25,2026-05-01,2026-05-01,302,264,0.8748,0,True,Ambient,Short
PO002052,2026-04-27,ST011,SUP008,2026-04-25,2026-05-04,2026-05-06,370,337,0.9095,2,False,Ambient,Late
PO002053,2026-04-27,ST011,SUP011,2026-04-25,2026-05-02,2026-05-02,346,338,0.9758,0,True,Ambient,Complete
PO002054,2026-04-27,ST011,SUP006,2026-04-25,2026-05-01,2026-05-01,374,326,0.8726,0,True,Ambient,Short
PO002055,2026-04-27,ST012,SUP008,2026-04-25,2026-05-04,2026-05-04,361,355,0.9825,0,True,Ambient,Complete
PO002056,2026-04-27,ST012,SUP011,2026-04-25,2026-05-02,2026-05-02,433,393,0.9084,0,True,Ambient,Complete
PO002057,2026-04-27,ST012,SUP005,2026-04-25,2026-05-02,2026-05-02,205,186,0.9073,0,True,Ambient,Complete
PO002058,2026-04-27,ST012,SUP009,2026-04-25,2026-05-01,2026-05-01,375,351,0.9365,0,True,Ambient,Complete
PO002059,2026-04-27,ST013,SUP001,2026-04-25,2026-05-01,2026-05-01,322,311,0.9672,0,True,Ambient,Complete
PO002060,2026-04-27,ST013,SUP011,2026-04-25,2026-05-02,2026-05-02,325,325,1.0,0,True,Ambient,Complete
PO002061,2026-04-27,ST013,SUP007,2026-04-25,2026-04-30,2026-04-30,188,186,0.988,0,True,Chilled,Complete
PO002062,2026-04-27,ST013,SUP006,2026-04-25,2026-05-01,2026-05-01,225,217,0.9662,0,True,Ambient,Complete
PO002063,2026-04-27,ST013,SUP003,2026-04-25,2026-05-01,2026-05-01,321,321,1.0,0,True,Ambient,Complete
PO002064,2026-04-27,ST013,SUP005,2026-04-25,2026-05-02,2026-05-02,250,229,0.9174,0,True,Ambient,Complete
PO002065,2026-04-27,ST014,SUP008,2026-04-25,2026-05-04,2026-05-04,142,132,0.9281,0,True,Ambient,Complete
PO002066,2026-04-27,ST014,SUP007,2026-04-25,2026-04-30,2026-04-30,219,196,0.8946,0,True,Chilled,Short
PO002067,2026-04-27,ST014,SUP006,2026-04-25,2026-05-01,2026-05-01,149,144,0.9669,0,True,Ambient,Complete
PO002068,2026-04-27,ST014,SUP003,2026-04-25,2026-05-01,2026-05-02,308,275,0.8927,1,False,Ambient,Late / short
PO002069,2026-04-27,ST014,SUP004,2026-04-25,2026-05-02,2026-05-02,326,296,0.9095,0,True,Ambient,Complete
PO002070,2026-04-27,ST014,SUP005,2026-04-25,2026-05-02,2026-05-02,291,271,0.9301,0,True,Ambient,Complete
PO002071,2026-04-27,ST015,SUP001,2026-04-25,2026-05-01,2026-05-01,366,354,0.966,0,True,Ambient,Complete
PO002072,2026-04-27,ST015,SUP011,2026-04-25,2026-05-02,2026-05-02,337,321,0.9538,0,True,Ambient,Complete
PO002073,2026-04-27,ST015,SUP007,2026-04-25,2026-04-30,2026-04-30,235,222,0.9451,0,True,Chilled,Complete
PO002074,2026-04-27,ST015,SUP006,2026-04-25,2026-05-01,2026-05-01,128,126,0.9812,0,True,Ambient,Complete
PO002075,2026-04-27,ST015,SUP009,2026-04-25,2026-05-01,2026-05-01,341,336,0.9865,0,True,Ambient,Complete
PO002076,2026-04-27,ST016,SUP001,2026-04-25,2026-05-01,2026-05-01,409,393,0.9598,0,True,Ambient,Complete
PO002077,2026-04-27,ST016,SUP008,2026-04-25,2026-05-04,2026-05-04,443,443,1.0,0,True,Ambient,Complete
PO002078,2026-04-27,ST016,SUP012,2026-04-25,2026-05-01,2026-05-01,478,478,1.0,0,True,Ambient,Complete
PO002079,2026-04-27,ST016,SUP003,2026-04-25,2026-05-01,2026-05-01,339,304,0.8956,0,True,Ambient,Short
PO002080,2026-04-27,ST016,SUP010,2026-04-25,2026-05-03,2026-05-04,345,313,0.9063,1,False,Ambient,Late
PO002081,2026-04-27,ST016,SUP009,2026-04-25,2026-05-01,2026-05-01,454,436,0.9601,0,True,Ambient,Complete
PO002082,2026-04-27,ST017,SUP011,2026-04-25,2026-05-02,2026-05-02,273,260,0.953,0,True,Ambient,Complete
PO002083,2026-04-27,ST017,SUP002,2026-04-25,2026-04-30,2026-04-30,241,240,0.9949,0,True,Chilled,Complete
PO002084,2026-04-27,ST017,SUP007,2026-04-25,2026-04-30,2026-04-30,308,304,0.9868,0,True,Chilled,Complete
PO002085,2026-04-27,ST017,SUP006,2026-04-25,2026-05-01,2026-05-01,320,317,0.9908,0,True,Ambient,Complete
PO002086,2026-04-27,ST017,SUP004,2026-04-25,2026-05-02,2026-05-02,358,328,0.9154,0,True,Ambient,Complete
PO002087,2026-04-27,ST017,SUP009,2026-04-25,2026-05-01,2026-05-01,164,149,0.91,0,True,Ambient,Complete
PO002088,2026-04-27,ST018,SUP001,2026-04-25,2026-05-01,2026-05-01,271,241,0.8891,0,True,Ambient,Short
PO002089,2026-04-27,ST018,SUP007,2026-04-25,2026-04-30,2026-04-30,373,342,0.9165,0,True,Chilled,Complete
PO002090,2026-04-27,ST018,SUP006,2026-04-25,2026-05-01,2026-05-01,136,121,0.8905,0,True,Ambient,Short
PO002091,2026-04-27,ST018,SUP003,2026-04-25,2026-05-01,2026-05-01,323,318,0.9856,0,True,Ambient,Complete
PO002092,2026-04-27,ST018,SUP010,2026-04-25,2026-05-03,2026-05-03,177,147,0.8291,0,True,Ambient,Short
PO002093,2026-04-27,ST018,SUP005,2026-04-25,2026-05-02,2026-05-02,278,262,0.9416,0,True,Ambient,Complete
PO002094,2026-04-27,ST019,SUP001,2026-04-25,2026-05-01,2026-05-01,161,145,0.8987,0,True,Ambient,Short
PO002095,2026-04-27,ST019,SUP008,2026-04-25,2026-05-04,2026-05-04,426,359,0.8417,0,True,Ambient,Short
PO002096,2026-04-27,ST019,SUP011,2026-04-25,2026-05-02,2026-05-02,257,225,0.8747,0,True,Ambient,Short
PO002097,2026-04-27,ST019,SUP002,2026-04-25,2026-04-30,2026-04-30,162,140,0.8666,0,True,Chilled,Short
PO002098,2026-04-27,ST019,SUP007,2026-04-25,2026-04-30,2026-04-30,455,386,0.8478,0,True,Chilled,Short
PO002099,2026-04-27,ST019,SUP006,2026-04-25,2026-05-01,2026-05-04,349,330,0.9468,3,False,Ambient,Late
PO002100,2026-04-27,ST019,SUP003,2026-04-25,2026-05-01,2026-05-01,438,438,1.0,0,True,Ambient,Complete
PO002101,2026-04-27,ST019,SUP004,2026-04-25,2026-05-02,2026-05-02,317,294,0.9287,0,True,Ambient,Complete
PO002102,2026-04-27,ST019,SUP010,2026-04-25,2026-05-03,2026-05-03,363,329,0.9062,0,True,Ambient,Complete
PO002103,2026-04-27,ST019,SUP009,2026-04-25,2026-05-01,2026-05-01,375,375,1.0,0,True,Ambient,Complete
PO002104,2026-04-27,ST020,SUP002,2026-04-25,2026-04-30,2026-04-30,229,215,0.9369,0,True,Chilled,Complete
PO002105,2026-04-27,ST020,SUP009,2026-04-25,2026-05-01,2026-05-02,179,179,0.9979,1,False,Ambient,Late
PO002106,2026-04-27,ST021,SUP012,2026-04-25,2026-05-01,2026-05-01,190,169,0.8915,0,True,Ambient,Short
PO002107,2026-04-27,ST021,SUP011,2026-04-25,2026-05-02,2026-05-02,329,329,1.0,0,True,Ambient,Complete
PO002108,2026-04-27,ST021,SUP003,2026-04-25,2026-05-01,2026-05-01,191,190,0.9923,0,True,Ambient,Complete
PO002109,2026-04-27,ST021,SUP004,2026-04-25,2026-05-02,2026-05-02,237,224,0.947,0,True,Ambient,Complete
PO002110,2026-04-27,ST021,SUP010,2026-04-25,2026-05-03,2026-05-03,451,422,0.936,0,True,Ambient,Complete
PO002111,2026-04-27,ST021,SUP009,2026-04-25,2026-05-01,2026-05-01,268,253,0.9432,0,True,Ambient,Complete
PO002112,2026-04-27,ST022,SUP002,2026-04-25,2026-04-30,2026-04-30,218,189,0.8676,0,True,Chilled,Short
PO002113,2026-04-27,ST022,SUP007,2026-04-25,2026-04-30,2026-04-30,341,319,0.935,0,True,Chilled,Complete
PO002114,2026-04-27,ST022,SUP004,2026-04-25,2026-05-02,2026-05-02,153,139,0.9116,0,True,Ambient,Complete
PO002115,2026-04-27,ST022,SUP010,2026-04-25,2026-05-03,2026-05-03,193,179,0.9295,0,True,Ambient,Complete
PO002116,2026-04-27,ST022,SUP005,2026-04-25,2026-05-02,2026-05-02,169,152,0.8978,0,True,Ambient,Short
PO002117,2026-04-27,ST022,SUP009,2026-04-25,2026-05-01,2026-05-01,427,427,0.999,0,True,Ambient,Complete
PO002118,2026-04-27,ST023,SUP001,2026-04-25,2026-05-01,2026-05-01,157,147,0.9354,0,True,Ambient,Complete
PO002119,2026-04-27,ST023,SUP008,2026-04-25,2026-05-04,2026-05-04,241,214,0.8881,0,True,Ambient,Short
PO002120,2026-04-27,ST023,SUP011,2026-04-25,2026-05-02,2026-05-02,327,310,0.9465,0,True,Ambient,Complete
PO002121,2026-04-27,ST023,SUP002,2026-04-25,2026-04-30,2026-05-03,271,239,0.882,3,False,Chilled,Late / short
PO002122,2026-04-27,ST023,SUP007,2026-04-25,2026-04-30,2026-04-30,299,268,0.8957,0,True,Chilled,Short
PO002123,2026-04-27,ST023,SUP005,2026-04-25,2026-05-02,2026-05-02,353,348,0.985,0,True,Ambient,Complete
PO002124,2026-04-27,ST024,SUP001,2026-04-25,2026-05-01,2026-05-01,291,275,0.9442,0,True,Ambient,Complete
PO002125,2026-04-27,ST024,SUP008,2026-04-25,2026-05-04,2026-05-04,166,157,0.9455,0,True,Ambient,Complete
PO002126,2026-04-27,ST024,SUP011,2026-04-25,2026-05-02,2026-05-02,158,154,0.9775,0,True,Ambient,Complete
PO002127,2026-04-27,ST024,SUP007,2026-04-25,2026-04-30,2026-04-30,156,140,0.8979,0,True,Chilled,Short
PO002128,2026-04-27,ST024,SUP006,2026-04-25,2026-05-01,2026-05-01,93,91,0.9823,0,True,Ambient,Complete
PO002129,2026-04-27,ST024,SUP010,2026-04-25,2026-05-03,2026-05-03,162,155,0.9538,0,True,Ambient,Complete
PO002130,2026-04-27,ST024,SUP005,2026-04-25,2026-05-02,2026-05-02,238,194,0.8151,0,True,Ambient,Short
PO002131,2026-04-27,ST024,SUP009,2026-04-25,2026-05-01,2026-05-01,317,307,0.9684,0,True,Ambient,Complete
PO002132,2026-04-27,ST025,SUP008,2026-04-25,2026-05-04,2026-05-04,144,131,0.9118,0,True,Ambient,Complete
PO002133,2026-04-27,ST025,SUP007,2026-04-25,2026-04-30,2026-04-30,132,132,1.0,0,True,Chilled,Complete
PO002134,2026-04-27,ST025,SUP003,2026-04-25,2026-05-01,2026-05-01,232,216,0.9318,0,True,Ambient,Complete
PO002135,2026-04-27,ST025,SUP004,2026-04-25,2026-05-02,2026-05-02,276,261,0.944,0,True,Ambient,Complete
PO002136,2026-04-27,ST025,SUP010,2026-04-25,2026-05-03,2026-05-03,213,189,0.8873,0,True,Ambient,Short
PO002137,2026-04-27,ST025,SUP005,2026-04-25,2026-05-02,2026-05-02,407,351,0.8636,0,True,Ambient,Short
PO002138,2026-04-27,ST026,SUP011,2026-04-25,2026-05-02,2026-05-02,262,250,0.9525,0,True,Ambient,Complete
PO002139,2026-04-27,ST026,SUP002,2026-04-25,2026-04-30,2026-04-30,202,202,1.0,0,True,Chilled,Complete
PO002140,2026-04-27,ST026,SUP007,2026-04-25,2026-04-30,2026-04-30,329,279,0.8492,0,True,Chilled,Short
PO002141,2026-04-27,ST026,SUP003,2026-04-25,2026-05-01,2026-05-01,231,229,0.9918,0,True,Ambient,Complete
PO002142,2026-04-27,ST026,SUP004,2026-04-25,2026-05-02,2026-05-04,120,113,0.9416,2,False,Ambient,Late
PO002143,2026-04-27,ST026,SUP005,2026-04-25,2026-05-02,2026-05-02,362,346,0.9554,0,True,Ambient,Complete
PO002144,2026-04-27,ST027,SUP001,2026-04-25,2026-05-01,2026-05-01,157,132,0.8411,0,True,Ambient,Short
PO002145,2026-04-27,ST027,SUP008,2026-04-25,2026-05-04,2026-05-04,239,210,0.8786,0,True,Ambient,Short
PO002146,2026-04-27,ST027,SUP011,2026-04-25,2026-05-02,2026-05-02,253,243,0.9593,0,True,Ambient,Complete
PO002147,2026-04-27,ST027,SUP006,2026-04-25,2026-05-01,2026-05-01,164,154,0.941,0,True,Ambient,Complete
PO002148,2026-04-27,ST027,SUP003,2026-04-25,2026-05-01,2026-05-01,114,114,1.0,0,True,Ambient,Complete
PO002149,2026-04-27,ST027,SUP010,2026-04-25,2026-05-03,2026-05-03,241,209,0.8691,0,True,Ambient,Short
PO002150,2026-04-27,ST027,SUP005,2026-04-25,2026-05-02,2026-05-04,204,195,0.9559,2,False,Ambient,Late
PO002151,2026-04-27,ST027,SUP009,2026-04-25,2026-05-01,2026-05-01,161,154,0.9552,0,True,Ambient,Complete
PO002152,2026-04-27,ST028,SUP001,2026-04-25,2026-05-01,2026-05-02,296,261,0.8812,1,False,Ambient,Late / short
PO002153,2026-04-27,ST028,SUP012,2026-04-25,2026-05-01,2026-05-01,214,195,0.9093,0,True,Ambient,Complete
PO002154,2026-04-27,ST028,SUP006,2026-04-25,2026-05-01,2026-05-01,231,226,0.9805,0,True,Ambient,Complete
PO002155,2026-04-27,ST028,SUP004,2026-04-25,2026-05-02,2026-05-02,217,207,0.9558,0,True,Ambient,Complete
PO002156,2026-04-27,ST028,SUP010,2026-04-25,2026-05-03,2026-05-03,295,274,0.928,0,True,Ambient,Complete
PO002157,2026-04-27,ST028,SUP005,2026-04-25,2026-05-02,2026-05-02,310,305,0.9837,0,True,Ambient,Complete
PO002158,2026-04-27,ST028,SUP009,2026-04-25,2026-05-01,2026-05-01,142,123,0.8694,0,True,Ambient,Short
PO002159,2026-04-27,ST029,SUP001,2026-04-25,2026-05-01,2026-05-01,296,259,0.8746,0,True,Ambient,Short
PO002160,2026-04-27,ST029,SUP011,2026-04-25,2026-05-02,2026-05-02,148,132,0.8898,0,True,Ambient,Short
PO002161,2026-04-27,ST029,SUP002,2026-04-25,2026-04-30,2026-04-30,229,218,0.9539,0,True,Chilled,Complete
PO002162,2026-04-27,ST029,SUP004,2026-04-25,2026-05-02,2026-05-02,186,177,0.9505,0,True,Ambient,Complete
PO002163,2026-04-27,ST029,SUP005,2026-04-25,2026-05-02,2026-05-02,367,350,0.9533,0,True,Ambient,Complete
PO002164,2026-04-27,ST029,SUP009,2026-04-25,2026-05-01,2026-05-01,169,169,1.0,0,True,Ambient,Complete
PO002165,2026-04-27,ST030,SUP001,2026-04-25,2026-05-01,2026-05-01,312,300,0.96,0,True,Ambient,Complete
PO002166,2026-04-27,ST030,SUP011,2026-04-25,2026-05-02,2026-05-02,322,292,0.9055,0,True,Ambient,Complete
PO002167,2026-04-27,ST030,SUP002,2026-04-25,2026-04-30,2026-04-30,145,134,0.926,0,True,Chilled,Complete
PO002168,2026-04-27,ST030,SUP003,2026-04-25,2026-05-01,2026-05-01,171,151,0.8834,0,True,Ambient,Short
PO002169,2026-04-27,ST030,SUP004,2026-04-25,2026-05-02,2026-05-02,258,234,0.9065,0,True,Ambient,Complete
PO002170,2026-04-27,ST030,SUP005,2026-04-25,2026-05-02,2026-05-02,291,254,0.8724,0,True,Ambient,Short
PO002171,2026-04-27,ST031,SUP001,2026-04-25,2026-05-01,2026-05-02,263,240,0.9133,1,False,Ambient,Late
PO002172,2026-04-27,ST031,SUP008,2026-04-25,2026-05-04,2026-05-04,91,81,0.8952,0,True,Ambient,Short
PO002173,2026-04-27,ST031,SUP011,2026-04-25,2026-05-02,2026-05-02,154,139,0.9028,0,True,Ambient,Complete
PO002174,2026-04-27,ST031,SUP007,2026-04-25,2026-04-30,2026-04-30,92,82,0.8919,0,True,Chilled,Short
PO002175,2026-04-27,ST031,SUP006,2026-04-25,2026-05-01,2026-05-04,102,102,1.0,3,False,Ambient,Late
PO002176,2026-04-27,ST031,SUP009,2026-04-25,2026-05-01,2026-05-01,125,124,0.9935,0,True,Ambient,Complete
PO002177,2026-04-27,ST032,SUP001,2026-04-25,2026-05-01,2026-05-01,286,263,0.9203,0,True,Ambient,Complete
PO002178,2026-04-27,ST032,SUP008,2026-04-25,2026-05-04,2026-05-04,225,190,0.8459,0,True,Ambient,Short
PO002179,2026-04-27,ST032,SUP002,2026-04-25,2026-04-30,2026-04-30,222,216,0.9751,0,True,Chilled,Complete
PO002180,2026-04-27,ST032,SUP007,2026-04-25,2026-04-30,2026-04-30,309,285,0.9214,0,True,Chilled,Complete
PO002181,2026-04-27,ST032,SUP003,2026-04-25,2026-05-01,2026-05-01,139,139,0.9999,0,True,Ambient,Complete
PO002182,2026-04-27,ST032,SUP004,2026-04-25,2026-05-02,2026-05-03,118,108,0.9127,1,False,Ambient,Late
PO002183,2026-04-27,ST032,SUP010,2026-04-25,2026-05-03,2026-05-03,136,131,0.9645,0,True,Ambient,Complete
PO002184,2026-04-27,ST032,SUP005,2026-04-25,2026-05-02,2026-05-02,313,281,0.8977,0,True,Ambient,Short
PO002185,2026-04-27,ST033,SUP001,2026-04-25,2026-05-01,2026-05-01,229,209,0.9139,0,True,Ambient,Complete
PO002186,2026-04-27,ST033,SUP008,2026-04-25,2026-05-04,2026-05-04,281,253,0.8994,0,True,Ambient,Short
PO002187,2026-04-27,ST033,SUP012,2026-04-25,2026-05-01,2026-05-01,203,203,1.0,0,True,Ambient,Complete
PO002188,2026-04-27,ST033,SUP003,2026-04-25,2026-05-01,2026-05-01,119,117,0.9808,0,True,Ambient,Complete
PO002189,2026-04-27,ST033,SUP010,2026-04-25,2026-05-03,2026-05-03,110,101,0.9204,0,True,Ambient,Complete
PO002190,2026-04-27,ST034,SUP001,2026-04-25,2026-05-01,2026-05-01,119,116,0.9786,0,True,Ambient,Complete
PO002191,2026-04-27,ST034,SUP008,2026-04-25,2026-05-04,2026-05-04,272,265,0.9743,0,True,Ambient,Complete
PO002192,2026-04-27,ST034,SUP012,2026-04-25,2026-05-01,2026-05-01,123,123,1.0,0,True,Ambient,Complete
PO002193,2026-04-27,ST034,SUP011,2026-04-25,2026-05-02,2026-05-02,267,245,0.9178,0,True,Ambient,Complete
PO002194,2026-04-27,ST034,SUP002,2026-04-25,2026-04-30,2026-04-30,118,103,0.8767,0,True,Chilled,Short
PO002195,2026-04-27,ST034,SUP007,2026-04-25,2026-04-30,2026-04-30,221,198,0.8954,0,True,Chilled,Short
PO002196,2026-04-27,ST034,SUP006,2026-04-25,2026-05-01,2026-05-01,149,140,0.9379,0,True,Ambient,Complete
PO002197,2026-04-27,ST034,SUP005,2026-04-25,2026-05-02,2026-05-02,215,210,0.9767,0,True,Ambient,Complete
PO002198,2026-04-27,ST035,SUP008,2026-04-25,2026-05-04,2026-05-04,124,120,0.9684,0,True,Ambient,Complete
PO002199,2026-04-27,ST035,SUP012,2026-04-25,2026-05-01,2026-05-01,238,236,0.9909,0,True,Ambient,Complete
PO002200,2026-04-27,ST035,SUP002,2026-04-25,2026-04-30,2026-04-30,176,161,0.9172,0,True,Chilled,Complete
PO002201,2026-04-27,ST035,SUP007,2026-04-25,2026-04-30,2026-05-01,344,333,0.9667,1,False,Chilled,Late
PO002202,2026-04-27,ST035,SUP003,2026-04-25,2026-05-01,2026-05-01,319,307,0.9638,0,True,Ambient,Complete
PO002203,2026-04-27,ST035,SUP004,2026-04-25,2026-05-02,2026-05-02,307,300,0.9788,0,True,Ambient,Complete
PO002204,2026-04-27,ST035,SUP009,2026-04-25,2026-05-01,2026-05-01,320,312,0.9737,0,True,Ambient,Complete
PO002205,2026-04-27,ST036,SUP001,2026-04-25,2026-05-01,2026-05-01,100,91,0.9083,0,True,Ambient,Complete
PO002206,2026-04-27,ST036,SUP008,2026-04-25,2026-05-04,2026-05-04,305,289,0.9473,0,True,Ambient,Complete
PO002207,2026-04-27,ST036,SUP011,2026-04-25,2026-05-02,2026-05-02,184,170,0.9246,0,True,Ambient,Complete
PO002208,2026-04-27,ST036,SUP002,2026-04-25,2026-04-30,2026-04-30,163,158,0.9717,0,True,Chilled,Complete
PO002209,2026-04-27,ST036,SUP007,2026-04-25,2026-04-30,2026-04-30,112,112,1.0,0,True,Chilled,Complete
PO002210,2026-04-27,ST036,SUP004,2026-04-25,2026-05-02,2026-05-02,99,88,0.8877,0,True,Ambient,Short
PO002211,2026-04-27,ST036,SUP009,2026-04-25,2026-05-01,2026-05-01,155,154,0.9948,0,True,Ambient,Complete
PO002212,2026-05-04,ST001,SUP001,2026-05-02,2026-05-08,2026-05-08,236,213,0.901,0,True,Ambient,Complete
PO002213,2026-05-04,ST001,SUP003,2026-05-02,2026-05-08,2026-05-08,117,117,1.0,0,True,Ambient,Complete
PO002214,2026-05-04,ST001,SUP004,2026-05-02,2026-05-09,2026-05-09,383,339,0.8849,0,True,Ambient,Short
PO002215,2026-05-04,ST001,SUP005,2026-05-02,2026-05-09,2026-05-09,190,182,0.9561,0,True,Ambient,Complete
PO002216,2026-05-04,ST001,SUP009,2026-05-02,2026-05-08,2026-05-08,129,126,0.9758,0,True,Ambient,Complete
PO002217,2026-05-04,ST002,SUP001,2026-05-02,2026-05-08,2026-05-08,326,302,0.9273,0,True,Ambient,Complete
PO002218,2026-05-04,ST002,SUP011,2026-05-02,2026-05-09,2026-05-09,421,375,0.8911,0,True,Ambient,Short
PO002219,2026-05-04,ST002,SUP002,2026-05-02,2026-05-07,2026-05-07,174,156,0.8964,0,True,Chilled,Short
PO002220,2026-05-04,ST002,SUP006,2026-05-02,2026-05-08,2026-05-08,403,398,0.9888,0,True,Ambient,Complete
PO002221,2026-05-04,ST002,SUP010,2026-05-02,2026-05-10,2026-05-10,476,461,0.9677,0,True,Ambient,Complete
PO002222,2026-05-04,ST003,SUP007,2026-05-02,2026-05-07,2026-05-07,189,167,0.886,0,True,Chilled,Short
PO002223,2026-05-04,ST003,SUP010,2026-05-02,2026-05-10,2026-05-10,407,395,0.9695,0,True,Ambient,Complete
PO002224,2026-05-04,ST004,SUP012,2026-05-02,2026-05-08,2026-05-08,516,500,0.9686,0,True,Ambient,Complete
PO002225,2026-05-04,ST004,SUP011,2026-05-02,2026-05-09,2026-05-09,255,217,0.8497,0,True,Ambient,Short
PO002226,2026-05-04,ST004,SUP002,2026-05-02,2026-05-07,2026-05-07,489,456,0.932,0,True,Chilled,Complete
PO002227,2026-05-04,ST004,SUP010,2026-05-02,2026-05-10,2026-05-10,190,180,0.9462,0,True,Ambient,Complete
PO002228,2026-05-04,ST005,SUP008,2026-05-02,2026-05-11,2026-05-11,458,405,0.8838,0,True,Ambient,Short
PO002229,2026-05-04,ST005,SUP011,2026-05-02,2026-05-09,2026-05-09,522,481,0.9223,0,True,Ambient,Complete
PO002230,2026-05-04,ST005,SUP002,2026-05-02,2026-05-07,2026-05-07,483,448,0.9268,0,True,Chilled,Complete
PO002231,2026-05-04,ST005,SUP007,2026-05-02,2026-05-07,2026-05-07,240,230,0.957,0,True,Chilled,Complete
PO002232,2026-05-04,ST005,SUP003,2026-05-02,2026-05-08,2026-05-08,338,332,0.9812,0,True,Ambient,Complete
PO002233,2026-05-04,ST005,SUP005,2026-05-02,2026-05-09,2026-05-09,523,473,0.9047,0,True,Ambient,Complete
PO002234,2026-05-04,ST006,SUP001,2026-05-02,2026-05-08,2026-05-08,241,210,0.87,0,True,Ambient,Short
PO002235,2026-05-04,ST006,SUP008,2026-05-02,2026-05-11,2026-05-11,358,325,0.9086,0,True,Ambient,Complete
PO002236,2026-05-04,ST006,SUP011,2026-05-02,2026-05-09,2026-05-09,324,303,0.9347,0,True,Ambient,Complete
PO002237,2026-05-04,ST006,SUP002,2026-05-02,2026-05-07,2026-05-07,342,303,0.8845,0,True,Chilled,Short
PO002238,2026-05-04,ST006,SUP007,2026-05-02,2026-05-07,2026-05-07,272,264,0.9713,0,True,Chilled,Complete
PO002239,2026-05-04,ST006,SUP006,2026-05-02,2026-05-08,2026-05-08,450,423,0.9395,0,True,Ambient,Complete
PO002240,2026-05-04,ST006,SUP010,2026-05-02,2026-05-10,2026-05-10,458,421,0.9197,0,True,Ambient,Complete
PO002241,2026-05-04,ST007,SUP008,2026-05-02,2026-05-11,2026-05-11,461,402,0.8731,0,True,Ambient,Short
PO002242,2026-05-04,ST007,SUP012,2026-05-02,2026-05-08,2026-05-08,162,154,0.9524,0,True,Ambient,Complete
PO002243,2026-05-04,ST007,SUP011,2026-05-02,2026-05-09,2026-05-09,485,426,0.8775,0,True,Ambient,Short
PO002244,2026-05-04,ST007,SUP002,2026-05-02,2026-05-07,2026-05-07,358,353,0.986,0,True,Chilled,Complete
PO002245,2026-05-04,ST007,SUP007,2026-05-02,2026-05-07,2026-05-07,441,441,1.0,0,True,Chilled,Complete
PO002246,2026-05-04,ST007,SUP003,2026-05-02,2026-05-08,2026-05-08,222,216,0.9741,0,True,Ambient,Complete
PO002247,2026-05-04,ST007,SUP010,2026-05-02,2026-05-10,2026-05-10,465,431,0.9275,0,True,Ambient,Complete
PO002248,2026-05-04,ST007,SUP009,2026-05-02,2026-05-08,2026-05-08,479,441,0.9203,0,True,Ambient,Complete
PO002249,2026-05-04,ST008,SUP001,2026-05-02,2026-05-08,2026-05-10,436,378,0.868,2,False,Ambient,Late / short
PO002250,2026-05-04,ST008,SUP008,2026-05-02,2026-05-11,2026-05-11,347,316,0.9105,0,True,Ambient,Complete
PO002251,2026-05-04,ST008,SUP011,2026-05-02,2026-05-09,2026-05-09,395,371,0.9388,0,True,Ambient,Complete
PO002252,2026-05-04,ST008,SUP003,2026-05-02,2026-05-08,2026-05-08,208,208,1.0,0,True,Ambient,Complete
PO002253,2026-05-04,ST008,SUP004,2026-05-02,2026-05-09,2026-05-09,451,394,0.8732,0,True,Ambient,Short
PO002254,2026-05-04,ST008,SUP010,2026-05-02,2026-05-10,2026-05-10,215,196,0.9105,0,True,Ambient,Complete
PO002255,2026-05-04,ST008,SUP009,2026-05-02,2026-05-08,2026-05-08,372,335,0.9012,0,True,Ambient,Complete
PO002256,2026-05-04,ST009,SUP001,2026-05-02,2026-05-08,2026-05-08,186,175,0.939,0,True,Ambient,Complete
PO002257,2026-05-04,ST009,SUP011,2026-05-02,2026-05-09,2026-05-09,190,169,0.8872,0,True,Ambient,Short
PO002258,2026-05-04,ST009,SUP005,2026-05-02,2026-05-09,2026-05-09,144,137,0.9518,0,True,Ambient,Complete
PO002259,2026-05-04,ST010,SUP001,2026-05-02,2026-05-08,2026-05-08,251,227,0.9038,0,True,Ambient,Complete
PO002260,2026-05-04,ST010,SUP008,2026-05-02,2026-05-11,2026-05-11,406,365,0.8978,0,True,Ambient,Short
PO002261,2026-05-04,ST010,SUP002,2026-05-02,2026-05-07,2026-05-07,326,297,0.9118,0,True,Chilled,Complete
PO002262,2026-05-04,ST010,SUP007,2026-05-02,2026-05-07,2026-05-07,290,290,1.0,0,True,Chilled,Complete
PO002263,2026-05-04,ST010,SUP006,2026-05-02,2026-05-08,2026-05-08,245,226,0.9233,0,True,Ambient,Complete
PO002264,2026-05-04,ST010,SUP004,2026-05-02,2026-05-09,2026-05-09,367,345,0.9399,0,True,Ambient,Complete
PO002265,2026-05-04,ST010,SUP005,2026-05-02,2026-05-09,2026-05-09,191,178,0.932,0,True,Ambient,Complete
PO002266,2026-05-04,ST010,SUP009,2026-05-02,2026-05-08,2026-05-08,368,356,0.9671,0,True,Ambient,Complete
PO002267,2026-05-04,ST011,SUP008,2026-05-02,2026-05-11,2026-05-13,210,184,0.8762,2,False,Ambient,Late / short
PO002268,2026-05-04,ST011,SUP004,2026-05-02,2026-05-09,2026-05-09,396,343,0.8663,0,True,Ambient,Short
PO002269,2026-05-04,ST011,SUP005,2026-05-02,2026-05-09,2026-05-09,406,369,0.9095,0,True,Ambient,Complete
PO002270,2026-05-04,ST012,SUP008,2026-05-02,2026-05-11,2026-05-11,396,387,0.977,0,True,Ambient,Complete
PO002271,2026-05-04,ST012,SUP011,2026-05-02,2026-05-09,2026-05-09,319,299,0.937,0,True,Ambient,Complete
PO002272,2026-05-04,ST012,SUP006,2026-05-02,2026-05-08,2026-05-08,436,411,0.9419,0,True,Ambient,Complete
PO002273,2026-05-04,ST012,SUP003,2026-05-02,2026-05-08,2026-05-08,368,343,0.9331,0,True,Ambient,Complete
PO002274,2026-05-04,ST012,SUP004,2026-05-02,2026-05-09,2026-05-09,180,160,0.8916,0,True,Ambient,Short
PO002275,2026-05-04,ST012,SUP010,2026-05-02,2026-05-10,2026-05-10,167,167,1.0,0,True,Ambient,Complete
PO002276,2026-05-04,ST013,SUP001,2026-05-02,2026-05-08,2026-05-08,292,282,0.9667,0,True,Ambient,Complete
PO002277,2026-05-04,ST013,SUP008,2026-05-02,2026-05-11,2026-05-11,329,280,0.8498,0,True,Ambient,Short
PO002278,2026-05-04,ST013,SUP002,2026-05-02,2026-05-07,2026-05-07,265,250,0.9442,0,True,Chilled,Complete
PO002279,2026-05-04,ST013,SUP003,2026-05-02,2026-05-08,2026-05-08,155,151,0.9758,0,True,Ambient,Complete
PO002280,2026-05-04,ST013,SUP004,2026-05-02,2026-05-09,2026-05-09,269,256,0.9524,0,True,Ambient,Complete
PO002281,2026-05-04,ST013,SUP010,2026-05-02,2026-05-10,2026-05-10,138,138,1.0,0,True,Ambient,Complete
PO002282,2026-05-04,ST013,SUP009,2026-05-02,2026-05-08,2026-05-08,119,119,1.0,0,True,Ambient,Complete
PO002283,2026-05-04,ST014,SUP001,2026-05-02,2026-05-08,2026-05-08,329,329,1.0,0,True,Ambient,Complete
PO002284,2026-05-04,ST014,SUP008,2026-05-02,2026-05-11,2026-05-11,398,390,0.9789,0,True,Ambient,Complete
PO002285,2026-05-04,ST014,SUP012,2026-05-02,2026-05-08,2026-05-08,168,161,0.9582,0,True,Ambient,Complete
PO002286,2026-05-04,ST014,SUP011,2026-05-02,2026-05-09,2026-05-09,280,280,1.0,0,True,Ambient,Complete
PO002287,2026-05-04,ST014,SUP007,2026-05-02,2026-05-07,2026-05-07,308,287,0.9329,0,True,Chilled,Complete
PO002288,2026-05-04,ST014,SUP006,2026-05-02,2026-05-08,2026-05-08,344,328,0.9542,0,True,Ambient,Complete
PO002289,2026-05-04,ST014,SUP003,2026-05-02,2026-05-08,2026-05-08,147,147,1.0,0,True,Ambient,Complete
PO002290,2026-05-04,ST014,SUP005,2026-05-02,2026-05-09,2026-05-09,197,197,1.0,0,True,Ambient,Complete
PO002291,2026-05-04,ST014,SUP009,2026-05-02,2026-05-08,2026-05-08,307,296,0.9628,0,True,Ambient,Complete
PO002292,2026-05-04,ST015,SUP001,2026-05-02,2026-05-08,2026-05-08,351,330,0.9391,0,True,Ambient,Complete
PO002293,2026-05-04,ST015,SUP011,2026-05-02,2026-05-09,2026-05-09,225,210,0.9343,0,True,Ambient,Complete
PO002294,2026-05-04,ST015,SUP006,2026-05-02,2026-05-08,2026-05-08,276,254,0.9206,0,True,Ambient,Complete
PO002295,2026-05-04,ST015,SUP003,2026-05-02,2026-05-08,2026-05-08,305,264,0.8641,0,True,Ambient,Short
PO002296,2026-05-04,ST015,SUP004,2026-05-02,2026-05-09,2026-05-09,214,209,0.9749,0,True,Ambient,Complete
PO002297,2026-05-04,ST016,SUP008,2026-05-02,2026-05-11,2026-05-11,467,448,0.9594,0,True,Ambient,Complete
PO002298,2026-05-04,ST016,SUP012,2026-05-02,2026-05-08,2026-05-08,397,374,0.9417,0,True,Ambient,Complete
PO002299,2026-05-04,ST016,SUP011,2026-05-02,2026-05-09,2026-05-09,471,471,1.0,0,True,Ambient,Complete
PO002300,2026-05-04,ST016,SUP002,2026-05-02,2026-05-07,2026-05-07,189,188,0.9951,0,True,Chilled,Complete
PO002301,2026-05-04,ST016,SUP006,2026-05-02,2026-05-08,2026-05-08,167,167,1.0,0,True,Ambient,Complete
PO002302,2026-05-04,ST016,SUP003,2026-05-02,2026-05-08,2026-05-08,386,363,0.9411,0,True,Ambient,Complete
PO002303,2026-05-04,ST016,SUP004,2026-05-02,2026-05-09,2026-05-09,190,182,0.9579,0,True,Ambient,Complete
PO002304,2026-05-04,ST016,SUP005,2026-05-02,2026-05-09,2026-05-09,363,363,1.0,0,True,Ambient,Complete
PO002305,2026-05-04,ST016,SUP009,2026-05-02,2026-05-08,2026-05-08,432,378,0.8746,0,True,Ambient,Short
PO002306,2026-05-04,ST017,SUP001,2026-05-02,2026-05-08,2026-05-08,307,287,0.9345,0,True,Ambient,Complete
PO002307,2026-05-04,ST017,SUP011,2026-05-02,2026-05-09,2026-05-09,117,117,1.0,0,True,Ambient,Complete
PO002308,2026-05-04,ST017,SUP006,2026-05-02,2026-05-08,2026-05-08,250,240,0.96,0,True,Ambient,Complete
PO002309,2026-05-04,ST017,SUP003,2026-05-02,2026-05-08,2026-05-08,134,130,0.9732,0,True,Ambient,Complete
PO002310,2026-05-04,ST017,SUP004,2026-05-02,2026-05-09,2026-05-09,211,196,0.9285,0,True,Ambient,Complete
PO002311,2026-05-04,ST017,SUP010,2026-05-02,2026-05-10,2026-05-10,249,235,0.9441,0,True,Ambient,Complete
PO002312,2026-05-04,ST017,SUP009,2026-05-02,2026-05-08,2026-05-08,248,227,0.916,0,True,Ambient,Complete
PO002313,2026-05-04,ST018,SUP012,2026-05-02,2026-05-08,2026-05-08,134,127,0.9443,0,True,Ambient,Complete
PO002314,2026-05-04,ST018,SUP011,2026-05-02,2026-05-09,2026-05-09,175,164,0.9388,0,True,Ambient,Complete
PO002315,2026-05-04,ST018,SUP002,2026-05-02,2026-05-07,2026-05-07,318,292,0.9174,0,True,Chilled,Complete
PO002316,2026-05-04,ST018,SUP007,2026-05-02,2026-05-07,2026-05-07,309,268,0.868,0,True,Chilled,Short
PO002317,2026-05-04,ST018,SUP006,2026-05-02,2026-05-08,2026-05-08,352,336,0.9556,0,True,Ambient,Complete
PO002318,2026-05-04,ST018,SUP003,2026-05-02,2026-05-08,2026-05-08,326,278,0.8532,0,True,Ambient,Short
PO002319,2026-05-04,ST018,SUP004,2026-05-02,2026-05-09,2026-05-09,369,352,0.9547,0,True,Ambient,Complete
PO002320,2026-05-04,ST018,SUP005,2026-05-02,2026-05-09,2026-05-09,365,323,0.8856,0,True,Ambient,Short
PO002321,2026-05-04,ST018,SUP009,2026-05-02,2026-05-08,2026-05-08,413,395,0.9572,0,True,Ambient,Complete
PO002322,2026-05-04,ST019,SUP001,2026-05-02,2026-05-08,2026-05-08,221,207,0.9352,0,True,Ambient,Complete
PO002323,2026-05-04,ST019,SUP008,2026-05-02,2026-05-11,2026-05-11,344,310,0.9023,0,True,Ambient,Complete
PO002324,2026-05-04,ST019,SUP011,2026-05-02,2026-05-09,2026-05-09,242,239,0.9895,0,True,Ambient,Complete
PO002325,2026-05-04,ST019,SUP007,2026-05-02,2026-05-07,2026-05-07,160,139,0.8659,0,True,Chilled,Short
PO002326,2026-05-04,ST019,SUP006,2026-05-02,2026-05-08,2026-05-08,433,433,1.0,0,True,Ambient,Complete
PO002327,2026-05-04,ST019,SUP003,2026-05-02,2026-05-08,2026-05-08,388,364,0.9388,0,True,Ambient,Complete
PO002328,2026-05-04,ST019,SUP004,2026-05-02,2026-05-09,2026-05-09,328,305,0.9294,0,True,Ambient,Complete
PO002329,2026-05-04,ST019,SUP010,2026-05-02,2026-05-10,2026-05-10,439,399,0.9079,0,True,Ambient,Complete
PO002330,2026-05-04,ST019,SUP005,2026-05-02,2026-05-09,2026-05-09,267,244,0.9124,0,True,Ambient,Complete
PO002331,2026-05-04,ST019,SUP009,2026-05-02,2026-05-08,2026-05-11,178,175,0.9809,3,False,Ambient,Late
PO002332,2026-05-04,ST020,SUP008,2026-05-02,2026-05-11,2026-05-11,296,264,0.8925,0,True,Ambient,Short
PO002333,2026-05-04,ST020,SUP012,2026-05-02,2026-05-08,2026-05-08,210,210,1.0,0,True,Ambient,Complete
PO002334,2026-05-04,ST020,SUP007,2026-05-02,2026-05-07,2026-05-07,250,250,1.0,0,True,Chilled,Complete
PO002335,2026-05-04,ST020,SUP003,2026-05-02,2026-05-08,2026-05-08,220,190,0.8653,0,True,Ambient,Short
PO002336,2026-05-04,ST020,SUP004,2026-05-02,2026-05-09,2026-05-09,326,312,0.9572,0,True,Ambient,Complete
PO002337,2026-05-04,ST020,SUP010,2026-05-02,2026-05-10,2026-05-12,254,216,0.85,2,False,Ambient,Late / short
PO002338,2026-05-04,ST021,SUP001,2026-05-02,2026-05-08,2026-05-08,434,399,0.9189,0,True,Ambient,Complete
PO002339,2026-05-04,ST021,SUP012,2026-05-02,2026-05-08,2026-05-08,174,172,0.9876,0,True,Ambient,Complete
PO002340,2026-05-04,ST021,SUP002,2026-05-02,2026-05-07,2026-05-08,186,169,0.9087,1,False,Chilled,Late
PO002341,2026-05-04,ST021,SUP007,2026-05-02,2026-05-07,2026-05-07,205,197,0.959,0,True,Chilled,Complete
PO002342,2026-05-04,ST021,SUP006,2026-05-02,2026-05-08,2026-05-08,212,192,0.9074,0,True,Ambient,Complete
PO002343,2026-05-04,ST021,SUP004,2026-05-02,2026-05-09,2026-05-09,299,256,0.8572,0,True,Ambient,Short
PO002344,2026-05-04,ST021,SUP005,2026-05-02,2026-05-09,2026-05-09,251,251,1.0,0,True,Ambient,Complete
PO002345,2026-05-04,ST021,SUP009,2026-05-02,2026-05-08,2026-05-08,422,390,0.9235,0,True,Ambient,Complete
PO002346,2026-05-04,ST022,SUP008,2026-05-02,2026-05-11,2026-05-14,317,302,0.9529,3,False,Ambient,Late
PO002347,2026-05-04,ST022,SUP012,2026-05-02,2026-05-08,2026-05-08,467,451,0.9662,0,True,Ambient,Complete
PO002348,2026-05-04,ST022,SUP011,2026-05-02,2026-05-09,2026-05-09,338,322,0.9535,0,True,Ambient,Complete
PO002349,2026-05-04,ST022,SUP002,2026-05-02,2026-05-07,2026-05-07,361,309,0.8556,0,True,Chilled,Short
PO002350,2026-05-04,ST022,SUP007,2026-05-02,2026-05-07,2026-05-07,446,446,1.0,0,True,Chilled,Complete
PO002351,2026-05-04,ST022,SUP006,2026-05-02,2026-05-08,2026-05-08,193,186,0.9622,0,True,Ambient,Complete
PO002352,2026-05-04,ST022,SUP003,2026-05-02,2026-05-08,2026-05-08,460,408,0.888,0,True,Ambient,Short
PO002353,2026-05-04,ST022,SUP010,2026-05-02,2026-05-10,2026-05-10,336,290,0.8627,0,True,Ambient,Short
PO002354,2026-05-04,ST023,SUP008,2026-05-02,2026-05-11,2026-05-11,173,153,0.8838,0,True,Ambient,Short
PO002355,2026-05-04,ST023,SUP011,2026-05-02,2026-05-09,2026-05-09,288,263,0.9138,0,True,Ambient,Complete
PO002356,2026-05-04,ST023,SUP002,2026-05-02,2026-05-07,2026-05-07,179,166,0.9264,0,True,Chilled,Complete
PO002357,2026-05-04,ST023,SUP007,2026-05-02,2026-05-07,2026-05-07,174,169,0.9733,0,True,Chilled,Complete
PO002358,2026-05-04,ST023,SUP006,2026-05-02,2026-05-08,2026-05-08,178,170,0.9552,0,True,Ambient,Complete
PO002359,2026-05-04,ST023,SUP004,2026-05-02,2026-05-09,2026-05-09,370,361,0.976,0,True,Ambient,Complete
PO002360,2026-05-04,ST023,SUP009,2026-05-02,2026-05-08,2026-05-08,305,305,1.0,0,True,Ambient,Complete
PO002361,2026-05-04,ST024,SUP008,2026-05-02,2026-05-11,2026-05-11,155,132,0.8528,0,True,Ambient,Short
PO002362,2026-05-04,ST024,SUP002,2026-05-02,2026-05-07,2026-05-07,309,269,0.8721,0,True,Chilled,Short
PO002363,2026-05-04,ST024,SUP007,2026-05-02,2026-05-07,2026-05-07,240,224,0.9339,0,True,Chilled,Complete
PO002364,2026-05-04,ST024,SUP003,2026-05-02,2026-05-08,2026-05-08,135,129,0.9543,0,True,Ambient,Complete
PO002365,2026-05-04,ST024,SUP010,2026-05-02,2026-05-10,2026-05-10,109,107,0.9829,0,True,Ambient,Complete
PO002366,2026-05-04,ST024,SUP005,2026-05-02,2026-05-09,2026-05-09,285,283,0.9928,0,True,Ambient,Complete
PO002367,2026-05-04,ST025,SUP001,2026-05-02,2026-05-08,2026-05-08,176,164,0.9295,0,True,Ambient,Complete
PO002368,2026-05-04,ST025,SUP008,2026-05-02,2026-05-11,2026-05-11,410,370,0.9026,0,True,Ambient,Complete
PO002369,2026-05-04,ST025,SUP012,2026-05-02,2026-05-08,2026-05-08,173,166,0.9581,0,True,Ambient,Complete
PO002370,2026-05-04,ST025,SUP002,2026-05-02,2026-05-07,2026-05-07,177,144,0.8126,0,True,Chilled,Short
PO002371,2026-05-04,ST025,SUP007,2026-05-02,2026-05-07,2026-05-07,332,300,0.9029,0,True,Chilled,Complete
PO002372,2026-05-04,ST025,SUP003,2026-05-02,2026-05-08,2026-05-08,195,189,0.968,0,True,Ambient,Complete
PO002373,2026-05-04,ST026,SUP001,2026-05-02,2026-05-08,2026-05-08,140,122,0.871,0,True,Ambient,Short
PO002374,2026-05-04,ST026,SUP012,2026-05-02,2026-05-08,2026-05-08,351,321,0.9144,0,True,Ambient,Complete
PO002375,2026-05-04,ST026,SUP011,2026-05-02,2026-05-09,2026-05-09,124,115,0.9261,0,True,Ambient,Complete
PO002376,2026-05-04,ST026,SUP007,2026-05-02,2026-05-07,2026-05-07,176,168,0.9522,0,True,Chilled,Complete
PO002377,2026-05-04,ST026,SUP003,2026-05-02,2026-05-08,2026-05-08,267,245,0.918,0,True,Ambient,Complete
PO002378,2026-05-04,ST026,SUP010,2026-05-02,2026-05-10,2026-05-10,388,388,0.9999,0,True,Ambient,Complete
PO002379,2026-05-04,ST027,SUP008,2026-05-02,2026-05-11,2026-05-11,263,239,0.9092,0,True,Ambient,Complete
PO002380,2026-05-04,ST027,SUP011,2026-05-02,2026-05-09,2026-05-09,150,137,0.9146,0,True,Ambient,Complete
PO002381,2026-05-04,ST027,SUP002,2026-05-02,2026-05-07,2026-05-07,195,170,0.8731,0,True,Chilled,Short
PO002382,2026-05-04,ST027,SUP006,2026-05-02,2026-05-08,2026-05-08,106,103,0.969,0,True,Ambient,Complete
PO002383,2026-05-04,ST027,SUP010,2026-05-02,2026-05-10,2026-05-10,205,196,0.956,0,True,Ambient,Complete
PO002384,2026-05-04,ST027,SUP005,2026-05-02,2026-05-09,2026-05-09,191,187,0.978,0,True,Ambient,Complete
PO002385,2026-05-04,ST028,SUP008,2026-05-02,2026-05-11,2026-05-11,112,103,0.9225,0,True,Ambient,Complete
PO002386,2026-05-04,ST028,SUP011,2026-05-02,2026-05-09,2026-05-09,198,194,0.9776,0,True,Ambient,Complete
PO002387,2026-05-04,ST028,SUP010,2026-05-02,2026-05-10,2026-05-10,96,87,0.902,0,True,Ambient,Complete
PO002388,2026-05-04,ST028,SUP009,2026-05-02,2026-05-08,2026-05-08,162,158,0.9767,0,True,Ambient,Complete
PO002389,2026-05-04,ST029,SUP001,2026-05-02,2026-05-08,2026-05-08,199,178,0.8935,0,True,Ambient,Short
PO002390,2026-05-04,ST029,SUP008,2026-05-02,2026-05-11,2026-05-11,309,273,0.8832,0,True,Ambient,Short
PO002391,2026-05-04,ST029,SUP012,2026-05-02,2026-05-08,2026-05-11,248,248,1.0,3,False,Ambient,Late
PO002392,2026-05-04,ST029,SUP011,2026-05-02,2026-05-09,2026-05-10,331,291,0.8793,1,False,Ambient,Late / short
PO002393,2026-05-04,ST029,SUP002,2026-05-02,2026-05-07,2026-05-07,287,259,0.9015,0,True,Chilled,Complete
PO002394,2026-05-04,ST029,SUP007,2026-05-02,2026-05-07,2026-05-10,305,293,0.9608,3,False,Chilled,Late
PO002395,2026-05-04,ST029,SUP003,2026-05-02,2026-05-08,2026-05-10,332,328,0.9892,2,False,Ambient,Late
PO002396,2026-05-04,ST029,SUP004,2026-05-02,2026-05-09,2026-05-09,351,319,0.9082,0,True,Ambient,Complete
PO002397,2026-05-04,ST029,SUP005,2026-05-02,2026-05-09,2026-05-09,267,228,0.8547,0,True,Ambient,Short
PO002398,2026-05-04,ST030,SUP001,2026-05-02,2026-05-08,2026-05-08,367,363,0.9894,0,True,Ambient,Complete
PO002399,2026-05-04,ST030,SUP002,2026-05-02,2026-05-07,2026-05-07,400,390,0.9756,0,True,Chilled,Complete
PO002400,2026-05-04,ST030,SUP007,2026-05-02,2026-05-07,2026-05-07,177,166,0.9353,0,True,Chilled,Complete
PO002401,2026-05-04,ST030,SUP006,2026-05-02,2026-05-08,2026-05-08,354,331,0.9357,0,True,Ambient,Complete
PO002402,2026-05-04,ST030,SUP003,2026-05-02,2026-05-08,2026-05-08,406,404,0.9944,0,True,Ambient,Complete
PO002403,2026-05-04,ST030,SUP010,2026-05-02,2026-05-10,2026-05-13,388,353,0.9097,3,False,Ambient,Late
PO002404,2026-05-04,ST030,SUP009,2026-05-02,2026-05-08,2026-05-08,328,319,0.9728,0,True,Ambient,Complete
PO002405,2026-05-04,ST031,SUP011,2026-05-02,2026-05-09,2026-05-09,234,220,0.9398,0,True,Ambient,Complete
PO002406,2026-05-04,ST031,SUP002,2026-05-02,2026-05-07,2026-05-07,196,177,0.9022,0,True,Chilled,Complete
PO002407,2026-05-04,ST031,SUP003,2026-05-02,2026-05-08,2026-05-08,157,142,0.904,0,True,Ambient,Complete
PO002408,2026-05-04,ST031,SUP005,2026-05-02,2026-05-09,2026-05-09,125,111,0.8896,0,True,Ambient,Short
PO002409,2026-05-04,ST032,SUP001,2026-05-02,2026-05-08,2026-05-08,119,108,0.9068,0,True,Ambient,Complete
PO002410,2026-05-04,ST032,SUP011,2026-05-02,2026-05-09,2026-05-09,253,227,0.8981,0,True,Ambient,Short
PO002411,2026-05-04,ST032,SUP002,2026-05-02,2026-05-07,2026-05-10,277,244,0.8807,3,False,Chilled,Late / short
PO002412,2026-05-04,ST032,SUP007,2026-05-02,2026-05-07,2026-05-07,176,175,0.9925,0,True,Chilled,Complete
PO002413,2026-05-04,ST032,SUP006,2026-05-02,2026-05-08,2026-05-08,171,164,0.9585,0,True,Ambient,Complete
PO002414,2026-05-04,ST032,SUP004,2026-05-02,2026-05-09,2026-05-09,284,255,0.8966,0,True,Ambient,Short
PO002415,2026-05-04,ST032,SUP010,2026-05-02,2026-05-10,2026-05-10,267,262,0.9807,0,True,Ambient,Complete
PO002416,2026-05-04,ST032,SUP005,2026-05-02,2026-05-09,2026-05-09,263,246,0.937,0,True,Ambient,Complete
PO002417,2026-05-04,ST032,SUP009,2026-05-02,2026-05-08,2026-05-08,243,220,0.905,0,True,Ambient,Complete
PO002418,2026-05-04,ST033,SUP001,2026-05-02,2026-05-08,2026-05-08,268,255,0.9524,0,True,Ambient,Complete
PO002419,2026-05-04,ST033,SUP008,2026-05-02,2026-05-11,2026-05-11,188,171,0.909,0,True,Ambient,Complete
PO002420,2026-05-04,ST033,SUP002,2026-05-02,2026-05-07,2026-05-07,176,174,0.9866,0,True,Chilled,Complete
PO002421,2026-05-04,ST033,SUP003,2026-05-02,2026-05-08,2026-05-08,243,243,1.0,0,True,Ambient,Complete
PO002422,2026-05-04,ST033,SUP004,2026-05-02,2026-05-09,2026-05-09,103,96,0.9328,0,True,Ambient,Complete
PO002423,2026-05-04,ST033,SUP010,2026-05-02,2026-05-10,2026-05-10,158,152,0.9646,0,True,Ambient,Complete
PO002424,2026-05-04,ST033,SUP005,2026-05-02,2026-05-09,2026-05-09,233,200,0.8597,0,True,Ambient,Short
PO002425,2026-05-04,ST034,SUP008,2026-05-02,2026-05-11,2026-05-11,82,75,0.9118,0,True,Ambient,Complete
PO002426,2026-05-04,ST034,SUP002,2026-05-02,2026-05-07,2026-05-07,121,109,0.9,0,True,Chilled,Short
PO002427,2026-05-04,ST034,SUP004,2026-05-02,2026-05-09,2026-05-10,209,207,0.9884,1,False,Ambient,Late
PO002428,2026-05-04,ST034,SUP005,2026-05-02,2026-05-09,2026-05-09,105,97,0.9269,0,True,Ambient,Complete
PO002429,2026-05-04,ST034,SUP009,2026-05-02,2026-05-08,2026-05-08,136,124,0.9118,0,True,Ambient,Complete
PO002430,2026-05-04,ST035,SUP001,2026-05-02,2026-05-08,2026-05-08,118,110,0.9317,0,True,Ambient,Complete
PO002431,2026-05-04,ST035,SUP012,2026-05-02,2026-05-08,2026-05-08,341,330,0.9664,0,True,Ambient,Complete
PO002432,2026-05-04,ST035,SUP003,2026-05-02,2026-05-08,2026-05-08,276,276,1.0,0,True,Ambient,Complete
PO002433,2026-05-04,ST035,SUP010,2026-05-02,2026-05-10,2026-05-10,134,130,0.9726,0,True,Ambient,Complete
PO002434,2026-05-04,ST035,SUP005,2026-05-02,2026-05-09,2026-05-09,251,245,0.9779,0,True,Ambient,Complete
PO002435,2026-05-04,ST035,SUP009,2026-05-02,2026-05-08,2026-05-08,274,274,1.0,0,True,Ambient,Complete
PO002436,2026-05-04,ST036,SUP001,2026-05-02,2026-05-08,2026-05-08,98,87,0.8861,0,True,Ambient,Short
PO002437,2026-05-04,ST036,SUP008,2026-05-02,2026-05-11,2026-05-11,300,277,0.9232,0,True,Ambient,Complete
PO002438,2026-05-04,ST036,SUP012,2026-05-02,2026-05-08,2026-05-08,296,273,0.9231,0,True,Ambient,Complete
PO002439,2026-05-04,ST036,SUP011,2026-05-02,2026-05-09,2026-05-09,126,126,1.0,0,True,Ambient,Complete
PO002440,2026-05-04,ST036,SUP002,2026-05-02,2026-05-07,2026-05-07,280,257,0.9179,0,True,Chilled,Complete
PO002441,2026-05-04,ST036,SUP007,2026-05-02,2026-05-07,2026-05-08,268,233,0.8701,1,False,Chilled,Late / short
PO002442,2026-05-04,ST036,SUP003,2026-05-02,2026-05-08,2026-05-08,321,300,0.9338,0,True,Ambient,Complete
PO002443,2026-05-04,ST036,SUP004,2026-05-02,2026-05-09,2026-05-09,304,292,0.9609,0,True,Ambient,Complete
PO002444,2026-05-04,ST036,SUP005,2026-05-02,2026-05-09,2026-05-09,289,276,0.9539,0,True,Ambient,Complete
PO002445,2026-05-11,ST001,SUP001,2026-05-09,2026-05-15,2026-05-15,165,144,0.8725,0,True,Ambient,Short
PO002446,2026-05-11,ST001,SUP012,2026-05-09,2026-05-15,2026-05-15,135,127,0.941,0,True,Ambient,Complete
PO002447,2026-05-11,ST001,SUP011,2026-05-09,2026-05-16,2026-05-16,347,344,0.9902,0,True,Ambient,Complete
PO002448,2026-05-11,ST001,SUP002,2026-05-09,2026-05-14,2026-05-14,222,184,0.8304,0,True,Chilled,Short
PO002449,2026-05-11,ST001,SUP004,2026-05-09,2026-05-16,2026-05-16,396,378,0.9539,0,True,Ambient,Complete
PO002450,2026-05-11,ST001,SUP005,2026-05-09,2026-05-16,2026-05-16,325,309,0.9493,0,True,Ambient,Complete
PO002451,2026-05-11,ST002,SUP001,2026-05-09,2026-05-15,2026-05-15,417,394,0.9457,0,True,Ambient,Complete
PO002452,2026-05-11,ST002,SUP011,2026-05-09,2026-05-16,2026-05-16,171,160,0.9352,0,True,Ambient,Complete
PO002453,2026-05-11,ST002,SUP002,2026-05-09,2026-05-14,2026-05-14,430,386,0.8982,0,True,Chilled,Short
PO002454,2026-05-11,ST002,SUP007,2026-05-09,2026-05-14,2026-05-14,196,182,0.9265,0,True,Chilled,Complete
PO002455,2026-05-11,ST002,SUP006,2026-05-09,2026-05-15,2026-05-15,216,215,0.9966,0,True,Ambient,Complete
PO002456,2026-05-11,ST002,SUP004,2026-05-09,2026-05-16,2026-05-16,159,155,0.9719,0,True,Ambient,Complete
PO002457,2026-05-11,ST003,SUP001,2026-05-09,2026-05-15,2026-05-15,418,363,0.8676,0,True,Ambient,Short
PO002458,2026-05-11,ST003,SUP012,2026-05-09,2026-05-15,2026-05-15,264,229,0.8692,0,True,Ambient,Short
PO002459,2026-05-11,ST003,SUP011,2026-05-09,2026-05-16,2026-05-16,226,209,0.9262,0,True,Ambient,Complete
PO002460,2026-05-11,ST003,SUP002,2026-05-09,2026-05-14,2026-05-14,458,424,0.9262,0,True,Chilled,Complete
PO002461,2026-05-11,ST003,SUP007,2026-05-09,2026-05-14,2026-05-14,434,414,0.9528,0,True,Chilled,Complete
PO002462,2026-05-11,ST003,SUP004,2026-05-09,2026-05-16,2026-05-16,167,165,0.9898,0,True,Ambient,Complete
PO002463,2026-05-11,ST003,SUP005,2026-05-09,2026-05-16,2026-05-16,339,319,0.9416,0,True,Ambient,Complete
PO002464,2026-05-11,ST003,SUP009,2026-05-09,2026-05-15,2026-05-15,427,390,0.9126,0,True,Ambient,Complete
PO002465,2026-05-11,ST004,SUP001,2026-05-09,2026-05-15,2026-05-15,332,294,0.8855,0,True,Ambient,Short
PO002466,2026-05-11,ST004,SUP012,2026-05-09,2026-05-15,2026-05-17,531,531,1.0,2,False,Ambient,Late
PO002467,2026-05-11,ST004,SUP002,2026-05-09,2026-05-14,2026-05-14,339,304,0.8967,0,True,Chilled,Short
PO002468,2026-05-11,ST004,SUP007,2026-05-09,2026-05-14,2026-05-14,503,475,0.9451,0,True,Chilled,Complete
PO002469,2026-05-11,ST004,SUP003,2026-05-09,2026-05-15,2026-05-15,522,493,0.9445,0,True,Ambient,Complete
PO002470,2026-05-11,ST004,SUP009,2026-05-09,2026-05-15,2026-05-15,458,458,1.0,0,True,Ambient,Complete
PO002471,2026-05-11,ST005,SUP008,2026-05-09,2026-05-18,2026-05-18,432,367,0.8496,0,True,Ambient,Short
PO002472,2026-05-11,ST005,SUP011,2026-05-09,2026-05-16,2026-05-16,523,496,0.9489,0,True,Ambient,Complete
PO002473,2026-05-11,ST005,SUP002,2026-05-09,2026-05-14,2026-05-17,458,420,0.916,3,False,Chilled,Late
PO002474,2026-05-11,ST005,SUP003,2026-05-09,2026-05-15,2026-05-15,221,207,0.9347,0,True,Ambient,Complete
PO002475,2026-05-11,ST005,SUP005,2026-05-09,2026-05-16,2026-05-16,259,258,0.9944,0,True,Ambient,Complete
PO002476,2026-05-11,ST006,SUP008,2026-05-09,2026-05-18,2026-05-19,357,300,0.8414,1,False,Ambient,Late / short
PO002477,2026-05-11,ST006,SUP002,2026-05-09,2026-05-14,2026-05-14,413,405,0.9801,0,True,Chilled,Complete
PO002478,2026-05-11,ST006,SUP010,2026-05-09,2026-05-17,2026-05-17,197,197,1.0,0,True,Ambient,Complete
PO002479,2026-05-11,ST007,SUP001,2026-05-09,2026-05-15,2026-05-15,329,306,0.9312,0,True,Ambient,Complete
PO002480,2026-05-11,ST007,SUP008,2026-05-09,2026-05-18,2026-05-18,434,420,0.9681,0,True,Ambient,Complete
PO002481,2026-05-11,ST007,SUP012,2026-05-09,2026-05-15,2026-05-16,406,406,1.0,1,False,Ambient,Late
PO002482,2026-05-11,ST007,SUP007,2026-05-09,2026-05-14,2026-05-14,537,467,0.8688,0,True,Chilled,Short
PO002483,2026-05-11,ST007,SUP006,2026-05-09,2026-05-15,2026-05-15,229,220,0.9629,0,True,Ambient,Complete
PO002484,2026-05-11,ST007,SUP003,2026-05-09,2026-05-15,2026-05-15,182,163,0.895,0,True,Ambient,Short
PO002485,2026-05-11,ST007,SUP004,2026-05-09,2026-05-16,2026-05-16,252,220,0.8725,0,True,Ambient,Short
PO002486,2026-05-11,ST007,SUP010,2026-05-09,2026-05-17,2026-05-17,258,238,0.9239,0,True,Ambient,Complete
PO002487,2026-05-11,ST007,SUP005,2026-05-09,2026-05-16,2026-05-16,211,188,0.8913,0,True,Ambient,Short
PO002488,2026-05-11,ST008,SUP008,2026-05-09,2026-05-18,2026-05-18,409,368,0.8988,0,True,Ambient,Short
PO002489,2026-05-11,ST008,SUP002,2026-05-09,2026-05-14,2026-05-17,330,311,0.943,3,False,Chilled,Late
PO002490,2026-05-11,ST008,SUP006,2026-05-09,2026-05-15,2026-05-18,431,431,1.0,3,False,Ambient,Late
PO002491,2026-05-11,ST008,SUP010,2026-05-09,2026-05-17,2026-05-17,225,211,0.9369,0,True,Ambient,Complete
PO002492,2026-05-11,ST009,SUP012,2026-05-09,2026-05-15,2026-05-15,207,198,0.9558,0,True,Ambient,Complete
PO002493,2026-05-11,ST009,SUP003,2026-05-09,2026-05-15,2026-05-15,398,398,1.0,0,True,Ambient,Complete
PO002494,2026-05-11,ST009,SUP004,2026-05-09,2026-05-16,2026-05-16,421,399,0.9489,0,True,Ambient,Complete
PO002495,2026-05-11,ST009,SUP005,2026-05-09,2026-05-16,2026-05-16,146,129,0.8815,0,True,Ambient,Short
PO002496,2026-05-11,ST010,SUP008,2026-05-09,2026-05-18,2026-05-18,394,328,0.8336,0,True,Ambient,Short
PO002497,2026-05-11,ST010,SUP002,2026-05-09,2026-05-14,2026-05-14,432,403,0.9329,0,True,Chilled,Complete
PO002498,2026-05-11,ST010,SUP004,2026-05-09,2026-05-16,2026-05-17,167,157,0.9372,1,False,Ambient,Late
PO002499,2026-05-11,ST010,SUP005,2026-05-09,2026-05-16,2026-05-16,316,311,0.9844,0,True,Ambient,Complete
PO002500,2026-05-11,ST011,SUP001,2026-05-09,2026-05-15,2026-05-15,315,299,0.95,0,True,Ambient,Complete
PO002501,2026-05-11,ST011,SUP002,2026-05-09,2026-05-14,2026-05-14,194,179,0.9234,0,True,Chilled,Complete
PO002502,2026-05-11,ST011,SUP006,2026-05-09,2026-05-15,2026-05-15,191,176,0.9227,0,True,Ambient,Complete
PO002503,2026-05-11,ST012,SUP012,2026-05-09,2026-05-15,2026-05-15,220,220,1.0,0,True,Ambient,Complete
PO002504,2026-05-11,ST012,SUP011,2026-05-09,2026-05-16,2026-05-16,443,443,1.0,0,True,Ambient,Complete
PO002505,2026-05-11,ST012,SUP006,2026-05-09,2026-05-15,2026-05-15,300,260,0.8654,0,True,Ambient,Short
PO002506,2026-05-11,ST012,SUP003,2026-05-09,2026-05-15,2026-05-15,449,418,0.9311,0,True,Ambient,Complete
PO002507,2026-05-11,ST012,SUP004,2026-05-09,2026-05-16,2026-05-16,235,217,0.9238,0,True,Ambient,Complete
PO002508,2026-05-11,ST012,SUP005,2026-05-09,2026-05-16,2026-05-16,176,154,0.8749,0,True,Ambient,Short
PO002509,2026-05-11,ST013,SUP001,2026-05-09,2026-05-15,2026-05-15,297,297,1.0,0,True,Ambient,Complete
PO002510,2026-05-11,ST013,SUP002,2026-05-09,2026-05-14,2026-05-16,334,278,0.8335,2,False,Chilled,Late / short
PO002511,2026-05-11,ST013,SUP006,2026-05-09,2026-05-15,2026-05-15,265,259,0.9756,0,True,Ambient,Complete
PO002512,2026-05-11,ST013,SUP003,2026-05-09,2026-05-15,2026-05-15,123,116,0.9407,0,True,Ambient,Complete
PO002513,2026-05-11,ST013,SUP004,2026-05-09,2026-05-16,2026-05-16,165,156,0.9451,0,True,Ambient,Complete
PO002514,2026-05-11,ST013,SUP010,2026-05-09,2026-05-17,2026-05-17,157,147,0.9369,0,True,Ambient,Complete
PO002515,2026-05-11,ST014,SUP001,2026-05-09,2026-05-15,2026-05-15,368,368,1.0,0,True,Ambient,Complete
PO002516,2026-05-11,ST014,SUP011,2026-05-09,2026-05-16,2026-05-16,156,151,0.9708,0,True,Ambient,Complete
PO002517,2026-05-11,ST014,SUP002,2026-05-09,2026-05-14,2026-05-16,181,170,0.9407,2,False,Chilled,Late
PO002518,2026-05-11,ST014,SUP010,2026-05-09,2026-05-17,2026-05-17,160,135,0.8462,0,True,Ambient,Short
PO002519,2026-05-11,ST014,SUP009,2026-05-09,2026-05-15,2026-05-15,409,403,0.9858,0,True,Ambient,Complete
PO002520,2026-05-11,ST015,SUP006,2026-05-09,2026-05-15,2026-05-15,314,310,0.986,0,True,Ambient,Complete
PO002521,2026-05-11,ST015,SUP003,2026-05-09,2026-05-15,2026-05-15,247,241,0.9738,0,True,Ambient,Complete
PO002522,2026-05-11,ST015,SUP009,2026-05-09,2026-05-15,2026-05-15,128,126,0.9808,0,True,Ambient,Complete
PO002523,2026-05-11,ST016,SUP012,2026-05-09,2026-05-15,2026-05-15,482,466,0.9667,0,True,Ambient,Complete
PO002524,2026-05-11,ST016,SUP007,2026-05-09,2026-05-14,2026-05-14,458,434,0.9482,0,True,Chilled,Complete
PO002525,2026-05-11,ST016,SUP003,2026-05-09,2026-05-15,2026-05-15,313,296,0.9465,0,True,Ambient,Complete
PO002526,2026-05-11,ST016,SUP010,2026-05-09,2026-05-17,2026-05-17,221,197,0.8925,0,True,Ambient,Short
PO002527,2026-05-11,ST017,SUP001,2026-05-09,2026-05-15,2026-05-15,255,243,0.9537,0,True,Ambient,Complete
PO002528,2026-05-11,ST017,SUP008,2026-05-09,2026-05-18,2026-05-18,322,309,0.9591,0,True,Ambient,Complete
PO002529,2026-05-11,ST017,SUP011,2026-05-09,2026-05-16,2026-05-16,197,187,0.9489,0,True,Ambient,Complete
PO002530,2026-05-11,ST017,SUP002,2026-05-09,2026-05-14,2026-05-14,274,260,0.9501,0,True,Chilled,Complete
PO002531,2026-05-11,ST017,SUP006,2026-05-09,2026-05-15,2026-05-17,231,231,1.0,2,False,Ambient,Late
PO002532,2026-05-11,ST017,SUP005,2026-05-09,2026-05-16,2026-05-16,153,141,0.9231,0,True,Ambient,Complete
PO002533,2026-05-11,ST017,SUP009,2026-05-09,2026-05-15,2026-05-15,300,273,0.9091,0,True,Ambient,Complete
PO002534,2026-05-11,ST018,SUP001,2026-05-09,2026-05-15,2026-05-15,356,349,0.981,0,True,Ambient,Complete
PO002535,2026-05-11,ST018,SUP002,2026-05-09,2026-05-14,2026-05-14,347,342,0.9861,0,True,Chilled,Complete
PO002536,2026-05-11,ST018,SUP007,2026-05-09,2026-05-14,2026-05-16,303,282,0.9293,2,False,Chilled,Late
PO002537,2026-05-11,ST018,SUP005,2026-05-09,2026-05-16,2026-05-16,317,296,0.9347,0,True,Ambient,Complete
PO002538,2026-05-11,ST019,SUP008,2026-05-09,2026-05-18,2026-05-18,292,267,0.915,0,True,Ambient,Complete
PO002539,2026-05-11,ST019,SUP011,2026-05-09,2026-05-16,2026-05-16,226,221,0.9757,0,True,Ambient,Complete
PO002540,2026-05-11,ST019,SUP002,2026-05-09,2026-05-14,2026-05-14,301,268,0.8909,0,True,Chilled,Short
PO002541,2026-05-11,ST019,SUP007,2026-05-09,2026-05-14,2026-05-14,350,340,0.971,0,True,Chilled,Complete
PO002542,2026-05-11,ST019,SUP006,2026-05-09,2026-05-15,2026-05-15,425,425,1.0,0,True,Ambient,Complete
PO002543,2026-05-11,ST019,SUP003,2026-05-09,2026-05-15,2026-05-15,171,166,0.9691,0,True,Ambient,Complete
PO002544,2026-05-11,ST020,SUP001,2026-05-09,2026-05-15,2026-05-15,320,320,1.0,0,True,Ambient,Complete
PO002545,2026-05-11,ST020,SUP008,2026-05-09,2026-05-18,2026-05-19,293,256,0.8753,1,False,Ambient,Late / short
PO002546,2026-05-11,ST020,SUP012,2026-05-09,2026-05-15,2026-05-15,151,147,0.9768,0,True,Ambient,Complete
PO002547,2026-05-11,ST020,SUP011,2026-05-09,2026-05-16,2026-05-16,298,268,0.8994,0,True,Ambient,Short
PO002548,2026-05-11,ST020,SUP007,2026-05-09,2026-05-14,2026-05-14,239,223,0.9335,0,True,Chilled,Complete
PO002549,2026-05-11,ST020,SUP003,2026-05-09,2026-05-15,2026-05-15,160,148,0.922,0,True,Ambient,Complete
PO002550,2026-05-11,ST020,SUP010,2026-05-09,2026-05-17,2026-05-17,159,148,0.9334,0,True,Ambient,Complete
PO002551,2026-05-11,ST020,SUP005,2026-05-09,2026-05-16,2026-05-16,202,175,0.8665,0,True,Ambient,Short
PO002552,2026-05-11,ST020,SUP009,2026-05-09,2026-05-15,2026-05-15,176,167,0.9469,0,True,Ambient,Complete
PO002553,2026-05-11,ST021,SUP001,2026-05-09,2026-05-15,2026-05-15,152,138,0.9094,0,True,Ambient,Complete
PO002554,2026-05-11,ST021,SUP008,2026-05-09,2026-05-18,2026-05-18,339,314,0.9275,0,True,Ambient,Complete
PO002555,2026-05-11,ST021,SUP011,2026-05-09,2026-05-16,2026-05-16,425,390,0.9184,0,True,Ambient,Complete
PO002556,2026-05-11,ST021,SUP002,2026-05-09,2026-05-14,2026-05-14,242,209,0.8626,0,True,Chilled,Short
PO002557,2026-05-11,ST021,SUP003,2026-05-09,2026-05-15,2026-05-15,484,484,1.0,0,True,Ambient,Complete
PO002558,2026-05-11,ST021,SUP010,2026-05-09,2026-05-17,2026-05-17,339,308,0.9077,0,True,Ambient,Complete
PO002559,2026-05-11,ST022,SUP008,2026-05-09,2026-05-18,2026-05-18,272,250,0.9192,0,True,Ambient,Complete
PO002560,2026-05-11,ST022,SUP012,2026-05-09,2026-05-15,2026-05-15,198,195,0.9846,0,True,Ambient,Complete
PO002561,2026-05-11,ST022,SUP011,2026-05-09,2026-05-16,2026-05-16,414,379,0.9153,0,True,Ambient,Complete
PO002562,2026-05-11,ST022,SUP002,2026-05-09,2026-05-14,2026-05-14,161,155,0.9647,0,True,Chilled,Complete
PO002563,2026-05-11,ST022,SUP007,2026-05-09,2026-05-14,2026-05-14,307,290,0.9457,0,True,Chilled,Complete
PO002564,2026-05-11,ST022,SUP006,2026-05-09,2026-05-15,2026-05-15,187,186,0.9927,0,True,Ambient,Complete
PO002565,2026-05-11,ST022,SUP003,2026-05-09,2026-05-15,2026-05-15,444,437,0.9844,0,True,Ambient,Complete
PO002566,2026-05-11,ST022,SUP004,2026-05-09,2026-05-16,2026-05-16,457,413,0.9042,0,True,Ambient,Complete
PO002567,2026-05-11,ST022,SUP010,2026-05-09,2026-05-17,2026-05-17,321,284,0.8833,0,True,Ambient,Short
PO002568,2026-05-11,ST022,SUP009,2026-05-09,2026-05-15,2026-05-15,211,194,0.9177,0,True,Ambient,Complete
PO002569,2026-05-11,ST023,SUP011,2026-05-09,2026-05-16,2026-05-16,258,245,0.9491,0,True,Ambient,Complete
PO002570,2026-05-11,ST023,SUP002,2026-05-09,2026-05-14,2026-05-14,237,211,0.8922,0,True,Chilled,Short
PO002571,2026-05-11,ST023,SUP006,2026-05-09,2026-05-15,2026-05-15,110,105,0.9501,0,True,Ambient,Complete
PO002572,2026-05-11,ST023,SUP003,2026-05-09,2026-05-15,2026-05-15,240,233,0.9694,0,True,Ambient,Complete
PO002573,2026-05-11,ST023,SUP004,2026-05-09,2026-05-16,2026-05-16,351,301,0.8567,0,True,Ambient,Short
PO002574,2026-05-11,ST023,SUP005,2026-05-09,2026-05-16,2026-05-18,302,287,0.9492,2,False,Ambient,Late
PO002575,2026-05-11,ST023,SUP009,2026-05-09,2026-05-15,2026-05-15,211,211,1.0,0,True,Ambient,Complete
PO002576,2026-05-11,ST024,SUP001,2026-05-09,2026-05-15,2026-05-15,240,222,0.9252,0,True,Ambient,Complete
PO002577,2026-05-11,ST024,SUP011,2026-05-09,2026-05-16,2026-05-16,262,238,0.9101,0,True,Ambient,Complete
PO002578,2026-05-11,ST024,SUP002,2026-05-09,2026-05-14,2026-05-14,304,269,0.8859,0,True,Chilled,Short
PO002579,2026-05-11,ST024,SUP007,2026-05-09,2026-05-14,2026-05-14,121,105,0.8689,0,True,Chilled,Short
PO002580,2026-05-11,ST024,SUP003,2026-05-09,2026-05-15,2026-05-15,171,147,0.8604,0,True,Ambient,Short
PO002581,2026-05-11,ST024,SUP010,2026-05-09,2026-05-17,2026-05-17,174,152,0.8742,0,True,Ambient,Short
PO002582,2026-05-11,ST025,SUP001,2026-05-09,2026-05-15,2026-05-15,182,176,0.9664,0,True,Ambient,Complete
PO002583,2026-05-11,ST025,SUP008,2026-05-09,2026-05-18,2026-05-18,410,366,0.8939,0,True,Ambient,Short
PO002584,2026-05-11,ST025,SUP012,2026-05-09,2026-05-15,2026-05-15,195,175,0.8955,0,True,Ambient,Short
PO002585,2026-05-11,ST025,SUP002,2026-05-09,2026-05-14,2026-05-14,284,250,0.8796,0,True,Chilled,Short
PO002586,2026-05-11,ST025,SUP007,2026-05-09,2026-05-14,2026-05-14,257,228,0.8859,0,True,Chilled,Short
PO002587,2026-05-11,ST025,SUP003,2026-05-09,2026-05-15,2026-05-15,278,276,0.9938,0,True,Ambient,Complete
PO002588,2026-05-11,ST025,SUP010,2026-05-09,2026-05-17,2026-05-17,223,201,0.9012,0,True,Ambient,Complete
PO002589,2026-05-11,ST025,SUP009,2026-05-09,2026-05-15,2026-05-15,358,328,0.9161,0,True,Ambient,Complete
PO002590,2026-05-11,ST026,SUP001,2026-05-09,2026-05-15,2026-05-15,185,174,0.9386,0,True,Ambient,Complete
PO002591,2026-05-11,ST026,SUP012,2026-05-09,2026-05-15,2026-05-15,334,334,1.0,0,True,Ambient,Complete
PO002592,2026-05-11,ST026,SUP011,2026-05-09,2026-05-16,2026-05-16,242,225,0.9298,0,True,Ambient,Complete
PO002593,2026-05-11,ST026,SUP007,2026-05-09,2026-05-14,2026-05-14,154,136,0.8806,0,True,Chilled,Short
PO002594,2026-05-11,ST027,SUP012,2026-05-09,2026-05-15,2026-05-15,145,138,0.9506,0,True,Ambient,Complete
PO002595,2026-05-11,ST027,SUP011,2026-05-09,2026-05-16,2026-05-16,277,257,0.9289,0,True,Ambient,Complete
PO002596,2026-05-11,ST027,SUP002,2026-05-09,2026-05-14,2026-05-14,256,248,0.9693,0,True,Chilled,Complete
PO002597,2026-05-11,ST027,SUP007,2026-05-09,2026-05-14,2026-05-14,215,194,0.9034,0,True,Chilled,Complete
PO002598,2026-05-11,ST027,SUP003,2026-05-09,2026-05-15,2026-05-15,97,94,0.9698,0,True,Ambient,Complete
PO002599,2026-05-11,ST027,SUP010,2026-05-09,2026-05-17,2026-05-17,210,199,0.9474,0,True,Ambient,Complete
PO002600,2026-05-11,ST028,SUP008,2026-05-09,2026-05-18,2026-05-18,217,188,0.8681,0,True,Ambient,Short
PO002601,2026-05-11,ST028,SUP004,2026-05-09,2026-05-16,2026-05-16,135,131,0.9732,0,True,Ambient,Complete
PO002602,2026-05-11,ST028,SUP010,2026-05-09,2026-05-17,2026-05-17,251,236,0.939,0,True,Ambient,Complete
PO002603,2026-05-11,ST028,SUP005,2026-05-09,2026-05-16,2026-05-16,109,106,0.9704,0,True,Ambient,Complete
PO002604,2026-05-11,ST028,SUP009,2026-05-09,2026-05-15,2026-05-15,249,238,0.9539,0,True,Ambient,Complete
PO002605,2026-05-11,ST029,SUP001,2026-05-09,2026-05-15,2026-05-15,238,228,0.96,0,True,Ambient,Complete
PO002606,2026-05-11,ST029,SUP008,2026-05-09,2026-05-18,2026-05-18,272,244,0.8976,0,True,Ambient,Short
PO002607,2026-05-11,ST029,SUP012,2026-05-09,2026-05-15,2026-05-15,137,137,1.0,0,True,Ambient,Complete
PO002608,2026-05-11,ST029,SUP011,2026-05-09,2026-05-16,2026-05-16,189,162,0.8555,0,True,Ambient,Short
PO002609,2026-05-11,ST029,SUP002,2026-05-09,2026-05-14,2026-05-14,134,120,0.8923,0,True,Chilled,Short
PO002610,2026-05-11,ST029,SUP006,2026-05-09,2026-05-15,2026-05-15,322,307,0.952,0,True,Ambient,Complete
PO002611,2026-05-11,ST029,SUP004,2026-05-09,2026-05-16,2026-05-16,266,250,0.9412,0,True,Ambient,Complete
PO002612,2026-05-11,ST029,SUP010,2026-05-09,2026-05-17,2026-05-17,309,300,0.9696,0,True,Ambient,Complete
PO002613,2026-05-11,ST029,SUP005,2026-05-09,2026-05-16,2026-05-16,192,163,0.8483,0,True,Ambient,Short
PO002614,2026-05-11,ST030,SUP001,2026-05-09,2026-05-15,2026-05-15,325,325,1.0,0,True,Ambient,Complete
PO002615,2026-05-11,ST030,SUP011,2026-05-09,2026-05-16,2026-05-16,398,381,0.9575,0,True,Ambient,Complete
PO002616,2026-05-11,ST030,SUP004,2026-05-09,2026-05-16,2026-05-16,320,303,0.9465,0,True,Ambient,Complete
PO002617,2026-05-11,ST030,SUP010,2026-05-09,2026-05-17,2026-05-17,171,167,0.9765,0,True,Ambient,Complete
PO002618,2026-05-11,ST030,SUP009,2026-05-09,2026-05-15,2026-05-15,268,268,1.0,0,True,Ambient,Complete
PO002619,2026-05-11,ST031,SUP001,2026-05-09,2026-05-15,2026-05-15,154,140,0.9066,0,True,Ambient,Complete
PO002620,2026-05-11,ST031,SUP008,2026-05-09,2026-05-18,2026-05-18,124,106,0.8541,0,True,Ambient,Short
PO002621,2026-05-11,ST031,SUP002,2026-05-09,2026-05-14,2026-05-14,248,233,0.9398,0,True,Chilled,Complete
PO002622,2026-05-11,ST031,SUP007,2026-05-09,2026-05-14,2026-05-14,186,162,0.87,0,True,Chilled,Short
PO002623,2026-05-11,ST031,SUP003,2026-05-09,2026-05-15,2026-05-15,255,239,0.9375,0,True,Ambient,Complete
PO002624,2026-05-11,ST031,SUP004,2026-05-09,2026-05-16,2026-05-16,152,146,0.9585,0,True,Ambient,Complete
PO002625,2026-05-11,ST031,SUP010,2026-05-09,2026-05-17,2026-05-17,276,276,1.0,0,True,Ambient,Complete
PO002626,2026-05-11,ST031,SUP005,2026-05-09,2026-05-16,2026-05-16,239,215,0.8981,0,True,Ambient,Short
PO002627,2026-05-11,ST031,SUP009,2026-05-09,2026-05-15,2026-05-15,96,96,0.9982,0,True,Ambient,Complete
PO002628,2026-05-11,ST032,SUP001,2026-05-09,2026-05-15,2026-05-15,272,241,0.8858,0,True,Ambient,Short
PO002629,2026-05-11,ST032,SUP012,2026-05-09,2026-05-15,2026-05-17,205,179,0.872,2,False,Ambient,Late / short
PO002630,2026-05-11,ST032,SUP003,2026-05-09,2026-05-15,2026-05-15,164,164,0.9998,0,True,Ambient,Complete
PO002631,2026-05-11,ST032,SUP010,2026-05-09,2026-05-17,2026-05-17,197,183,0.9283,0,True,Ambient,Complete
PO002632,2026-05-11,ST033,SUP001,2026-05-09,2026-05-15,2026-05-15,254,220,0.865,0,True,Ambient,Short
PO002633,2026-05-11,ST033,SUP012,2026-05-09,2026-05-15,2026-05-15,215,210,0.9755,0,True,Ambient,Complete
PO002634,2026-05-11,ST033,SUP011,2026-05-09,2026-05-16,2026-05-16,242,230,0.9504,0,True,Ambient,Complete
PO002635,2026-05-11,ST033,SUP002,2026-05-09,2026-05-14,2026-05-14,130,124,0.9525,0,True,Chilled,Complete
PO002636,2026-05-11,ST033,SUP007,2026-05-09,2026-05-14,2026-05-14,171,160,0.9349,0,True,Chilled,Complete
PO002637,2026-05-11,ST033,SUP006,2026-05-09,2026-05-15,2026-05-15,248,224,0.9042,0,True,Ambient,Complete
PO002638,2026-05-11,ST033,SUP004,2026-05-09,2026-05-16,2026-05-16,100,95,0.9525,0,True,Ambient,Complete
PO002639,2026-05-11,ST033,SUP010,2026-05-09,2026-05-17,2026-05-17,283,270,0.9532,0,True,Ambient,Complete
PO002640,2026-05-11,ST033,SUP009,2026-05-09,2026-05-15,2026-05-15,150,145,0.9664,0,True,Ambient,Complete
PO002641,2026-05-11,ST034,SUP012,2026-05-09,2026-05-15,2026-05-15,197,183,0.9276,0,True,Ambient,Complete
PO002642,2026-05-11,ST034,SUP002,2026-05-09,2026-05-14,2026-05-14,232,212,0.9149,0,True,Chilled,Complete
PO002643,2026-05-11,ST034,SUP007,2026-05-09,2026-05-14,2026-05-14,89,81,0.9075,0,True,Chilled,Complete
PO002644,2026-05-11,ST034,SUP006,2026-05-09,2026-05-15,2026-05-15,135,134,0.9903,0,True,Ambient,Complete
PO002645,2026-05-11,ST034,SUP003,2026-05-09,2026-05-15,2026-05-15,203,185,0.9101,0,True,Ambient,Complete
PO002646,2026-05-11,ST034,SUP005,2026-05-09,2026-05-16,2026-05-16,127,120,0.9482,0,True,Ambient,Complete
PO002647,2026-05-11,ST035,SUP001,2026-05-09,2026-05-15,2026-05-15,288,267,0.9255,0,True,Ambient,Complete
PO002648,2026-05-11,ST035,SUP008,2026-05-09,2026-05-18,2026-05-18,229,202,0.8823,0,True,Ambient,Short
PO002649,2026-05-11,ST035,SUP011,2026-05-09,2026-05-16,2026-05-16,185,179,0.9693,0,True,Ambient,Complete
PO002650,2026-05-11,ST035,SUP007,2026-05-09,2026-05-14,2026-05-14,118,109,0.9216,0,True,Chilled,Complete
PO002651,2026-05-11,ST035,SUP004,2026-05-09,2026-05-16,2026-05-16,181,165,0.9143,0,True,Ambient,Complete
PO002652,2026-05-11,ST035,SUP010,2026-05-09,2026-05-17,2026-05-17,178,171,0.9603,0,True,Ambient,Complete
PO002653,2026-05-11,ST035,SUP005,2026-05-09,2026-05-16,2026-05-16,325,310,0.9544,0,True,Ambient,Complete
PO002654,2026-05-11,ST035,SUP009,2026-05-09,2026-05-15,2026-05-15,118,113,0.957,0,True,Ambient,Complete
PO002655,2026-05-11,ST036,SUP011,2026-05-09,2026-05-16,2026-05-16,306,294,0.9614,0,True,Ambient,Complete
PO002656,2026-05-11,ST036,SUP007,2026-05-09,2026-05-14,2026-05-14,122,120,0.9869,0,True,Chilled,Complete
PO002657,2026-05-11,ST036,SUP004,2026-05-09,2026-05-16,2026-05-16,118,113,0.955,0,True,Ambient,Complete
PO002658,2026-05-11,ST036,SUP005,2026-05-09,2026-05-16,2026-05-16,224,211,0.9434,0,True,Ambient,Complete
PO002659,2026-05-11,ST036,SUP009,2026-05-09,2026-05-15,2026-05-15,205,205,1.0,0,True,Ambient,Complete
PO002660,2026-05-18,ST001,SUP012,2026-05-16,2026-05-22,2026-05-22,229,214,0.9348,0,True,Ambient,Complete
PO002661,2026-05-18,ST001,SUP007,2026-05-16,2026-05-21,2026-05-21,364,332,0.9109,0,True,Chilled,Complete
PO002662,2026-05-18,ST001,SUP003,2026-05-16,2026-05-22,2026-05-22,351,322,0.9169,0,True,Ambient,Complete
PO002663,2026-05-18,ST001,SUP010,2026-05-16,2026-05-24,2026-05-24,137,132,0.9608,0,True,Ambient,Complete
PO002664,2026-05-18,ST001,SUP005,2026-05-16,2026-05-23,2026-05-23,350,311,0.8897,0,True,Ambient,Short
PO002665,2026-05-18,ST002,SUP008,2026-05-16,2026-05-25,2026-05-25,449,399,0.8895,0,True,Ambient,Short
PO002666,2026-05-18,ST002,SUP012,2026-05-16,2026-05-22,2026-05-22,427,403,0.9449,0,True,Ambient,Complete
PO002667,2026-05-18,ST002,SUP011,2026-05-16,2026-05-23,2026-05-23,342,317,0.9279,0,True,Ambient,Complete
PO002668,2026-05-18,ST002,SUP002,2026-05-16,2026-05-21,2026-05-21,480,415,0.8651,0,True,Chilled,Short
PO002669,2026-05-18,ST002,SUP007,2026-05-16,2026-05-21,2026-05-21,164,152,0.9286,0,True,Chilled,Complete
PO002670,2026-05-18,ST002,SUP004,2026-05-16,2026-05-23,2026-05-23,496,496,1.0,0,True,Ambient,Complete
PO002671,2026-05-18,ST002,SUP005,2026-05-16,2026-05-23,2026-05-23,196,183,0.9342,0,True,Ambient,Complete
PO002672,2026-05-18,ST002,SUP009,2026-05-16,2026-05-22,2026-05-22,485,485,1.0,0,True,Ambient,Complete
PO002673,2026-05-18,ST003,SUP001,2026-05-16,2026-05-22,2026-05-22,269,269,1.0,0,True,Ambient,Complete
PO002674,2026-05-18,ST003,SUP008,2026-05-16,2026-05-25,2026-05-25,317,282,0.8898,0,True,Ambient,Short
PO002675,2026-05-18,ST003,SUP012,2026-05-16,2026-05-22,2026-05-22,148,141,0.9547,0,True,Ambient,Complete
PO002676,2026-05-18,ST003,SUP002,2026-05-16,2026-05-21,2026-05-21,160,144,0.9025,0,True,Chilled,Complete
PO002677,2026-05-18,ST003,SUP007,2026-05-16,2026-05-21,2026-05-21,342,326,0.9524,0,True,Chilled,Complete
PO002678,2026-05-18,ST003,SUP006,2026-05-16,2026-05-22,2026-05-22,403,363,0.9017,0,True,Ambient,Complete
PO002679,2026-05-18,ST003,SUP003,2026-05-16,2026-05-22,2026-05-22,467,444,0.9506,0,True,Ambient,Complete
PO002680,2026-05-18,ST003,SUP010,2026-05-16,2026-05-24,2026-05-24,254,225,0.884,0,True,Ambient,Short
PO002681,2026-05-18,ST003,SUP005,2026-05-16,2026-05-23,2026-05-23,344,293,0.8516,0,True,Ambient,Short
PO002682,2026-05-18,ST003,SUP009,2026-05-16,2026-05-22,2026-05-22,280,277,0.9876,0,True,Ambient,Complete
PO002683,2026-05-18,ST004,SUP001,2026-05-16,2026-05-22,2026-05-22,435,386,0.8865,0,True,Ambient,Short
PO002684,2026-05-18,ST004,SUP008,2026-05-16,2026-05-25,2026-05-25,354,332,0.9381,0,True,Ambient,Complete
PO002685,2026-05-18,ST004,SUP012,2026-05-16,2026-05-22,2026-05-22,469,446,0.9503,0,True,Ambient,Complete
PO002686,2026-05-18,ST004,SUP011,2026-05-16,2026-05-23,2026-05-23,387,371,0.9594,0,True,Ambient,Complete
PO002687,2026-05-18,ST004,SUP002,2026-05-16,2026-05-21,2026-05-21,177,152,0.8612,0,True,Chilled,Short
PO002688,2026-05-18,ST004,SUP006,2026-05-16,2026-05-22,2026-05-22,348,313,0.9,0,True,Ambient,Short
PO002689,2026-05-18,ST004,SUP004,2026-05-16,2026-05-23,2026-05-23,515,515,1.0,0,True,Ambient,Complete
PO002690,2026-05-18,ST004,SUP010,2026-05-16,2026-05-24,2026-05-24,346,313,0.9034,0,True,Ambient,Complete
PO002691,2026-05-18,ST004,SUP005,2026-05-16,2026-05-23,2026-05-23,160,155,0.9682,0,True,Ambient,Complete
PO002692,2026-05-18,ST005,SUP011,2026-05-16,2026-05-23,2026-05-23,158,144,0.9143,0,True,Ambient,Complete
PO002693,2026-05-18,ST005,SUP003,2026-05-16,2026-05-22,2026-05-22,253,253,1.0,0,True,Ambient,Complete
PO002694,2026-05-18,ST005,SUP004,2026-05-16,2026-05-23,2026-05-23,452,423,0.936,0,True,Ambient,Complete
PO002695,2026-05-18,ST005,SUP009,2026-05-16,2026-05-22,2026-05-22,520,511,0.9832,0,True,Ambient,Complete
PO002696,2026-05-18,ST006,SUP001,2026-05-16,2026-05-22,2026-05-22,335,287,0.8553,0,True,Ambient,Short
PO002697,2026-05-18,ST006,SUP008,2026-05-16,2026-05-25,2026-05-25,347,342,0.9843,0,True,Ambient,Complete
PO002698,2026-05-18,ST006,SUP012,2026-05-16,2026-05-22,2026-05-22,530,483,0.9106,0,True,Ambient,Complete
PO002699,2026-05-18,ST006,SUP011,2026-05-16,2026-05-23,2026-05-23,252,231,0.9147,0,True,Ambient,Complete
PO002700,2026-05-18,ST006,SUP006,2026-05-16,2026-05-22,2026-05-22,369,363,0.9848,0,True,Ambient,Complete
PO002701,2026-05-18,ST006,SUP004,2026-05-16,2026-05-23,2026-05-23,232,214,0.9226,0,True,Ambient,Complete
PO002702,2026-05-18,ST006,SUP009,2026-05-16,2026-05-22,2026-05-22,408,394,0.9646,0,True,Ambient,Complete
PO002703,2026-05-18,ST007,SUP008,2026-05-16,2026-05-25,2026-05-25,529,501,0.9471,0,True,Ambient,Complete
PO002704,2026-05-18,ST007,SUP012,2026-05-16,2026-05-22,2026-05-22,283,283,1.0,0,True,Ambient,Complete
PO002705,2026-05-18,ST007,SUP006,2026-05-16,2026-05-22,2026-05-22,163,157,0.9618,0,True,Ambient,Complete
PO002706,2026-05-18,ST007,SUP003,2026-05-16,2026-05-22,2026-05-22,403,403,1.0,0,True,Ambient,Complete
PO002707,2026-05-18,ST007,SUP009,2026-05-16,2026-05-22,2026-05-22,497,454,0.9138,0,True,Ambient,Complete
PO002708,2026-05-18,ST008,SUP008,2026-05-16,2026-05-25,2026-05-25,419,385,0.9197,0,True,Ambient,Complete
PO002709,2026-05-18,ST008,SUP011,2026-05-16,2026-05-23,2026-05-23,410,387,0.945,0,True,Ambient,Complete
PO002710,2026-05-18,ST008,SUP007,2026-05-16,2026-05-21,2026-05-21,435,402,0.9235,0,True,Chilled,Complete
PO002711,2026-05-18,ST008,SUP006,2026-05-16,2026-05-22,2026-05-22,254,251,0.9869,0,True,Ambient,Complete
PO002712,2026-05-18,ST008,SUP003,2026-05-16,2026-05-22,2026-05-24,365,350,0.9582,2,False,Ambient,Late
PO002713,2026-05-18,ST008,SUP010,2026-05-16,2026-05-24,2026-05-24,278,246,0.8859,0,True,Ambient,Short
PO002714,2026-05-18,ST008,SUP009,2026-05-16,2026-05-22,2026-05-22,276,244,0.8832,0,True,Ambient,Short
PO002715,2026-05-18,ST009,SUP008,2026-05-16,2026-05-25,2026-05-25,146,124,0.8464,0,True,Ambient,Short
PO002716,2026-05-18,ST009,SUP012,2026-05-16,2026-05-22,2026-05-22,323,318,0.984,0,True,Ambient,Complete
PO002717,2026-05-18,ST009,SUP011,2026-05-16,2026-05-23,2026-05-23,175,171,0.9796,0,True,Ambient,Complete
PO002718,2026-05-18,ST009,SUP007,2026-05-16,2026-05-21,2026-05-21,429,421,0.9818,0,True,Chilled,Complete
PO002719,2026-05-18,ST009,SUP006,2026-05-16,2026-05-22,2026-05-22,137,133,0.9713,0,True,Ambient,Complete
PO002720,2026-05-18,ST009,SUP003,2026-05-16,2026-05-22,2026-05-22,391,377,0.9633,0,True,Ambient,Complete
PO002721,2026-05-18,ST009,SUP004,2026-05-16,2026-05-23,2026-05-23,442,437,0.9881,0,True,Ambient,Complete
PO002722,2026-05-18,ST009,SUP005,2026-05-16,2026-05-23,2026-05-23,316,316,1.0,0,True,Ambient,Complete
PO002723,2026-05-18,ST010,SUP008,2026-05-16,2026-05-25,2026-05-25,449,407,0.9069,0,True,Ambient,Complete
PO002724,2026-05-18,ST010,SUP012,2026-05-16,2026-05-22,2026-05-22,438,432,0.9858,0,True,Ambient,Complete
PO002725,2026-05-18,ST010,SUP011,2026-05-16,2026-05-23,2026-05-23,217,201,0.9283,0,True,Ambient,Complete
PO002726,2026-05-18,ST010,SUP006,2026-05-16,2026-05-22,2026-05-22,198,187,0.9445,0,True,Ambient,Complete
PO002727,2026-05-18,ST010,SUP010,2026-05-16,2026-05-24,2026-05-24,324,308,0.9495,0,True,Ambient,Complete
PO002728,2026-05-18,ST010,SUP005,2026-05-16,2026-05-23,2026-05-23,151,144,0.9533,0,True,Ambient,Complete
PO002729,2026-05-18,ST011,SUP001,2026-05-16,2026-05-22,2026-05-22,325,325,1.0,0,True,Ambient,Complete
PO002730,2026-05-18,ST011,SUP008,2026-05-16,2026-05-25,2026-05-25,345,310,0.8989,0,True,Ambient,Short
PO002731,2026-05-18,ST011,SUP012,2026-05-16,2026-05-22,2026-05-22,325,320,0.9853,0,True,Ambient,Complete
PO002732,2026-05-18,ST011,SUP011,2026-05-16,2026-05-23,2026-05-24,349,332,0.9525,1,False,Ambient,Late
PO002733,2026-05-18,ST011,SUP007,2026-05-16,2026-05-21,2026-05-21,218,186,0.8534,0,True,Chilled,Short
PO002734,2026-05-18,ST011,SUP003,2026-05-16,2026-05-22,2026-05-22,293,280,0.9557,0,True,Ambient,Complete
PO002735,2026-05-18,ST011,SUP010,2026-05-16,2026-05-24,2026-05-24,300,278,0.926,0,True,Ambient,Complete
PO002736,2026-05-18,ST011,SUP009,2026-05-16,2026-05-22,2026-05-22,194,189,0.9751,0,True,Ambient,Complete
PO002737,2026-05-18,ST012,SUP001,2026-05-16,2026-05-22,2026-05-22,228,224,0.9834,0,True,Ambient,Complete
PO002738,2026-05-18,ST012,SUP012,2026-05-16,2026-05-22,2026-05-22,382,349,0.9135,0,True,Ambient,Complete
PO002739,2026-05-18,ST012,SUP002,2026-05-16,2026-05-21,2026-05-21,283,254,0.8977,0,True,Chilled,Short
PO002740,2026-05-18,ST012,SUP004,2026-05-16,2026-05-23,2026-05-23,269,262,0.9748,0,True,Ambient,Complete
PO002741,2026-05-18,ST012,SUP005,2026-05-16,2026-05-23,2026-05-23,444,438,0.9867,0,True,Ambient,Complete
PO002742,2026-05-18,ST012,SUP009,2026-05-16,2026-05-22,2026-05-22,268,248,0.9244,0,True,Ambient,Complete
PO002743,2026-05-18,ST013,SUP001,2026-05-16,2026-05-22,2026-05-22,346,314,0.9077,0,True,Ambient,Complete
PO002744,2026-05-18,ST013,SUP008,2026-05-16,2026-05-25,2026-05-25,133,116,0.8722,0,True,Ambient,Short
PO002745,2026-05-18,ST013,SUP012,2026-05-16,2026-05-22,2026-05-22,369,362,0.9813,0,True,Ambient,Complete
PO002746,2026-05-18,ST013,SUP011,2026-05-16,2026-05-23,2026-05-23,192,191,0.9932,0,True,Ambient,Complete
PO002747,2026-05-18,ST013,SUP003,2026-05-16,2026-05-22,2026-05-22,184,178,0.9672,0,True,Ambient,Complete
PO002748,2026-05-18,ST013,SUP010,2026-05-16,2026-05-24,2026-05-24,345,333,0.9655,0,True,Ambient,Complete
PO002749,2026-05-18,ST014,SUP012,2026-05-16,2026-05-22,2026-05-22,253,234,0.9237,0,True,Ambient,Complete
PO002750,2026-05-18,ST014,SUP011,2026-05-16,2026-05-23,2026-05-23,389,374,0.9618,0,True,Ambient,Complete
PO002751,2026-05-18,ST014,SUP007,2026-05-16,2026-05-21,2026-05-22,172,159,0.9236,1,False,Chilled,Late
PO002752,2026-05-18,ST014,SUP006,2026-05-16,2026-05-22,2026-05-22,408,384,0.9415,0,True,Ambient,Complete
PO002753,2026-05-18,ST014,SUP004,2026-05-16,2026-05-23,2026-05-23,237,225,0.949,0,True,Ambient,Complete
PO002754,2026-05-18,ST014,SUP010,2026-05-16,2026-05-24,2026-05-24,240,234,0.9768,0,True,Ambient,Complete
PO002755,2026-05-18,ST014,SUP005,2026-05-16,2026-05-23,2026-05-23,231,204,0.8814,0,True,Ambient,Short
PO002756,2026-05-18,ST015,SUP012,2026-05-16,2026-05-22,2026-05-22,171,171,1.0,0,True,Ambient,Complete
PO002757,2026-05-18,ST015,SUP007,2026-05-16,2026-05-21,2026-05-21,234,213,0.9105,0,True,Chilled,Complete
PO002758,2026-05-18,ST015,SUP010,2026-05-16,2026-05-24,2026-05-24,345,343,0.9941,0,True,Ambient,Complete
PO002759,2026-05-18,ST015,SUP005,2026-05-16,2026-05-23,2026-05-23,340,306,0.9011,0,True,Ambient,Complete
PO002760,2026-05-18,ST016,SUP008,2026-05-16,2026-05-25,2026-05-25,451,404,0.8961,0,True,Ambient,Short
PO002761,2026-05-18,ST016,SUP012,2026-05-16,2026-05-22,2026-05-22,173,158,0.9114,0,True,Ambient,Complete
PO002762,2026-05-18,ST016,SUP002,2026-05-16,2026-05-21,2026-05-21,381,367,0.9636,0,True,Chilled,Complete
PO002763,2026-05-18,ST016,SUP006,2026-05-16,2026-05-22,2026-05-22,430,419,0.975,0,True,Ambient,Complete
PO002764,2026-05-18,ST016,SUP005,2026-05-16,2026-05-23,2026-05-26,189,175,0.9244,3,False,Ambient,Late
PO002765,2026-05-18,ST017,SUP001,2026-05-16,2026-05-22,2026-05-22,372,358,0.9616,0,True,Ambient,Complete
PO002766,2026-05-18,ST017,SUP012,2026-05-16,2026-05-22,2026-05-22,341,341,1.0,0,True,Ambient,Complete
PO002767,2026-05-18,ST017,SUP011,2026-05-16,2026-05-23,2026-05-23,180,155,0.863,0,True,Ambient,Short
PO002768,2026-05-18,ST017,SUP004,2026-05-16,2026-05-23,2026-05-23,171,171,1.0,0,True,Ambient,Complete
PO002769,2026-05-18,ST017,SUP010,2026-05-16,2026-05-24,2026-05-24,290,275,0.948,0,True,Ambient,Complete
PO002770,2026-05-18,ST017,SUP005,2026-05-16,2026-05-23,2026-05-23,359,334,0.9296,0,True,Ambient,Complete
PO002771,2026-05-18,ST017,SUP009,2026-05-16,2026-05-22,2026-05-22,324,289,0.8922,0,True,Ambient,Short
PO002772,2026-05-18,ST018,SUP008,2026-05-16,2026-05-25,2026-05-25,252,234,0.9296,0,True,Ambient,Complete
PO002773,2026-05-18,ST018,SUP011,2026-05-16,2026-05-23,2026-05-23,288,254,0.8811,0,True,Ambient,Short
PO002774,2026-05-18,ST018,SUP002,2026-05-16,2026-05-21,2026-05-21,235,229,0.9743,0,True,Chilled,Complete
PO002775,2026-05-18,ST018,SUP004,2026-05-16,2026-05-23,2026-05-23,285,275,0.9655,0,True,Ambient,Complete
PO002776,2026-05-18,ST018,SUP010,2026-05-16,2026-05-24,2026-05-24,280,270,0.9651,0,True,Ambient,Complete
PO002777,2026-05-18,ST018,SUP009,2026-05-16,2026-05-22,2026-05-22,224,218,0.9713,0,True,Ambient,Complete
PO002778,2026-05-18,ST019,SUP001,2026-05-16,2026-05-22,2026-05-22,290,290,1.0,0,True,Ambient,Complete
PO002779,2026-05-18,ST019,SUP008,2026-05-16,2026-05-25,2026-05-25,186,169,0.9083,0,True,Ambient,Complete
PO002780,2026-05-18,ST019,SUP006,2026-05-16,2026-05-22,2026-05-22,434,392,0.9042,0,True,Ambient,Complete
PO002781,2026-05-18,ST019,SUP003,2026-05-16,2026-05-22,2026-05-22,246,242,0.9817,0,True,Ambient,Complete
PO002782,2026-05-18,ST019,SUP005,2026-05-16,2026-05-23,2026-05-25,369,351,0.9512,2,False,Ambient,Late
PO002783,2026-05-18,ST020,SUP012,2026-05-16,2026-05-22,2026-05-22,111,96,0.8654,0,True,Ambient,Short
PO002784,2026-05-18,ST020,SUP002,2026-05-16,2026-05-21,2026-05-21,275,240,0.8724,0,True,Chilled,Short
PO002785,2026-05-18,ST020,SUP007,2026-05-16,2026-05-21,2026-05-21,209,182,0.8704,0,True,Chilled,Short
PO002786,2026-05-18,ST020,SUP003,2026-05-16,2026-05-22,2026-05-22,242,223,0.9215,0,True,Ambient,Complete
PO002787,2026-05-18,ST020,SUP010,2026-05-16,2026-05-24,2026-05-24,274,254,0.9288,0,True,Ambient,Complete
PO002788,2026-05-18,ST020,SUP005,2026-05-16,2026-05-23,2026-05-23,317,304,0.9592,0,True,Ambient,Complete
PO002789,2026-05-18,ST020,SUP009,2026-05-16,2026-05-22,2026-05-22,154,154,1.0,0,True,Ambient,Complete
PO002790,2026-05-18,ST021,SUP001,2026-05-16,2026-05-22,2026-05-22,231,215,0.9314,0,True,Ambient,Complete
PO002791,2026-05-18,ST021,SUP012,2026-05-16,2026-05-22,2026-05-22,238,218,0.9178,0,True,Ambient,Complete
PO002792,2026-05-18,ST021,SUP002,2026-05-16,2026-05-21,2026-05-21,411,390,0.9483,0,True,Chilled,Complete
PO002793,2026-05-18,ST021,SUP007,2026-05-16,2026-05-21,2026-05-21,243,225,0.9243,0,True,Chilled,Complete
PO002794,2026-05-18,ST021,SUP006,2026-05-16,2026-05-22,2026-05-22,216,181,0.8401,0,True,Ambient,Short
PO002795,2026-05-18,ST021,SUP003,2026-05-16,2026-05-22,2026-05-22,154,152,0.9886,0,True,Ambient,Complete
PO002796,2026-05-18,ST021,SUP009,2026-05-16,2026-05-22,2026-05-22,488,458,0.9376,0,True,Ambient,Complete
PO002797,2026-05-18,ST022,SUP001,2026-05-16,2026-05-22,2026-05-22,184,179,0.9731,0,True,Ambient,Complete
PO002798,2026-05-18,ST022,SUP007,2026-05-16,2026-05-21,2026-05-21,350,307,0.8759,0,True,Chilled,Short
PO002799,2026-05-18,ST022,SUP006,2026-05-16,2026-05-22,2026-05-22,333,333,1.0,0,True,Ambient,Complete
PO002800,2026-05-18,ST022,SUP010,2026-05-16,2026-05-24,2026-05-24,235,214,0.9107,0,True,Ambient,Complete
PO002801,2026-05-18,ST023,SUP001,2026-05-16,2026-05-22,2026-05-22,336,323,0.9605,0,True,Ambient,Complete
PO002802,2026-05-18,ST023,SUP012,2026-05-16,2026-05-22,2026-05-22,188,185,0.9816,0,True,Ambient,Complete
PO002803,2026-05-18,ST023,SUP011,2026-05-16,2026-05-23,2026-05-23,280,261,0.9316,0,True,Ambient,Complete
PO002804,2026-05-18,ST023,SUP007,2026-05-16,2026-05-21,2026-05-21,178,160,0.8966,0,True,Chilled,Short
PO002805,2026-05-18,ST023,SUP003,2026-05-16,2026-05-22,2026-05-22,239,218,0.9108,0,True,Ambient,Complete
PO002806,2026-05-18,ST023,SUP010,2026-05-16,2026-05-24,2026-05-24,237,210,0.8841,0,True,Ambient,Short
PO002807,2026-05-18,ST024,SUP001,2026-05-16,2026-05-22,2026-05-22,150,136,0.9046,0,True,Ambient,Complete
PO002808,2026-05-18,ST024,SUP008,2026-05-16,2026-05-25,2026-05-25,211,198,0.9406,0,True,Ambient,Complete
PO002809,2026-05-18,ST024,SUP012,2026-05-16,2026-05-22,2026-05-22,314,303,0.9665,0,True,Ambient,Complete
PO002810,2026-05-18,ST024,SUP002,2026-05-16,2026-05-21,2026-05-21,124,93,0.7505,0,True,Chilled,Short
PO002811,2026-05-18,ST024,SUP006,2026-05-16,2026-05-22,2026-05-25,201,182,0.9032,3,False,Ambient,Late
PO002812,2026-05-18,ST024,SUP003,2026-05-16,2026-05-22,2026-05-22,272,266,0.9782,0,True,Ambient,Complete
PO002813,2026-05-18,ST024,SUP010,2026-05-16,2026-05-24,2026-05-24,315,297,0.9417,0,True,Ambient,Complete
PO002814,2026-05-18,ST024,SUP009,2026-05-16,2026-05-22,2026-05-22,238,225,0.9434,0,True,Ambient,Complete
PO002815,2026-05-18,ST025,SUP001,2026-05-16,2026-05-22,2026-05-22,166,159,0.9576,0,True,Ambient,Complete
PO002816,2026-05-18,ST025,SUP008,2026-05-16,2026-05-25,2026-05-27,207,172,0.8299,2,False,Ambient,Late / short
PO002817,2026-05-18,ST025,SUP012,2026-05-16,2026-05-22,2026-05-22,283,278,0.9836,0,True,Ambient,Complete
PO002818,2026-05-18,ST025,SUP011,2026-05-16,2026-05-23,2026-05-23,346,320,0.9255,0,True,Ambient,Complete
PO002819,2026-05-18,ST025,SUP002,2026-05-16,2026-05-21,2026-05-22,309,218,0.7043,1,False,Chilled,Late / short
PO002820,2026-05-18,ST025,SUP003,2026-05-16,2026-05-22,2026-05-24,427,378,0.8843,2,False,Ambient,Late / short
PO002821,2026-05-18,ST025,SUP005,2026-05-16,2026-05-23,2026-05-23,317,293,0.9243,0,True,Ambient,Complete
PO002822,2026-05-18,ST026,SUP012,2026-05-16,2026-05-22,2026-05-22,290,290,1.0,0,True,Ambient,Complete
PO002823,2026-05-18,ST026,SUP002,2026-05-16,2026-05-21,2026-05-22,290,129,0.4454,1,False,Chilled,Late / short
PO002824,2026-05-18,ST026,SUP007,2026-05-16,2026-05-21,2026-05-21,192,176,0.9149,0,True,Chilled,Complete
PO002825,2026-05-18,ST026,SUP003,2026-05-16,2026-05-22,2026-05-22,226,225,0.9956,0,True,Ambient,Complete
PO002826,2026-05-18,ST026,SUP004,2026-05-16,2026-05-23,2026-05-23,123,121,0.9856,0,True,Ambient,Complete
PO002827,2026-05-18,ST026,SUP010,2026-05-16,2026-05-24,2026-05-24,314,279,0.8885,0,True,Ambient,Short
PO002828,2026-05-18,ST026,SUP005,2026-05-16,2026-05-23,2026-05-23,374,343,0.9181,0,True,Ambient,Complete
PO002829,2026-05-18,ST027,SUP001,2026-05-16,2026-05-22,2026-05-22,244,225,0.9235,0,True,Ambient,Complete
PO002830,2026-05-18,ST027,SUP008,2026-05-16,2026-05-25,2026-05-25,125,114,0.9126,0,True,Ambient,Complete
PO002831,2026-05-18,ST027,SUP002,2026-05-16,2026-05-21,2026-05-21,253,154,0.6106,0,True,Chilled,Short
PO002832,2026-05-18,ST027,SUP007,2026-05-16,2026-05-21,2026-05-21,303,269,0.8867,0,True,Chilled,Short
PO002833,2026-05-18,ST027,SUP003,2026-05-16,2026-05-22,2026-05-22,275,241,0.8756,0,True,Ambient,Short
PO002834,2026-05-18,ST027,SUP004,2026-05-16,2026-05-23,2026-05-23,241,226,0.9371,0,True,Ambient,Complete
PO002835,2026-05-18,ST027,SUP010,2026-05-16,2026-05-24,2026-05-24,196,189,0.9649,0,True,Ambient,Complete
PO002836,2026-05-18,ST027,SUP009,2026-05-16,2026-05-22,2026-05-22,163,157,0.9654,0,True,Ambient,Complete
PO002837,2026-05-18,ST028,SUP008,2026-05-16,2026-05-25,2026-05-25,195,179,0.9203,0,True,Ambient,Complete
PO002838,2026-05-18,ST028,SUP006,2026-05-16,2026-05-22,2026-05-23,292,267,0.913,1,False,Ambient,Late
PO002839,2026-05-18,ST028,SUP003,2026-05-16,2026-05-22,2026-05-22,97,93,0.9625,0,True,Ambient,Complete
PO002840,2026-05-18,ST028,SUP004,2026-05-16,2026-05-23,2026-05-25,218,183,0.8373,2,False,Ambient,Late / short
PO002841,2026-05-18,ST029,SUP001,2026-05-16,2026-05-22,2026-05-22,155,142,0.9172,0,True,Ambient,Complete
PO002842,2026-05-18,ST029,SUP008,2026-05-16,2026-05-25,2026-05-25,162,145,0.8942,0,True,Ambient,Short
PO002843,2026-05-18,ST029,SUP011,2026-05-16,2026-05-23,2026-05-23,249,219,0.8798,0,True,Ambient,Short
PO002844,2026-05-18,ST029,SUP002,2026-05-16,2026-05-21,2026-05-26,237,145,0.6108,5,False,Chilled,Late / short
PO002845,2026-05-18,ST029,SUP007,2026-05-16,2026-05-21,2026-05-21,334,300,0.8981,0,True,Chilled,Short
PO002846,2026-05-18,ST029,SUP010,2026-05-16,2026-05-24,2026-05-24,275,245,0.8898,0,True,Ambient,Short
PO002847,2026-05-18,ST030,SUP007,2026-05-16,2026-05-21,2026-05-21,344,324,0.9408,0,True,Chilled,Complete
PO002848,2026-05-18,ST030,SUP006,2026-05-16,2026-05-22,2026-05-22,355,355,1.0,0,True,Ambient,Complete
PO002849,2026-05-18,ST030,SUP010,2026-05-16,2026-05-24,2026-05-26,195,195,1.0,2,False,Ambient,Late
PO002850,2026-05-18,ST030,SUP005,2026-05-16,2026-05-23,2026-05-23,193,185,0.9602,0,True,Ambient,Complete
PO002851,2026-05-18,ST030,SUP009,2026-05-16,2026-05-22,2026-05-22,144,130,0.9035,0,True,Ambient,Complete
PO002852,2026-05-18,ST031,SUP008,2026-05-16,2026-05-25,2026-05-25,286,269,0.9411,0,True,Ambient,Complete
PO002853,2026-05-18,ST031,SUP012,2026-05-16,2026-05-22,2026-05-22,99,92,0.9245,0,True,Ambient,Complete
PO002854,2026-05-18,ST031,SUP011,2026-05-16,2026-05-23,2026-05-23,281,252,0.8953,0,True,Ambient,Short
PO002855,2026-05-18,ST031,SUP003,2026-05-16,2026-05-22,2026-05-22,211,209,0.991,0,True,Ambient,Complete
PO002856,2026-05-18,ST031,SUP004,2026-05-16,2026-05-23,2026-05-23,195,178,0.9143,0,True,Ambient,Complete
PO002857,2026-05-18,ST031,SUP010,2026-05-16,2026-05-24,2026-05-24,122,116,0.9482,0,True,Ambient,Complete
PO002858,2026-05-18,ST031,SUP005,2026-05-16,2026-05-23,2026-05-23,164,160,0.9765,0,True,Ambient,Complete
PO002859,2026-05-18,ST031,SUP009,2026-05-16,2026-05-22,2026-05-22,87,87,1.0,0,True,Ambient,Complete
PO002860,2026-05-18,ST032,SUP011,2026-05-16,2026-05-23,2026-05-23,207,186,0.8975,0,True,Ambient,Short
PO002861,2026-05-18,ST032,SUP002,2026-05-16,2026-05-21,2026-05-21,131,78,0.5952,0,True,Chilled,Short
PO002862,2026-05-18,ST032,SUP006,2026-05-16,2026-05-22,2026-05-22,154,146,0.9459,0,True,Ambient,Complete
PO002863,2026-05-18,ST032,SUP010,2026-05-16,2026-05-24,2026-05-24,258,232,0.9006,0,True,Ambient,Complete
PO002864,2026-05-18,ST032,SUP009,2026-05-16,2026-05-22,2026-05-22,110,105,0.9533,0,True,Ambient,Complete
PO002865,2026-05-18,ST033,SUP001,2026-05-16,2026-05-22,2026-05-22,214,190,0.8884,0,True,Ambient,Short
PO002866,2026-05-18,ST033,SUP008,2026-05-16,2026-05-25,2026-05-25,151,144,0.9523,0,True,Ambient,Complete
PO002867,2026-05-18,ST033,SUP012,2026-05-16,2026-05-22,2026-05-22,261,261,1.0,0,True,Ambient,Complete
PO002868,2026-05-18,ST033,SUP004,2026-05-16,2026-05-23,2026-05-23,87,80,0.9143,0,True,Ambient,Complete
PO002869,2026-05-18,ST033,SUP005,2026-05-16,2026-05-23,2026-05-23,273,244,0.8925,0,True,Ambient,Short
PO002870,2026-05-18,ST033,SUP009,2026-05-16,2026-05-22,2026-05-22,185,185,1.0,0,True,Ambient,Complete
PO002871,2026-05-18,ST034,SUP011,2026-05-16,2026-05-23,2026-05-23,184,180,0.9788,0,True,Ambient,Complete
PO002872,2026-05-18,ST034,SUP002,2026-05-16,2026-05-21,2026-05-22,188,80,0.4272,1,False,Chilled,Late / short
PO002873,2026-05-18,ST034,SUP003,2026-05-16,2026-05-22,2026-05-22,233,207,0.8878,0,True,Ambient,Short
PO002874,2026-05-18,ST034,SUP004,2026-05-16,2026-05-23,2026-05-23,193,192,0.9936,0,True,Ambient,Complete
PO002875,2026-05-18,ST034,SUP005,2026-05-16,2026-05-23,2026-05-23,193,191,0.991,0,True,Ambient,Complete
PO002876,2026-05-18,ST034,SUP009,2026-05-16,2026-05-22,2026-05-22,260,260,1.0,0,True,Ambient,Complete
PO002877,2026-05-18,ST035,SUP008,2026-05-16,2026-05-25,2026-05-25,185,172,0.9275,0,True,Ambient,Complete
PO002878,2026-05-18,ST035,SUP012,2026-05-16,2026-05-22,2026-05-22,329,304,0.9244,0,True,Ambient,Complete
PO002879,2026-05-18,ST035,SUP011,2026-05-16,2026-05-23,2026-05-23,229,212,0.927,0,True,Ambient,Complete
PO002880,2026-05-18,ST035,SUP006,2026-05-16,2026-05-22,2026-05-22,323,306,0.9485,0,True,Ambient,Complete
PO002881,2026-05-18,ST035,SUP005,2026-05-16,2026-05-23,2026-05-23,264,243,0.922,0,True,Ambient,Complete
PO002882,2026-05-18,ST036,SUP001,2026-05-16,2026-05-22,2026-05-25,146,130,0.8938,3,False,Ambient,Late / short
PO002883,2026-05-18,ST036,SUP008,2026-05-16,2026-05-25,2026-05-25,196,177,0.9028,0,True,Ambient,Complete
PO002884,2026-05-18,ST036,SUP011,2026-05-16,2026-05-23,2026-05-23,305,257,0.8438,0,True,Ambient,Short
PO002885,2026-05-18,ST036,SUP002,2026-05-16,2026-05-21,2026-05-24,256,149,0.5802,3,False,Chilled,Late / short
PO002886,2026-05-18,ST036,SUP007,2026-05-16,2026-05-21,2026-05-21,217,217,1.0,0,True,Chilled,Complete
PO002887,2026-05-18,ST036,SUP006,2026-05-16,2026-05-22,2026-05-22,178,178,1.0,0,True,Ambient,Complete
PO002888,2026-05-18,ST036,SUP003,2026-05-16,2026-05-22,2026-05-22,184,166,0.9016,0,True,Ambient,Complete
PO002889,2026-05-18,ST036,SUP004,2026-05-16,2026-05-23,2026-05-23,251,237,0.9434,0,True,Ambient,Complete
PO002890,2026-05-18,ST036,SUP005,2026-05-16,2026-05-23,2026-05-23,183,183,1.0,0,True,Ambient,Complete
PO002891,2026-05-25,ST001,SUP001,2026-05-23,2026-05-29,2026-05-29,321,318,0.9908,0,True,Ambient,Complete
PO002892,2026-05-25,ST001,SUP008,2026-05-23,2026-06-01,2026-06-01,244,223,0.9136,0,True,Ambient,Complete
PO002893,2026-05-25,ST001,SUP002,2026-05-23,2026-05-28,2026-05-28,277,239,0.8638,0,True,Chilled,Short
PO002894,2026-05-25,ST001,SUP006,2026-05-23,2026-05-29,2026-05-29,214,202,0.9439,0,True,Ambient,Complete
PO002895,2026-05-25,ST001,SUP003,2026-05-23,2026-05-29,2026-05-29,175,161,0.9214,0,True,Ambient,Complete
PO002896,2026-05-25,ST001,SUP004,2026-05-23,2026-05-30,2026-05-31,141,133,0.9399,1,False,Ambient,Late
PO002897,2026-05-25,ST001,SUP010,2026-05-23,2026-05-31,2026-05-31,127,120,0.946,0,True,Ambient,Complete
PO002898,2026-05-25,ST002,SUP001,2026-05-23,2026-05-29,2026-05-29,294,272,0.9238,0,True,Ambient,Complete
PO002899,2026-05-25,ST002,SUP008,2026-05-23,2026-06-01,2026-06-01,238,212,0.8902,0,True,Ambient,Short
PO002900,2026-05-25,ST002,SUP012,2026-05-23,2026-05-29,2026-05-29,435,429,0.9862,0,True,Ambient,Complete
PO002901,2026-05-25,ST002,SUP002,2026-05-23,2026-05-28,2026-05-28,359,334,0.9297,0,True,Chilled,Complete
PO002902,2026-05-25,ST002,SUP007,2026-05-23,2026-05-28,2026-05-28,201,186,0.9234,0,True,Chilled,Complete
PO002903,2026-05-25,ST002,SUP006,2026-05-23,2026-05-29,2026-05-29,349,349,1.0,0,True,Ambient,Complete
PO002904,2026-05-25,ST002,SUP003,2026-05-23,2026-05-29,2026-05-29,202,196,0.9692,0,True,Ambient,Complete
PO002905,2026-05-25,ST002,SUP010,2026-05-23,2026-05-31,2026-05-31,161,155,0.96,0,True,Ambient,Complete
PO002906,2026-05-25,ST002,SUP005,2026-05-23,2026-05-30,2026-05-30,307,307,0.9995,0,True,Ambient,Complete
PO002907,2026-05-25,ST002,SUP009,2026-05-23,2026-05-29,2026-05-29,267,259,0.9692,0,True,Ambient,Complete
PO002908,2026-05-25,ST003,SUP012,2026-05-23,2026-05-29,2026-05-29,429,405,0.9443,0,True,Ambient,Complete
PO002909,2026-05-25,ST003,SUP004,2026-05-23,2026-05-30,2026-05-30,361,361,1.0,0,True,Ambient,Complete
PO002910,2026-05-25,ST003,SUP005,2026-05-23,2026-05-30,2026-05-30,408,408,0.9999,0,True,Ambient,Complete
PO002911,2026-05-25,ST003,SUP009,2026-05-23,2026-05-29,2026-05-29,270,270,1.0,0,True,Ambient,Complete
PO002912,2026-05-25,ST004,SUP001,2026-05-23,2026-05-29,2026-05-29,385,372,0.9663,0,True,Ambient,Complete
PO002913,2026-05-25,ST004,SUP008,2026-05-23,2026-06-01,2026-06-01,380,349,0.9197,0,True,Ambient,Complete
PO002914,2026-05-25,ST004,SUP011,2026-05-23,2026-05-30,2026-05-30,309,309,1.0,0,True,Ambient,Complete
PO002915,2026-05-25,ST004,SUP007,2026-05-23,2026-05-28,2026-05-28,283,262,0.9257,0,True,Chilled,Complete
PO002916,2026-05-25,ST004,SUP006,2026-05-23,2026-05-29,2026-05-31,351,330,0.94,2,False,Ambient,Late
PO002917,2026-05-25,ST004,SUP003,2026-05-23,2026-05-29,2026-05-29,193,191,0.9892,0,True,Ambient,Complete
PO002918,2026-05-25,ST004,SUP004,2026-05-23,2026-05-30,2026-05-30,310,276,0.8904,0,True,Ambient,Short
PO002919,2026-05-25,ST004,SUP010,2026-05-23,2026-05-31,2026-05-31,455,409,0.8998,0,True,Ambient,Short
PO002920,2026-05-25,ST004,SUP005,2026-05-23,2026-05-30,2026-05-30,262,240,0.9178,0,True,Ambient,Complete
PO002921,2026-05-25,ST005,SUP008,2026-05-23,2026-06-01,2026-06-01,376,314,0.8349,0,True,Ambient,Short
PO002922,2026-05-25,ST005,SUP011,2026-05-23,2026-05-30,2026-05-30,223,199,0.8932,0,True,Ambient,Short
PO002923,2026-05-25,ST005,SUP006,2026-05-23,2026-05-29,2026-05-29,166,161,0.9676,0,True,Ambient,Complete
PO002924,2026-05-25,ST005,SUP004,2026-05-23,2026-05-30,2026-05-30,286,278,0.9703,0,True,Ambient,Complete
PO002925,2026-05-25,ST005,SUP010,2026-05-23,2026-05-31,2026-05-31,353,330,0.935,0,True,Ambient,Complete
PO002926,2026-05-25,ST006,SUP008,2026-05-23,2026-06-01,2026-06-01,170,150,0.8814,0,True,Ambient,Short
PO002927,2026-05-25,ST006,SUP012,2026-05-23,2026-05-29,2026-05-29,418,418,1.0,0,True,Ambient,Complete
PO002928,2026-05-25,ST006,SUP002,2026-05-23,2026-05-28,2026-05-28,415,379,0.9142,0,True,Chilled,Complete
PO002929,2026-05-25,ST006,SUP004,2026-05-23,2026-05-30,2026-05-30,190,180,0.9463,0,True,Ambient,Complete
PO002930,2026-05-25,ST006,SUP010,2026-05-23,2026-05-31,2026-05-31,177,152,0.8596,0,True,Ambient,Short
PO002931,2026-05-25,ST007,SUP008,2026-05-23,2026-06-01,2026-06-01,402,363,0.9023,0,True,Ambient,Complete
PO002932,2026-05-25,ST007,SUP002,2026-05-23,2026-05-28,2026-05-28,301,281,0.9335,0,True,Chilled,Complete
PO002933,2026-05-25,ST007,SUP006,2026-05-23,2026-05-29,2026-05-29,235,226,0.9614,0,True,Ambient,Complete
PO002934,2026-05-25,ST007,SUP004,2026-05-23,2026-05-30,2026-06-02,380,378,0.994,3,False,Ambient,Late
PO002935,2026-05-25,ST007,SUP005,2026-05-23,2026-05-30,2026-05-30,429,388,0.9044,0,True,Ambient,Complete
PO002936,2026-05-25,ST008,SUP008,2026-05-23,2026-06-01,2026-06-01,415,391,0.943,0,True,Ambient,Complete
PO002937,2026-05-25,ST008,SUP012,2026-05-23,2026-05-29,2026-05-29,281,281,1.0,0,True,Ambient,Complete
PO002938,2026-05-25,ST008,SUP002,2026-05-23,2026-05-28,2026-05-28,169,150,0.8855,0,True,Chilled,Short
PO002939,2026-05-25,ST008,SUP007,2026-05-23,2026-05-28,2026-05-28,307,302,0.9827,0,True,Chilled,Complete
PO002940,2026-05-25,ST008,SUP006,2026-05-23,2026-05-29,2026-05-29,150,144,0.9603,0,True,Ambient,Complete
PO002941,2026-05-25,ST008,SUP003,2026-05-23,2026-05-29,2026-05-29,272,267,0.9804,0,True,Ambient,Complete
PO002942,2026-05-25,ST008,SUP004,2026-05-23,2026-05-30,2026-05-30,300,296,0.9861,0,True,Ambient,Complete
PO002943,2026-05-25,ST008,SUP005,2026-05-23,2026-05-30,2026-05-30,236,207,0.8773,0,True,Ambient,Short
PO002944,2026-05-25,ST009,SUP008,2026-05-23,2026-06-01,2026-06-01,158,134,0.851,0,True,Ambient,Short
PO002945,2026-05-25,ST009,SUP011,2026-05-23,2026-05-30,2026-05-30,160,153,0.9546,0,True,Ambient,Complete
PO002946,2026-05-25,ST009,SUP006,2026-05-23,2026-05-29,2026-05-29,383,365,0.9528,0,True,Ambient,Complete
PO002947,2026-05-25,ST009,SUP004,2026-05-23,2026-05-30,2026-05-30,449,407,0.9072,0,True,Ambient,Complete
PO002948,2026-05-25,ST009,SUP010,2026-05-23,2026-05-31,2026-05-31,439,430,0.9799,0,True,Ambient,Complete
PO002949,2026-05-25,ST009,SUP005,2026-05-23,2026-05-30,2026-05-30,336,319,0.9501,0,True,Ambient,Complete
PO002950,2026-05-25,ST009,SUP009,2026-05-23,2026-05-29,2026-05-29,454,405,0.8929,0,True,Ambient,Short
PO002951,2026-05-25,ST010,SUP012,2026-05-23,2026-05-29,2026-05-29,286,268,0.9366,0,True,Ambient,Complete
PO002952,2026-05-25,ST010,SUP002,2026-05-23,2026-05-28,2026-05-29,313,299,0.9565,1,False,Chilled,Late
PO002953,2026-05-25,ST010,SUP003,2026-05-23,2026-05-29,2026-05-29,227,216,0.9536,0,True,Ambient,Complete
PO002954,2026-05-25,ST010,SUP004,2026-05-23,2026-05-30,2026-05-30,263,256,0.972,0,True,Ambient,Complete
PO002955,2026-05-25,ST010,SUP010,2026-05-23,2026-05-31,2026-05-31,429,414,0.9649,0,True,Ambient,Complete
PO002956,2026-05-25,ST010,SUP005,2026-05-23,2026-05-30,2026-05-30,320,298,0.931,0,True,Ambient,Complete
PO002957,2026-05-25,ST010,SUP009,2026-05-23,2026-05-29,2026-05-29,394,354,0.8979,0,True,Ambient,Short
PO002958,2026-05-25,ST011,SUP008,2026-05-23,2026-06-01,2026-06-01,348,339,0.9743,0,True,Ambient,Complete
PO002959,2026-05-25,ST011,SUP011,2026-05-23,2026-05-30,2026-05-30,138,128,0.9296,0,True,Ambient,Complete
PO002960,2026-05-25,ST011,SUP002,2026-05-23,2026-05-28,2026-05-28,368,335,0.9099,0,True,Chilled,Complete
PO002961,2026-05-25,ST011,SUP007,2026-05-23,2026-05-28,2026-05-28,285,281,0.9871,0,True,Chilled,Complete
PO002962,2026-05-25,ST011,SUP004,2026-05-23,2026-05-30,2026-05-30,205,196,0.9558,0,True,Ambient,Complete
PO002963,2026-05-25,ST012,SUP001,2026-05-23,2026-05-29,2026-05-29,376,370,0.9852,0,True,Ambient,Complete
PO002964,2026-05-25,ST012,SUP008,2026-05-23,2026-06-01,2026-06-01,188,173,0.9227,0,True,Ambient,Complete
PO002965,2026-05-25,ST012,SUP012,2026-05-23,2026-05-29,2026-05-29,189,188,0.9958,0,True,Ambient,Complete
PO002966,2026-05-25,ST012,SUP002,2026-05-23,2026-05-28,2026-05-28,172,148,0.8634,0,True,Chilled,Short
PO002967,2026-05-25,ST012,SUP007,2026-05-23,2026-05-28,2026-05-28,346,335,0.9671,0,True,Chilled,Complete
PO002968,2026-05-25,ST013,SUP001,2026-05-23,2026-05-29,2026-05-29,135,123,0.909,0,True,Ambient,Complete
PO002969,2026-05-25,ST013,SUP011,2026-05-23,2026-05-30,2026-05-30,333,296,0.8874,0,True,Ambient,Short
PO002970,2026-05-25,ST013,SUP002,2026-05-23,2026-05-28,2026-05-28,145,135,0.9304,0,True,Chilled,Complete
PO002971,2026-05-25,ST013,SUP007,2026-05-23,2026-05-28,2026-05-28,237,227,0.9598,0,True,Chilled,Complete
PO002972,2026-05-25,ST013,SUP006,2026-05-23,2026-05-29,2026-05-29,220,220,1.0,0,True,Ambient,Complete
PO002973,2026-05-25,ST013,SUP003,2026-05-23,2026-05-29,2026-05-29,319,319,1.0,0,True,Ambient,Complete
PO002974,2026-05-25,ST013,SUP010,2026-05-23,2026-05-31,2026-05-31,362,344,0.95,0,True,Ambient,Complete
PO002975,2026-05-25,ST013,SUP005,2026-05-23,2026-05-30,2026-05-30,145,142,0.9769,0,True,Ambient,Complete
PO002976,2026-05-25,ST013,SUP009,2026-05-23,2026-05-29,2026-05-29,366,322,0.8808,0,True,Ambient,Short
PO002977,2026-05-25,ST014,SUP008,2026-05-23,2026-06-01,2026-06-01,332,317,0.9543,0,True,Ambient,Complete
PO002978,2026-05-25,ST014,SUP011,2026-05-23,2026-05-30,2026-05-30,307,296,0.9644,0,True,Ambient,Complete
PO002979,2026-05-25,ST014,SUP002,2026-05-23,2026-05-28,2026-05-29,234,212,0.9066,1,False,Chilled,Late
PO002980,2026-05-25,ST014,SUP010,2026-05-23,2026-05-31,2026-05-31,358,317,0.8853,0,True,Ambient,Short
PO002981,2026-05-25,ST014,SUP005,2026-05-23,2026-05-30,2026-05-30,228,211,0.9247,0,True,Ambient,Complete
PO002982,2026-05-25,ST014,SUP009,2026-05-23,2026-05-29,2026-05-29,191,178,0.9326,0,True,Ambient,Complete
PO002983,2026-05-25,ST015,SUP007,2026-05-23,2026-05-28,2026-05-28,231,209,0.906,0,True,Chilled,Complete
PO002984,2026-05-25,ST015,SUP004,2026-05-23,2026-05-30,2026-05-30,218,199,0.9127,0,True,Ambient,Complete
PO002985,2026-05-25,ST015,SUP005,2026-05-23,2026-05-30,2026-05-30,329,260,0.7903,0,True,Ambient,Short
PO002986,2026-05-25,ST016,SUP001,2026-05-23,2026-05-29,2026-05-29,210,192,0.9126,0,True,Ambient,Complete
PO002987,2026-05-25,ST016,SUP008,2026-05-23,2026-06-01,2026-06-01,442,416,0.9419,0,True,Ambient,Complete
PO002988,2026-05-25,ST016,SUP002,2026-05-23,2026-05-28,2026-05-28,206,172,0.8329,0,True,Chilled,Short
PO002989,2026-05-25,ST016,SUP006,2026-05-23,2026-05-29,2026-05-29,218,208,0.956,0,True,Ambient,Complete
PO002990,2026-05-25,ST016,SUP003,2026-05-23,2026-05-29,2026-05-29,320,320,1.0,0,True,Ambient,Complete
PO002991,2026-05-25,ST016,SUP010,2026-05-23,2026-05-31,2026-05-31,381,348,0.9138,0,True,Ambient,Complete
PO002992,2026-05-25,ST016,SUP005,2026-05-23,2026-05-30,2026-05-30,442,415,0.9397,0,True,Ambient,Complete
PO002993,2026-05-25,ST017,SUP001,2026-05-23,2026-05-29,2026-05-29,368,345,0.9363,0,True,Ambient,Complete
PO002994,2026-05-25,ST017,SUP011,2026-05-23,2026-05-30,2026-05-30,288,261,0.9063,0,True,Ambient,Complete
PO002995,2026-05-25,ST017,SUP006,2026-05-23,2026-05-29,2026-05-29,331,288,0.8713,0,True,Ambient,Short
PO002996,2026-05-25,ST017,SUP004,2026-05-23,2026-05-30,2026-05-30,145,135,0.9314,0,True,Ambient,Complete
PO002997,2026-05-25,ST018,SUP002,2026-05-23,2026-05-28,2026-05-28,308,277,0.8999,0,True,Chilled,Short
PO002998,2026-05-25,ST018,SUP006,2026-05-23,2026-05-29,2026-05-29,266,266,1.0,0,True,Ambient,Complete
PO002999,2026-05-25,ST018,SUP003,2026-05-23,2026-05-29,2026-05-29,300,289,0.9627,0,True,Ambient,Complete
PO003000,2026-05-25,ST018,SUP004,2026-05-23,2026-05-30,2026-05-30,186,168,0.9027,0,True,Ambient,Complete
PO003001,2026-05-25,ST018,SUP009,2026-05-23,2026-05-29,2026-05-29,251,233,0.9288,0,True,Ambient,Complete
PO003002,2026-05-25,ST019,SUP012,2026-05-23,2026-05-29,2026-05-29,289,270,0.9335,0,True,Ambient,Complete
PO003003,2026-05-25,ST019,SUP011,2026-05-23,2026-05-30,2026-05-30,202,202,1.0,0,True,Ambient,Complete
PO003004,2026-05-25,ST019,SUP006,2026-05-23,2026-05-29,2026-05-29,350,334,0.9545,0,True,Ambient,Complete
PO003005,2026-05-25,ST019,SUP003,2026-05-23,2026-05-29,2026-05-29,234,216,0.9217,0,True,Ambient,Complete
PO003006,2026-05-25,ST019,SUP004,2026-05-23,2026-05-30,2026-05-30,261,257,0.984,0,True,Ambient,Complete
PO003007,2026-05-25,ST019,SUP010,2026-05-23,2026-05-31,2026-05-31,199,172,0.864,0,True,Ambient,Short
PO003008,2026-05-25,ST019,SUP005,2026-05-23,2026-05-30,2026-05-30,326,300,0.9197,0,True,Ambient,Complete
PO003009,2026-05-25,ST020,SUP008,2026-05-23,2026-06-01,2026-06-03,231,220,0.9536,2,False,Ambient,Late
PO003010,2026-05-25,ST020,SUP012,2026-05-23,2026-05-29,2026-05-29,203,173,0.8518,0,True,Ambient,Short
PO003011,2026-05-25,ST020,SUP011,2026-05-23,2026-05-30,2026-05-30,139,126,0.9065,0,True,Ambient,Complete
PO003012,2026-05-25,ST020,SUP004,2026-05-23,2026-05-30,2026-05-30,106,100,0.9473,0,True,Ambient,Complete
PO003013,2026-05-25,ST020,SUP005,2026-05-23,2026-05-30,2026-05-30,351,335,0.9556,0,True,Ambient,Complete
PO003014,2026-05-25,ST020,SUP009,2026-05-23,2026-05-29,2026-05-29,285,281,0.9874,0,True,Ambient,Complete
PO003015,2026-05-25,ST021,SUP001,2026-05-23,2026-05-29,2026-05-29,462,446,0.9648,0,True,Ambient,Complete
PO003016,2026-05-25,ST021,SUP008,2026-05-23,2026-06-01,2026-06-01,210,187,0.8895,0,True,Ambient,Short
PO003017,2026-05-25,ST021,SUP007,2026-05-23,2026-05-28,2026-05-28,278,249,0.8956,0,True,Chilled,Short
PO003018,2026-05-25,ST021,SUP006,2026-05-23,2026-05-29,2026-05-29,480,425,0.8847,0,True,Ambient,Short
PO003019,2026-05-25,ST021,SUP003,2026-05-23,2026-05-29,2026-06-01,417,395,0.9475,3,False,Ambient,Late
PO003020,2026-05-25,ST021,SUP004,2026-05-23,2026-05-30,2026-05-30,145,139,0.9567,0,True,Ambient,Complete
PO003021,2026-05-25,ST021,SUP010,2026-05-23,2026-05-31,2026-05-31,411,391,0.9524,0,True,Ambient,Complete
PO003022,2026-05-25,ST022,SUP001,2026-05-23,2026-05-29,2026-05-29,252,233,0.9264,0,True,Ambient,Complete
PO003023,2026-05-25,ST022,SUP011,2026-05-23,2026-05-30,2026-05-30,301,264,0.8782,0,True,Ambient,Short
PO003024,2026-05-25,ST022,SUP006,2026-05-23,2026-05-29,2026-05-29,441,399,0.9048,0,True,Ambient,Complete
PO003025,2026-05-25,ST022,SUP003,2026-05-23,2026-05-29,2026-05-30,264,248,0.9401,1,False,Ambient,Late
PO003026,2026-05-25,ST022,SUP004,2026-05-23,2026-05-30,2026-06-02,154,154,1.0,3,False,Ambient,Late
PO003027,2026-05-25,ST022,SUP010,2026-05-23,2026-05-31,2026-06-03,166,156,0.9416,3,False,Ambient,Late
PO003028,2026-05-25,ST023,SUP011,2026-05-23,2026-05-30,2026-05-30,357,337,0.9441,0,True,Ambient,Complete
PO003029,2026-05-25,ST023,SUP007,2026-05-23,2026-05-28,2026-05-28,208,183,0.8821,0,True,Chilled,Short
PO003030,2026-05-25,ST023,SUP006,2026-05-23,2026-05-29,2026-05-29,281,278,0.9876,0,True,Ambient,Complete
PO003031,2026-05-25,ST023,SUP003,2026-05-23,2026-05-29,2026-05-29,230,213,0.9252,0,True,Ambient,Complete
PO003032,2026-05-25,ST023,SUP010,2026-05-23,2026-05-31,2026-05-31,363,348,0.9592,0,True,Ambient,Complete
PO003033,2026-05-25,ST024,SUP012,2026-05-23,2026-05-29,2026-05-29,184,177,0.9646,0,True,Ambient,Complete
PO003034,2026-05-25,ST024,SUP011,2026-05-23,2026-05-30,2026-05-30,174,161,0.9265,0,True,Ambient,Complete
PO003035,2026-05-25,ST024,SUP003,2026-05-23,2026-05-29,2026-05-29,154,154,1.0,0,True,Ambient,Complete
PO003036,2026-05-25,ST024,SUP010,2026-05-23,2026-05-31,2026-05-31,309,285,0.9232,0,True,Ambient,Complete
PO003037,2026-05-25,ST024,SUP005,2026-05-23,2026-05-30,2026-05-30,299,270,0.9027,0,True,Ambient,Complete
PO003038,2026-05-25,ST024,SUP009,2026-05-23,2026-05-29,2026-05-29,305,300,0.9844,0,True,Ambient,Complete
PO003039,2026-05-25,ST025,SUP001,2026-05-23,2026-05-29,2026-05-29,392,349,0.8896,0,True,Ambient,Short
PO003040,2026-05-25,ST025,SUP007,2026-05-23,2026-05-28,2026-05-28,237,225,0.9496,0,True,Chilled,Complete
PO003041,2026-05-25,ST025,SUP003,2026-05-23,2026-05-29,2026-05-29,132,122,0.9205,0,True,Ambient,Complete
PO003042,2026-05-25,ST025,SUP004,2026-05-23,2026-05-30,2026-05-30,317,317,1.0,0,True,Ambient,Complete
PO003043,2026-05-25,ST025,SUP010,2026-05-23,2026-05-31,2026-05-31,352,343,0.9741,0,True,Ambient,Complete
PO003044,2026-05-25,ST026,SUP008,2026-05-23,2026-06-01,2026-06-01,282,250,0.8852,0,True,Ambient,Short
PO003045,2026-05-25,ST026,SUP002,2026-05-23,2026-05-28,2026-05-28,184,126,0.6847,0,True,Chilled,Short
PO003046,2026-05-25,ST026,SUP007,2026-05-23,2026-05-28,2026-05-28,263,253,0.9618,0,True,Chilled,Complete
PO003047,2026-05-25,ST026,SUP006,2026-05-23,2026-05-29,2026-05-29,308,308,1.0,0,True,Ambient,Complete
PO003048,2026-05-25,ST026,SUP003,2026-05-23,2026-05-29,2026-05-29,287,272,0.9493,0,True,Ambient,Complete
PO003049,2026-05-25,ST026,SUP004,2026-05-23,2026-05-30,2026-05-30,293,293,1.0,0,True,Ambient,Complete
PO003050,2026-05-25,ST026,SUP009,2026-05-23,2026-05-29,2026-05-29,364,334,0.9189,0,True,Ambient,Complete
PO003051,2026-05-25,ST027,SUP012,2026-05-23,2026-05-29,2026-05-29,216,215,0.9972,0,True,Ambient,Complete
PO003052,2026-05-25,ST027,SUP011,2026-05-23,2026-05-30,2026-05-30,325,319,0.9826,0,True,Ambient,Complete
PO003053,2026-05-25,ST027,SUP006,2026-05-23,2026-05-29,2026-06-01,312,290,0.9305,3,False,Ambient,Late
PO003054,2026-05-25,ST027,SUP004,2026-05-23,2026-05-30,2026-05-30,214,210,0.9804,0,True,Ambient,Complete
PO003055,2026-05-25,ST027,SUP005,2026-05-23,2026-05-30,2026-05-30,244,230,0.9438,0,True,Ambient,Complete
PO003056,2026-05-25,ST028,SUP008,2026-05-23,2026-06-01,2026-06-01,272,260,0.9564,0,True,Ambient,Complete
PO003057,2026-05-25,ST028,SUP007,2026-05-23,2026-05-28,2026-05-28,289,258,0.8913,0,True,Chilled,Short
PO003058,2026-05-25,ST028,SUP005,2026-05-23,2026-05-30,2026-05-30,228,212,0.9318,0,True,Ambient,Complete
PO003059,2026-05-25,ST029,SUP008,2026-05-23,2026-06-01,2026-06-03,161,145,0.9002,2,False,Ambient,Late
PO003060,2026-05-25,ST029,SUP012,2026-05-23,2026-05-29,2026-05-29,251,241,0.9621,0,True,Ambient,Complete
PO003061,2026-05-25,ST029,SUP003,2026-05-23,2026-05-29,2026-05-29,174,174,1.0,0,True,Ambient,Complete
PO003062,2026-05-25,ST029,SUP004,2026-05-23,2026-05-30,2026-05-30,293,293,1.0,0,True,Ambient,Complete
PO003063,2026-05-25,ST029,SUP005,2026-05-23,2026-05-30,2026-05-30,347,333,0.9592,0,True,Ambient,Complete
PO003064,2026-05-25,ST030,SUP001,2026-05-23,2026-05-29,2026-05-29,260,252,0.9705,0,True,Ambient,Complete
PO003065,2026-05-25,ST030,SUP012,2026-05-23,2026-05-29,2026-05-29,413,403,0.9766,0,True,Ambient,Complete
PO003066,2026-05-25,ST030,SUP007,2026-05-23,2026-05-28,2026-05-28,176,163,0.9247,0,True,Chilled,Complete
PO003067,2026-05-25,ST030,SUP003,2026-05-23,2026-05-29,2026-05-29,123,120,0.9719,0,True,Ambient,Complete
PO003068,2026-05-25,ST030,SUP010,2026-05-23,2026-05-31,2026-05-31,292,288,0.9859,0,True,Ambient,Complete
PO003069,2026-05-25,ST030,SUP005,2026-05-23,2026-05-30,2026-05-30,307,283,0.9208,0,True,Ambient,Complete
PO003070,2026-05-25,ST030,SUP009,2026-05-23,2026-05-29,2026-05-29,293,293,1.0,0,True,Ambient,Complete
PO003071,2026-05-25,ST031,SUP008,2026-05-23,2026-06-01,2026-06-01,280,247,0.8813,0,True,Ambient,Short
PO003072,2026-05-25,ST031,SUP012,2026-05-23,2026-05-29,2026-05-29,203,200,0.9844,0,True,Ambient,Complete
PO003073,2026-05-25,ST031,SUP011,2026-05-23,2026-05-30,2026-05-30,180,165,0.9152,0,True,Ambient,Complete
PO003074,2026-05-25,ST031,SUP002,2026-05-23,2026-05-28,2026-05-29,225,86,0.3838,1,False,Chilled,Late / short
PO003075,2026-05-25,ST031,SUP003,2026-05-23,2026-05-29,2026-05-29,233,220,0.9447,0,True,Ambient,Complete
PO003076,2026-05-25,ST031,SUP004,2026-05-23,2026-05-30,2026-05-30,246,230,0.9368,0,True,Ambient,Complete
PO003077,2026-05-25,ST031,SUP009,2026-05-23,2026-05-29,2026-05-29,102,96,0.9457,0,True,Ambient,Complete
PO003078,2026-05-25,ST032,SUP001,2026-05-23,2026-05-29,2026-05-29,254,214,0.8416,0,True,Ambient,Short
PO003079,2026-05-25,ST032,SUP006,2026-05-23,2026-05-29,2026-05-29,314,297,0.9463,0,True,Ambient,Complete
PO003080,2026-05-25,ST032,SUP003,2026-05-23,2026-05-29,2026-05-29,257,245,0.9526,0,True,Ambient,Complete
PO003081,2026-05-25,ST032,SUP010,2026-05-23,2026-05-31,2026-06-02,227,200,0.8796,2,False,Ambient,Late / short
PO003082,2026-05-25,ST033,SUP008,2026-05-23,2026-06-01,2026-06-01,153,145,0.9492,0,True,Ambient,Complete
PO003083,2026-05-25,ST033,SUP011,2026-05-23,2026-05-30,2026-05-31,169,151,0.8952,1,False,Ambient,Late / short
PO003084,2026-05-25,ST033,SUP002,2026-05-23,2026-05-28,2026-06-03,85,44,0.5234,6,False,Chilled,Late / short
PO003085,2026-05-25,ST033,SUP006,2026-05-23,2026-05-29,2026-05-29,185,174,0.9393,0,True,Ambient,Complete
PO003086,2026-05-25,ST033,SUP003,2026-05-23,2026-05-29,2026-05-29,89,89,1.0,0,True,Ambient,Complete
PO003087,2026-05-25,ST033,SUP004,2026-05-23,2026-05-30,2026-05-30,232,199,0.8587,0,True,Ambient,Short
PO003088,2026-05-25,ST033,SUP005,2026-05-23,2026-05-30,2026-05-30,181,177,0.9773,0,True,Ambient,Complete
PO003089,2026-05-25,ST033,SUP009,2026-05-23,2026-05-29,2026-05-29,94,94,1.0,0,True,Ambient,Complete
PO003090,2026-05-25,ST034,SUP008,2026-05-23,2026-06-01,2026-06-01,166,138,0.8298,0,True,Ambient,Short
PO003091,2026-05-25,ST034,SUP002,2026-05-23,2026-05-28,2026-05-30,277,156,0.5624,2,False,Chilled,Late / short
PO003092,2026-05-25,ST034,SUP007,2026-05-23,2026-05-28,2026-05-29,270,228,0.8436,1,False,Chilled,Late / short
PO003093,2026-05-25,ST034,SUP004,2026-05-23,2026-05-30,2026-05-30,227,212,0.9324,0,True,Ambient,Complete
PO003094,2026-05-25,ST034,SUP009,2026-05-23,2026-05-29,2026-05-29,118,114,0.9665,0,True,Ambient,Complete
PO003095,2026-05-25,ST035,SUP012,2026-05-23,2026-05-29,2026-05-29,186,183,0.9855,0,True,Ambient,Complete
PO003096,2026-05-25,ST035,SUP002,2026-05-23,2026-05-28,2026-05-30,293,131,0.4459,2,False,Chilled,Late / short
PO003097,2026-05-25,ST036,SUP008,2026-05-23,2026-06-01,2026-06-01,132,122,0.9251,0,True,Ambient,Complete
PO003098,2026-05-25,ST036,SUP012,2026-05-23,2026-05-29,2026-05-29,296,285,0.9631,0,True,Ambient,Complete
PO003099,2026-05-25,ST036,SUP007,2026-05-23,2026-05-28,2026-05-28,157,139,0.8878,0,True,Chilled,Short
PO003100,2026-05-25,ST036,SUP006,2026-05-23,2026-05-29,2026-05-29,174,169,0.9739,0,True,Ambient,Complete
PO003101,2026-05-25,ST036,SUP005,2026-05-23,2026-05-30,2026-05-30,286,279,0.9761,0,True,Ambient,Complete
PO003102,2026-05-25,ST036,SUP009,2026-05-23,2026-05-29,2026-05-29,304,304,1.0,0,True,Ambient,Complete
PO003103,2026-06-01,ST001,SUP001,2026-05-30,2026-06-05,2026-06-05,362,340,0.938,0,True,Ambient,Complete
PO003104,2026-06-01,ST001,SUP012,2026-05-30,2026-06-05,2026-06-05,119,111,0.9303,0,True,Ambient,Complete
PO003105,2026-06-01,ST001,SUP003,2026-05-30,2026-06-05,2026-06-05,194,188,0.969,0,True,Ambient,Complete
PO003106,2026-06-01,ST002,SUP001,2026-05-30,2026-06-05,2026-06-05,378,378,1.0,0,True,Ambient,Complete
PO003107,2026-06-01,ST002,SUP012,2026-05-30,2026-06-05,2026-06-05,368,356,0.9685,0,True,Ambient,Complete
PO003108,2026-06-01,ST002,SUP002,2026-05-30,2026-06-04,2026-06-04,301,297,0.9879,0,True,Chilled,Complete
PO003109,2026-06-01,ST002,SUP003,2026-05-30,2026-06-05,2026-06-05,273,273,1.0,0,True,Ambient,Complete
PO003110,2026-06-01,ST002,SUP004,2026-05-30,2026-06-06,2026-06-06,162,155,0.9581,0,True,Ambient,Complete
PO003111,2026-06-01,ST002,SUP005,2026-05-30,2026-06-06,2026-06-06,477,451,0.9449,0,True,Ambient,Complete
PO003112,2026-06-01,ST002,SUP009,2026-05-30,2026-06-05,2026-06-05,255,225,0.8838,0,True,Ambient,Short
PO003113,2026-06-01,ST003,SUP011,2026-05-30,2026-06-06,2026-06-06,424,374,0.8828,0,True,Ambient,Short
PO003114,2026-06-01,ST003,SUP002,2026-05-30,2026-06-04,2026-06-04,264,235,0.892,0,True,Chilled,Short
PO003115,2026-06-01,ST003,SUP003,2026-05-30,2026-06-05,2026-06-05,286,262,0.9165,0,True,Ambient,Complete
PO003116,2026-06-01,ST003,SUP004,2026-05-30,2026-06-06,2026-06-06,153,150,0.9786,0,True,Ambient,Complete
PO003117,2026-06-01,ST003,SUP005,2026-05-30,2026-06-06,2026-06-06,310,271,0.8749,0,True,Ambient,Short
PO003118,2026-06-01,ST004,SUP001,2026-05-30,2026-06-05,2026-06-05,371,355,0.957,0,True,Ambient,Complete
PO003119,2026-06-01,ST004,SUP008,2026-05-30,2026-06-08,2026-06-08,395,366,0.9258,0,True,Ambient,Complete
PO003120,2026-06-01,ST004,SUP012,2026-05-30,2026-06-05,2026-06-05,489,449,0.9182,0,True,Ambient,Complete
PO003121,2026-06-01,ST004,SUP002,2026-05-30,2026-06-04,2026-06-05,476,421,0.8845,1,False,Chilled,Late / short
PO003122,2026-06-01,ST004,SUP005,2026-05-30,2026-06-06,2026-06-06,322,292,0.9054,0,True,Ambient,Complete
PO003123,2026-06-01,ST005,SUP001,2026-05-30,2026-06-05,2026-06-05,448,448,1.0,0,True,Ambient,Complete
PO003124,2026-06-01,ST005,SUP008,2026-05-30,2026-06-08,2026-06-08,245,230,0.9368,0,True,Ambient,Complete
PO003125,2026-06-01,ST005,SUP007,2026-05-30,2026-06-04,2026-06-04,178,146,0.8223,0,True,Chilled,Short
PO003126,2026-06-01,ST005,SUP006,2026-05-30,2026-06-05,2026-06-05,255,223,0.8726,0,True,Ambient,Short
PO003127,2026-06-01,ST005,SUP004,2026-05-30,2026-06-06,2026-06-06,519,452,0.8711,0,True,Ambient,Short
PO003128,2026-06-01,ST005,SUP005,2026-05-30,2026-06-06,2026-06-06,423,423,1.0,0,True,Ambient,Complete
PO003129,2026-06-01,ST005,SUP009,2026-05-30,2026-06-05,2026-06-05,455,396,0.8698,0,True,Ambient,Short
PO003130,2026-06-01,ST006,SUP001,2026-05-30,2026-06-05,2026-06-05,156,144,0.9225,0,True,Ambient,Complete
PO003131,2026-06-01,ST006,SUP008,2026-05-30,2026-06-08,2026-06-08,519,470,0.9062,0,True,Ambient,Complete
PO003132,2026-06-01,ST006,SUP012,2026-05-30,2026-06-05,2026-06-05,481,468,0.9727,0,True,Ambient,Complete
PO003133,2026-06-01,ST006,SUP011,2026-05-30,2026-06-06,2026-06-08,510,484,0.9499,2,False,Ambient,Late
PO003134,2026-06-01,ST006,SUP003,2026-05-30,2026-06-05,2026-06-05,168,161,0.9605,0,True,Ambient,Complete
PO003135,2026-06-01,ST006,SUP010,2026-05-30,2026-06-07,2026-06-07,309,302,0.9767,0,True,Ambient,Complete
PO003136,2026-06-01,ST006,SUP005,2026-05-30,2026-06-06,2026-06-09,396,372,0.9382,3,False,Ambient,Late
PO003137,2026-06-01,ST007,SUP001,2026-05-30,2026-06-05,2026-06-05,514,442,0.8598,0,True,Ambient,Short
PO003138,2026-06-01,ST007,SUP007,2026-05-30,2026-06-04,2026-06-04,313,295,0.9418,0,True,Chilled,Complete
PO003139,2026-06-01,ST007,SUP004,2026-05-30,2026-06-06,2026-06-06,210,196,0.9324,0,True,Ambient,Complete
PO003140,2026-06-01,ST007,SUP005,2026-05-30,2026-06-06,2026-06-06,432,392,0.908,0,True,Ambient,Complete
PO003141,2026-06-01,ST008,SUP001,2026-05-30,2026-06-05,2026-06-05,379,360,0.9491,0,True,Ambient,Complete
PO003142,2026-06-01,ST008,SUP011,2026-05-30,2026-06-06,2026-06-06,171,163,0.9521,0,True,Ambient,Complete
PO003143,2026-06-01,ST008,SUP002,2026-05-30,2026-06-04,2026-06-04,256,233,0.9104,0,True,Chilled,Complete
PO003144,2026-06-01,ST008,SUP007,2026-05-30,2026-06-04,2026-06-04,171,152,0.8869,0,True,Chilled,Short
PO003145,2026-06-01,ST008,SUP006,2026-05-30,2026-06-05,2026-06-05,353,328,0.9292,0,True,Ambient,Complete
PO003146,2026-06-01,ST008,SUP004,2026-05-30,2026-06-06,2026-06-06,281,262,0.9339,0,True,Ambient,Complete
PO003147,2026-06-01,ST008,SUP010,2026-05-30,2026-06-07,2026-06-07,464,422,0.909,0,True,Ambient,Complete
PO003148,2026-06-01,ST008,SUP009,2026-05-30,2026-06-05,2026-06-05,435,407,0.9366,0,True,Ambient,Complete
PO003149,2026-06-01,ST009,SUP008,2026-05-30,2026-06-08,2026-06-08,418,398,0.9531,0,True,Ambient,Complete
PO003150,2026-06-01,ST009,SUP012,2026-05-30,2026-06-05,2026-06-05,152,147,0.9642,0,True,Ambient,Complete
PO003151,2026-06-01,ST009,SUP011,2026-05-30,2026-06-06,2026-06-06,313,276,0.8814,0,True,Ambient,Short
PO003152,2026-06-01,ST009,SUP002,2026-05-30,2026-06-04,2026-06-04,405,370,0.9146,0,True,Chilled,Complete
PO003153,2026-06-01,ST009,SUP006,2026-05-30,2026-06-05,2026-06-05,162,145,0.8923,0,True,Ambient,Short
PO003154,2026-06-01,ST009,SUP003,2026-05-30,2026-06-05,2026-06-05,256,235,0.9184,0,True,Ambient,Complete
PO003155,2026-06-01,ST009,SUP010,2026-05-30,2026-06-07,2026-06-07,318,295,0.9265,0,True,Ambient,Complete
PO003156,2026-06-01,ST009,SUP005,2026-05-30,2026-06-06,2026-06-06,143,142,0.9948,0,True,Ambient,Complete
PO003157,2026-06-01,ST010,SUP001,2026-05-30,2026-06-05,2026-06-05,158,145,0.9178,0,True,Ambient,Complete
PO003158,2026-06-01,ST010,SUP012,2026-05-30,2026-06-05,2026-06-05,482,469,0.9723,0,True,Ambient,Complete
PO003159,2026-06-01,ST010,SUP002,2026-05-30,2026-06-04,2026-06-04,466,411,0.8824,0,True,Chilled,Short
PO003160,2026-06-01,ST010,SUP007,2026-05-30,2026-06-04,2026-06-04,157,148,0.9421,0,True,Chilled,Complete
PO003161,2026-06-01,ST010,SUP006,2026-05-30,2026-06-05,2026-06-05,272,256,0.9421,0,True,Ambient,Complete
PO003162,2026-06-01,ST010,SUP003,2026-05-30,2026-06-05,2026-06-05,382,382,1.0,0,True,Ambient,Complete
PO003163,2026-06-01,ST010,SUP004,2026-05-30,2026-06-06,2026-06-06,278,261,0.938,0,True,Ambient,Complete
PO003164,2026-06-01,ST010,SUP010,2026-05-30,2026-06-07,2026-06-07,417,416,0.9975,0,True,Ambient,Complete
PO003165,2026-06-01,ST011,SUP001,2026-05-30,2026-06-05,2026-06-05,160,147,0.9167,0,True,Ambient,Complete
PO003166,2026-06-01,ST011,SUP008,2026-05-30,2026-06-08,2026-06-08,179,169,0.943,0,True,Ambient,Complete
PO003167,2026-06-01,ST011,SUP002,2026-05-30,2026-06-04,2026-06-04,133,130,0.981,0,True,Chilled,Complete
PO003168,2026-06-01,ST011,SUP007,2026-05-30,2026-06-04,2026-06-04,138,123,0.8889,0,True,Chilled,Short
PO003169,2026-06-01,ST011,SUP009,2026-05-30,2026-06-05,2026-06-05,138,135,0.9758,0,True,Ambient,Complete
PO003170,2026-06-01,ST012,SUP001,2026-05-30,2026-06-05,2026-06-05,230,206,0.896,0,True,Ambient,Short
PO003171,2026-06-01,ST012,SUP008,2026-05-30,2026-06-08,2026-06-08,465,411,0.8848,0,True,Ambient,Short
PO003172,2026-06-01,ST012,SUP012,2026-05-30,2026-06-05,2026-06-05,220,213,0.9668,0,True,Ambient,Complete
PO003173,2026-06-01,ST012,SUP002,2026-05-30,2026-06-04,2026-06-07,245,223,0.9087,3,False,Chilled,Late
PO003174,2026-06-01,ST012,SUP007,2026-05-30,2026-06-04,2026-06-04,179,172,0.9608,0,True,Chilled,Complete
PO003175,2026-06-01,ST012,SUP003,2026-05-30,2026-06-05,2026-06-05,195,189,0.969,0,True,Ambient,Complete
PO003176,2026-06-01,ST012,SUP009,2026-05-30,2026-06-05,2026-06-05,140,140,1.0,0,True,Ambient,Complete
PO003177,2026-06-01,ST013,SUP001,2026-05-30,2026-06-05,2026-06-05,363,347,0.9573,0,True,Ambient,Complete
PO003178,2026-06-01,ST013,SUP004,2026-05-30,2026-06-06,2026-06-06,293,282,0.9615,0,True,Ambient,Complete
PO003179,2026-06-01,ST013,SUP009,2026-05-30,2026-06-05,2026-06-05,362,362,1.0,0,True,Ambient,Complete
PO003180,2026-06-01,ST014,SUP008,2026-05-30,2026-06-08,2026-06-10,132,120,0.9056,2,False,Ambient,Late
PO003181,2026-06-01,ST014,SUP011,2026-05-30,2026-06-06,2026-06-09,163,150,0.9219,3,False,Ambient,Late
PO003182,2026-06-01,ST014,SUP003,2026-05-30,2026-06-05,2026-06-05,356,356,1.0,0,True,Ambient,Complete
PO003183,2026-06-01,ST014,SUP004,2026-05-30,2026-06-06,2026-06-06,409,390,0.9532,0,True,Ambient,Complete
PO003184,2026-06-01,ST014,SUP010,2026-05-30,2026-06-07,2026-06-07,156,149,0.9551,0,True,Ambient,Complete
PO003185,2026-06-01,ST014,SUP009,2026-05-30,2026-06-05,2026-06-05,398,385,0.9662,0,True,Ambient,Complete
PO003186,2026-06-01,ST015,SUP011,2026-05-30,2026-06-06,2026-06-06,266,257,0.9671,0,True,Ambient,Complete
PO003187,2026-06-01,ST015,SUP002,2026-05-30,2026-06-04,2026-06-07,133,124,0.9354,3,False,Chilled,Late
PO003188,2026-06-01,ST015,SUP007,2026-05-30,2026-06-04,2026-06-04,185,177,0.9551,0,True,Chilled,Complete
PO003189,2026-06-01,ST015,SUP006,2026-05-30,2026-06-05,2026-06-05,344,319,0.9278,0,True,Ambient,Complete
PO003190,2026-06-01,ST015,SUP005,2026-05-30,2026-06-06,2026-06-06,181,145,0.7999,0,True,Ambient,Short
PO003191,2026-06-01,ST015,SUP009,2026-05-30,2026-06-05,2026-06-05,299,286,0.9573,0,True,Ambient,Complete
PO003192,2026-06-01,ST016,SUP011,2026-05-30,2026-06-06,2026-06-06,465,453,0.9745,0,True,Ambient,Complete
PO003193,2026-06-01,ST016,SUP004,2026-05-30,2026-06-06,2026-06-06,221,204,0.9212,0,True,Ambient,Complete
PO003194,2026-06-01,ST016,SUP005,2026-05-30,2026-06-06,2026-06-06,300,279,0.9284,0,True,Ambient,Complete
PO003195,2026-06-01,ST017,SUP008,2026-05-30,2026-06-08,2026-06-08,364,310,0.8516,0,True,Ambient,Short
PO003196,2026-06-01,ST017,SUP011,2026-05-30,2026-06-06,2026-06-06,332,294,0.887,0,True,Ambient,Short
PO003197,2026-06-01,ST017,SUP006,2026-05-30,2026-06-05,2026-06-05,141,131,0.9268,0,True,Ambient,Complete
PO003198,2026-06-01,ST017,SUP010,2026-05-30,2026-06-07,2026-06-07,159,151,0.9526,0,True,Ambient,Complete
PO003199,2026-06-01,ST017,SUP009,2026-05-30,2026-06-05,2026-06-05,363,357,0.9822,0,True,Ambient,Complete
PO003200,2026-06-01,ST018,SUP001,2026-05-30,2026-06-05,2026-06-05,163,152,0.93,0,True,Ambient,Complete
PO003201,2026-06-01,ST018,SUP008,2026-05-30,2026-06-08,2026-06-08,146,135,0.9272,0,True,Ambient,Complete
PO003202,2026-06-01,ST018,SUP002,2026-05-30,2026-06-04,2026-06-04,210,203,0.9659,0,True,Chilled,Complete
PO003203,2026-06-01,ST018,SUP007,2026-05-30,2026-06-04,2026-06-04,214,193,0.9005,0,True,Chilled,Complete
PO003204,2026-06-01,ST018,SUP006,2026-05-30,2026-06-05,2026-06-05,343,314,0.9142,0,True,Ambient,Complete
PO003205,2026-06-01,ST018,SUP003,2026-05-30,2026-06-05,2026-06-05,193,189,0.977,0,True,Ambient,Complete
PO003206,2026-06-01,ST018,SUP004,2026-05-30,2026-06-06,2026-06-06,410,387,0.9429,0,True,Ambient,Complete
PO003207,2026-06-01,ST018,SUP010,2026-05-30,2026-06-07,2026-06-08,348,305,0.8758,1,False,Ambient,Late / short
PO003208,2026-06-01,ST018,SUP005,2026-05-30,2026-06-06,2026-06-06,207,184,0.889,0,True,Ambient,Short
PO003209,2026-06-01,ST018,SUP009,2026-05-30,2026-06-05,2026-06-05,169,169,1.0,0,True,Ambient,Complete
PO003210,2026-06-01,ST019,SUP001,2026-05-30,2026-06-05,2026-06-05,346,345,0.9975,0,True,Ambient,Complete
PO003211,2026-06-01,ST019,SUP008,2026-05-30,2026-06-08,2026-06-08,285,235,0.8238,0,True,Ambient,Short
PO003212,2026-06-01,ST019,SUP012,2026-05-30,2026-06-05,2026-06-05,155,149,0.9612,0,True,Ambient,Complete
PO003213,2026-06-01,ST019,SUP011,2026-05-30,2026-06-06,2026-06-06,399,393,0.9858,0,True,Ambient,Complete
PO003214,2026-06-01,ST019,SUP002,2026-05-30,2026-06-04,2026-06-04,246,217,0.8836,0,True,Chilled,Short
PO003215,2026-06-01,ST019,SUP006,2026-05-30,2026-06-05,2026-06-05,413,412,0.9974,0,True,Ambient,Complete
PO003216,2026-06-01,ST019,SUP004,2026-05-30,2026-06-06,2026-06-06,325,298,0.9164,0,True,Ambient,Complete
PO003217,2026-06-01,ST019,SUP010,2026-05-30,2026-06-07,2026-06-07,277,264,0.9521,0,True,Ambient,Complete
PO003218,2026-06-01,ST020,SUP001,2026-05-30,2026-06-05,2026-06-05,286,256,0.8944,0,True,Ambient,Short
PO003219,2026-06-01,ST020,SUP012,2026-05-30,2026-06-05,2026-06-05,336,324,0.9648,0,True,Ambient,Complete
PO003220,2026-06-01,ST020,SUP006,2026-05-30,2026-06-05,2026-06-05,285,275,0.9644,0,True,Ambient,Complete
PO003221,2026-06-01,ST020,SUP010,2026-05-30,2026-06-07,2026-06-07,190,188,0.9915,0,True,Ambient,Complete
PO003222,2026-06-01,ST020,SUP005,2026-05-30,2026-06-06,2026-06-06,304,280,0.9208,0,True,Ambient,Complete
PO003223,2026-06-01,ST020,SUP009,2026-05-30,2026-06-05,2026-06-05,186,163,0.8747,0,True,Ambient,Short
PO003224,2026-06-01,ST021,SUP003,2026-05-30,2026-06-05,2026-06-05,442,401,0.9071,0,True,Ambient,Complete
PO003225,2026-06-01,ST021,SUP004,2026-05-30,2026-06-06,2026-06-06,204,201,0.9843,0,True,Ambient,Complete
PO003226,2026-06-01,ST021,SUP009,2026-05-30,2026-06-05,2026-06-05,265,265,1.0,0,True,Ambient,Complete
PO003227,2026-06-01,ST022,SUP001,2026-05-30,2026-06-05,2026-06-05,276,268,0.9696,0,True,Ambient,Complete
PO003228,2026-06-01,ST022,SUP012,2026-05-30,2026-06-05,2026-06-05,211,199,0.9411,0,True,Ambient,Complete
PO003229,2026-06-01,ST022,SUP011,2026-05-30,2026-06-06,2026-06-06,468,439,0.9372,0,True,Ambient,Complete
PO003230,2026-06-01,ST022,SUP002,2026-05-30,2026-06-04,2026-06-04,237,140,0.5925,0,True,Chilled,Short
PO003231,2026-06-01,ST022,SUP007,2026-05-30,2026-06-04,2026-06-04,438,409,0.9332,0,True,Chilled,Complete
PO003232,2026-06-01,ST022,SUP003,2026-05-30,2026-06-05,2026-06-05,367,326,0.8894,0,True,Ambient,Short
PO003233,2026-06-01,ST022,SUP005,2026-05-30,2026-06-06,2026-06-06,185,172,0.9299,0,True,Ambient,Complete
PO003234,2026-06-01,ST023,SUP008,2026-05-30,2026-06-08,2026-06-08,174,153,0.8767,0,True,Ambient,Short
PO003235,2026-06-01,ST023,SUP010,2026-05-30,2026-06-07,2026-06-07,204,185,0.9074,0,True,Ambient,Complete
PO003236,2026-06-01,ST023,SUP005,2026-05-30,2026-06-06,2026-06-06,172,157,0.9118,0,True,Ambient,Complete
PO003237,2026-06-01,ST023,SUP009,2026-05-30,2026-06-05,2026-06-05,228,228,1.0,0,True,Ambient,Complete
PO003238,2026-06-01,ST024,SUP001,2026-05-30,2026-06-05,2026-06-05,196,180,0.9201,0,True,Ambient,Complete
PO003239,2026-06-01,ST024,SUP012,2026-05-30,2026-06-05,2026-06-05,225,215,0.9541,0,True,Ambient,Complete
PO003240,2026-06-01,ST024,SUP011,2026-05-30,2026-06-06,2026-06-06,160,147,0.92,0,True,Ambient,Complete
PO003241,2026-06-01,ST024,SUP002,2026-05-30,2026-06-04,2026-06-07,166,98,0.5932,3,False,Chilled,Late / short
PO003242,2026-06-01,ST024,SUP006,2026-05-30,2026-06-05,2026-06-05,289,273,0.9451,0,True,Ambient,Complete
PO003243,2026-06-01,ST024,SUP003,2026-05-30,2026-06-05,2026-06-05,256,256,1.0,0,True,Ambient,Complete
PO003244,2026-06-01,ST024,SUP010,2026-05-30,2026-06-07,2026-06-07,213,196,0.9207,0,True,Ambient,Complete
PO003245,2026-06-01,ST025,SUP001,2026-05-30,2026-06-05,2026-06-05,278,277,0.9963,0,True,Ambient,Complete
PO003246,2026-06-01,ST025,SUP007,2026-05-30,2026-06-04,2026-06-04,129,126,0.9783,0,True,Chilled,Complete
PO003247,2026-06-01,ST025,SUP003,2026-05-30,2026-06-05,2026-06-05,328,328,1.0,0,True,Ambient,Complete
PO003248,2026-06-01,ST025,SUP010,2026-05-30,2026-06-07,2026-06-07,319,306,0.9581,0,True,Ambient,Complete
PO003249,2026-06-01,ST026,SUP001,2026-05-30,2026-06-05,2026-06-05,353,332,0.9405,0,True,Ambient,Complete
PO003250,2026-06-01,ST026,SUP008,2026-05-30,2026-06-08,2026-06-10,286,261,0.9125,2,False,Ambient,Late
PO003251,2026-06-01,ST026,SUP012,2026-05-30,2026-06-05,2026-06-05,290,290,1.0,0,True,Ambient,Complete
PO003252,2026-06-01,ST026,SUP011,2026-05-30,2026-06-06,2026-06-06,175,175,1.0,0,True,Ambient,Complete
PO003253,2026-06-01,ST026,SUP002,2026-05-30,2026-06-04,2026-06-04,285,162,0.5679,0,True,Chilled,Short
PO003254,2026-06-01,ST026,SUP007,2026-05-30,2026-06-04,2026-06-04,246,236,0.959,0,True,Chilled,Complete
PO003255,2026-06-01,ST026,SUP010,2026-05-30,2026-06-07,2026-06-07,155,136,0.8753,0,True,Ambient,Short
PO003256,2026-06-01,ST026,SUP005,2026-05-30,2026-06-06,2026-06-06,159,149,0.9366,0,True,Ambient,Complete
PO003257,2026-06-01,ST027,SUP001,2026-05-30,2026-06-05,2026-06-05,197,190,0.9639,0,True,Ambient,Complete
PO003258,2026-06-01,ST027,SUP011,2026-05-30,2026-06-06,2026-06-06,308,278,0.9037,0,True,Ambient,Complete
PO003259,2026-06-01,ST027,SUP007,2026-05-30,2026-06-04,2026-06-04,217,196,0.9039,0,True,Chilled,Complete
PO003260,2026-06-01,ST027,SUP003,2026-05-30,2026-06-05,2026-06-05,201,201,1.0,0,True,Ambient,Complete
PO003261,2026-06-01,ST027,SUP010,2026-05-30,2026-06-07,2026-06-07,164,151,0.9209,0,True,Ambient,Complete
PO003262,2026-06-01,ST027,SUP009,2026-05-30,2026-06-05,2026-06-05,243,213,0.8768,0,True,Ambient,Short
PO003263,2026-06-01,ST028,SUP008,2026-05-30,2026-06-08,2026-06-08,312,311,0.9958,0,True,Ambient,Complete
PO003264,2026-06-01,ST028,SUP012,2026-05-30,2026-06-05,2026-06-05,119,119,1.0,0,True,Ambient,Complete
PO003265,2026-06-01,ST028,SUP007,2026-05-30,2026-06-04,2026-06-04,169,157,0.9286,0,True,Chilled,Complete
PO003266,2026-06-01,ST028,SUP003,2026-05-30,2026-06-05,2026-06-05,325,306,0.9413,0,True,Ambient,Complete
PO003267,2026-06-01,ST028,SUP010,2026-05-30,2026-06-07,2026-06-07,136,128,0.9394,0,True,Ambient,Complete
PO003268,2026-06-01,ST028,SUP005,2026-05-30,2026-06-06,2026-06-06,318,314,0.9866,0,True,Ambient,Complete
PO003269,2026-06-01,ST029,SUP012,2026-05-30,2026-06-05,2026-06-05,340,327,0.9618,0,True,Ambient,Complete
PO003270,2026-06-01,ST029,SUP002,2026-05-30,2026-06-04,2026-06-04,317,182,0.575,0,True,Chilled,Short
PO003271,2026-06-01,ST029,SUP007,2026-05-30,2026-06-04,2026-06-04,280,268,0.9564,0,True,Chilled,Complete
PO003272,2026-06-01,ST029,SUP004,2026-05-30,2026-06-06,2026-06-06,276,249,0.9023,0,True,Ambient,Complete
PO003273,2026-06-01,ST029,SUP010,2026-05-30,2026-06-07,2026-06-07,179,156,0.8734,0,True,Ambient,Short
PO003274,2026-06-01,ST029,SUP005,2026-05-30,2026-06-06,2026-06-06,337,291,0.8644,0,True,Ambient,Short
PO003275,2026-06-01,ST030,SUP008,2026-05-30,2026-06-08,2026-06-10,208,189,0.9067,2,False,Ambient,Late
PO003276,2026-06-01,ST030,SUP012,2026-05-30,2026-06-05,2026-06-05,130,130,1.0,0,True,Ambient,Complete
PO003277,2026-06-01,ST030,SUP011,2026-05-30,2026-06-06,2026-06-06,348,348,1.0,0,True,Ambient,Complete
PO003278,2026-06-01,ST030,SUP002,2026-05-30,2026-06-04,2026-06-04,278,211,0.7593,0,True,Chilled,Short
PO003279,2026-06-01,ST030,SUP004,2026-05-30,2026-06-06,2026-06-06,272,268,0.9868,0,True,Ambient,Complete
PO003280,2026-06-01,ST030,SUP005,2026-05-30,2026-06-06,2026-06-06,178,169,0.949,0,True,Ambient,Complete
PO003281,2026-06-01,ST030,SUP009,2026-05-30,2026-06-05,2026-06-05,244,231,0.9466,0,True,Ambient,Complete
PO003282,2026-06-01,ST031,SUP008,2026-05-30,2026-06-08,2026-06-08,199,177,0.8913,0,True,Ambient,Short
PO003283,2026-06-01,ST031,SUP011,2026-05-30,2026-06-06,2026-06-06,289,276,0.9534,0,True,Ambient,Complete
PO003284,2026-06-01,ST031,SUP002,2026-05-30,2026-06-04,2026-06-04,110,64,0.5781,0,True,Chilled,Short
PO003285,2026-06-01,ST031,SUP006,2026-05-30,2026-06-05,2026-06-05,162,140,0.8642,0,True,Ambient,Short
PO003286,2026-06-01,ST031,SUP003,2026-05-30,2026-06-05,2026-06-05,172,167,0.9689,0,True,Ambient,Complete
PO003287,2026-06-01,ST031,SUP004,2026-05-30,2026-06-06,2026-06-08,298,269,0.9032,2,False,Ambient,Late
PO003288,2026-06-01,ST032,SUP001,2026-05-30,2026-06-05,2026-06-07,298,283,0.9495,2,False,Ambient,Late
PO003289,2026-06-01,ST032,SUP012,2026-05-30,2026-06-05,2026-06-05,271,269,0.9909,0,True,Ambient,Complete
PO003290,2026-06-01,ST032,SUP002,2026-05-30,2026-06-04,2026-06-04,101,50,0.4987,0,True,Chilled,Short
PO003291,2026-06-01,ST032,SUP003,2026-05-30,2026-06-05,2026-06-05,206,206,1.0,0,True,Ambient,Complete
PO003292,2026-06-01,ST032,SUP004,2026-05-30,2026-06-06,2026-06-06,95,91,0.9587,0,True,Ambient,Complete
PO003293,2026-06-01,ST032,SUP010,2026-05-30,2026-06-07,2026-06-07,293,282,0.9608,0,True,Ambient,Complete
PO003294,2026-06-01,ST032,SUP005,2026-05-30,2026-06-06,2026-06-06,311,301,0.9685,0,True,Ambient,Complete
PO003295,2026-06-01,ST032,SUP009,2026-05-30,2026-06-05,2026-06-05,180,174,0.9674,0,True,Ambient,Complete
PO003296,2026-06-01,ST033,SUP008,2026-05-30,2026-06-08,2026-06-08,155,144,0.9274,0,True,Ambient,Complete
PO003297,2026-06-01,ST033,SUP012,2026-05-30,2026-06-05,2026-06-05,146,132,0.9028,0,True,Ambient,Complete
PO003298,2026-06-01,ST033,SUP011,2026-05-30,2026-06-06,2026-06-06,259,244,0.9435,0,True,Ambient,Complete
PO003299,2026-06-01,ST033,SUP006,2026-05-30,2026-06-05,2026-06-05,89,89,1.0,0,True,Ambient,Complete
PO003300,2026-06-01,ST033,SUP003,2026-05-30,2026-06-05,2026-06-05,195,192,0.9845,0,True,Ambient,Complete
PO003301,2026-06-01,ST033,SUP010,2026-05-30,2026-06-07,2026-06-07,86,79,0.9159,0,True,Ambient,Complete
PO003302,2026-06-01,ST033,SUP005,2026-05-30,2026-06-06,2026-06-06,224,187,0.8327,0,True,Ambient,Short
PO003303,2026-06-01,ST033,SUP009,2026-05-30,2026-06-05,2026-06-05,86,79,0.9164,0,True,Ambient,Complete
PO003304,2026-06-01,ST034,SUP008,2026-05-30,2026-06-08,2026-06-08,171,145,0.8455,0,True,Ambient,Short
PO003305,2026-06-01,ST034,SUP012,2026-05-30,2026-06-05,2026-06-06,207,177,0.8554,1,False,Ambient,Late / short
PO003306,2026-06-01,ST034,SUP011,2026-05-30,2026-06-06,2026-06-06,132,127,0.9637,0,True,Ambient,Complete
PO003307,2026-06-01,ST034,SUP007,2026-05-30,2026-06-04,2026-06-04,169,164,0.9706,0,True,Chilled,Complete
PO003308,2026-06-01,ST034,SUP003,2026-05-30,2026-06-05,2026-06-05,250,230,0.9213,0,True,Ambient,Complete
PO003309,2026-06-01,ST034,SUP005,2026-05-30,2026-06-06,2026-06-06,220,205,0.9329,0,True,Ambient,Complete
PO003310,2026-06-01,ST034,SUP009,2026-05-30,2026-06-05,2026-06-05,191,183,0.959,0,True,Ambient,Complete
PO003311,2026-06-01,ST035,SUP001,2026-05-30,2026-06-05,2026-06-08,112,104,0.9284,3,False,Ambient,Late
PO003312,2026-06-01,ST035,SUP012,2026-05-30,2026-06-05,2026-06-05,182,177,0.9706,0,True,Ambient,Complete
PO003313,2026-06-01,ST035,SUP002,2026-05-30,2026-06-04,2026-06-09,116,48,0.4169,5,False,Chilled,Late / short
PO003314,2026-06-01,ST035,SUP007,2026-05-30,2026-06-04,2026-06-04,230,181,0.7882,0,True,Chilled,Short
PO003315,2026-06-01,ST035,SUP004,2026-05-30,2026-06-06,2026-06-06,215,214,0.9931,0,True,Ambient,Complete
PO003316,2026-06-01,ST035,SUP010,2026-05-30,2026-06-07,2026-06-07,318,318,1.0,0,True,Ambient,Complete
PO003317,2026-06-01,ST035,SUP005,2026-05-30,2026-06-06,2026-06-06,288,272,0.946,0,True,Ambient,Complete
PO003318,2026-06-01,ST036,SUP008,2026-05-30,2026-06-08,2026-06-08,155,149,0.9588,0,True,Ambient,Complete
PO003319,2026-06-01,ST036,SUP012,2026-05-30,2026-06-05,2026-06-05,160,154,0.9621,0,True,Ambient,Complete
PO003320,2026-06-01,ST036,SUP011,2026-05-30,2026-06-06,2026-06-06,248,228,0.9178,0,True,Ambient,Complete
PO003321,2026-06-01,ST036,SUP002,2026-05-30,2026-06-04,2026-06-04,277,126,0.4562,0,True,Chilled,Short
PO003322,2026-06-01,ST036,SUP006,2026-05-30,2026-06-05,2026-06-05,139,129,0.9289,0,True,Ambient,Complete
PO003323,2026-06-01,ST036,SUP009,2026-05-30,2026-06-05,2026-06-05,209,209,0.9976,0,True,Ambient,Complete
PO003324,2026-06-08,ST001,SUP001,2026-06-06,2026-06-12,2026-06-12,183,176,0.9626,0,True,Ambient,Complete
PO003325,2026-06-08,ST001,SUP008,2026-06-06,2026-06-15,2026-06-15,305,281,0.9213,0,True,Ambient,Complete
PO003326,2026-06-08,ST001,SUP002,2026-06-06,2026-06-11,2026-06-11,318,308,0.9684,0,True,Chilled,Complete
PO003327,2026-06-08,ST001,SUP007,2026-06-06,2026-06-11,2026-06-11,234,215,0.9181,0,True,Chilled,Complete
PO003328,2026-06-08,ST001,SUP005,2026-06-06,2026-06-13,2026-06-14,132,129,0.9747,1,False,Ambient,Late
PO003329,2026-06-08,ST002,SUP008,2026-06-06,2026-06-15,2026-06-15,271,244,0.8986,0,True,Ambient,Short
PO003330,2026-06-08,ST002,SUP012,2026-06-06,2026-06-12,2026-06-12,358,357,0.9979,0,True,Ambient,Complete
PO003331,2026-06-08,ST002,SUP011,2026-06-06,2026-06-13,2026-06-13,464,393,0.8475,0,True,Ambient,Short
PO003332,2026-06-08,ST002,SUP006,2026-06-06,2026-06-12,2026-06-12,359,346,0.9643,0,True,Ambient,Complete
PO003333,2026-06-08,ST002,SUP003,2026-06-06,2026-06-12,2026-06-14,313,309,0.9864,2,False,Ambient,Late
PO003334,2026-06-08,ST002,SUP009,2026-06-06,2026-06-12,2026-06-12,387,387,1.0,0,True,Ambient,Complete
PO003335,2026-06-08,ST003,SUP008,2026-06-06,2026-06-15,2026-06-15,318,283,0.8891,0,True,Ambient,Short
PO003336,2026-06-08,ST003,SUP012,2026-06-06,2026-06-12,2026-06-12,283,283,1.0,0,True,Ambient,Complete
PO003337,2026-06-08,ST003,SUP006,2026-06-06,2026-06-12,2026-06-12,432,432,1.0,0,True,Ambient,Complete
PO003338,2026-06-08,ST003,SUP003,2026-06-06,2026-06-12,2026-06-12,392,384,0.9793,0,True,Ambient,Complete
PO003339,2026-06-08,ST003,SUP004,2026-06-06,2026-06-13,2026-06-13,335,314,0.9367,0,True,Ambient,Complete
PO003340,2026-06-08,ST003,SUP010,2026-06-06,2026-06-14,2026-06-14,326,321,0.985,0,True,Ambient,Complete
PO003341,2026-06-08,ST003,SUP009,2026-06-06,2026-06-12,2026-06-12,276,256,0.9271,0,True,Ambient,Complete
PO003342,2026-06-08,ST004,SUP001,2026-06-06,2026-06-12,2026-06-12,307,281,0.9156,0,True,Ambient,Complete
PO003343,2026-06-08,ST004,SUP008,2026-06-06,2026-06-15,2026-06-15,240,233,0.9707,0,True,Ambient,Complete
PO003344,2026-06-08,ST004,SUP002,2026-06-06,2026-06-11,2026-06-11,384,350,0.912,0,True,Chilled,Complete
PO003345,2026-06-08,ST004,SUP007,2026-06-06,2026-06-11,2026-06-11,348,348,1.0,0,True,Chilled,Complete
PO003346,2026-06-08,ST004,SUP004,2026-06-06,2026-06-13,2026-06-13,363,361,0.9953,0,True,Ambient,Complete
PO003347,2026-06-08,ST004,SUP005,2026-06-06,2026-06-13,2026-06-13,168,142,0.8467,0,True,Ambient,Short
PO003348,2026-06-08,ST004,SUP009,2026-06-06,2026-06-12,2026-06-12,354,342,0.965,0,True,Ambient,Complete
PO003349,2026-06-08,ST005,SUP001,2026-06-06,2026-06-12,2026-06-12,399,399,1.0,0,True,Ambient,Complete
PO003350,2026-06-08,ST005,SUP012,2026-06-06,2026-06-12,2026-06-12,313,295,0.9437,0,True,Ambient,Complete
PO003351,2026-06-08,ST005,SUP002,2026-06-06,2026-06-11,2026-06-11,271,245,0.9042,0,True,Chilled,Complete
PO003352,2026-06-08,ST005,SUP007,2026-06-06,2026-06-11,2026-06-11,162,148,0.9167,0,True,Chilled,Complete
PO003353,2026-06-08,ST005,SUP006,2026-06-06,2026-06-12,2026-06-12,394,376,0.9534,0,True,Ambient,Complete
PO003354,2026-06-08,ST005,SUP003,2026-06-06,2026-06-12,2026-06-12,158,149,0.9409,0,True,Ambient,Complete
PO003355,2026-06-08,ST005,SUP010,2026-06-06,2026-06-14,2026-06-14,372,315,0.8468,0,True,Ambient,Short
PO003356,2026-06-08,ST005,SUP005,2026-06-06,2026-06-13,2026-06-13,494,437,0.8839,0,True,Ambient,Short
PO003357,2026-06-08,ST006,SUP001,2026-06-06,2026-06-12,2026-06-12,411,351,0.8531,0,True,Ambient,Short
PO003358,2026-06-08,ST006,SUP008,2026-06-06,2026-06-15,2026-06-15,454,343,0.7549,0,True,Ambient,Short
PO003359,2026-06-08,ST006,SUP011,2026-06-06,2026-06-13,2026-06-13,237,230,0.9684,0,True,Ambient,Complete
PO003360,2026-06-08,ST006,SUP007,2026-06-06,2026-06-11,2026-06-11,270,253,0.9368,0,True,Chilled,Complete
PO003361,2026-06-08,ST006,SUP006,2026-06-06,2026-06-12,2026-06-12,355,343,0.9657,0,True,Ambient,Complete
PO003362,2026-06-08,ST006,SUP004,2026-06-06,2026-06-13,2026-06-13,526,526,1.0,0,True,Ambient,Complete
PO003363,2026-06-08,ST006,SUP005,2026-06-06,2026-06-13,2026-06-13,483,413,0.8554,0,True,Ambient,Short
PO003364,2026-06-08,ST006,SUP009,2026-06-06,2026-06-12,2026-06-12,232,212,0.9157,0,True,Ambient,Complete
PO003365,2026-06-08,ST007,SUP012,2026-06-06,2026-06-12,2026-06-12,415,415,1.0,0,True,Ambient,Complete
PO003366,2026-06-08,ST007,SUP011,2026-06-06,2026-06-13,2026-06-13,363,337,0.9288,0,True,Ambient,Complete
PO003367,2026-06-08,ST007,SUP003,2026-06-06,2026-06-12,2026-06-12,418,399,0.9534,0,True,Ambient,Complete
PO003368,2026-06-08,ST007,SUP010,2026-06-06,2026-06-14,2026-06-14,181,170,0.9409,0,True,Ambient,Complete
PO003369,2026-06-08,ST007,SUP009,2026-06-06,2026-06-12,2026-06-12,242,233,0.9647,0,True,Ambient,Complete
PO003370,2026-06-08,ST008,SUP001,2026-06-06,2026-06-12,2026-06-12,497,449,0.9026,0,True,Ambient,Complete
PO003371,2026-06-08,ST008,SUP012,2026-06-06,2026-06-12,2026-06-12,476,476,1.0,0,True,Ambient,Complete
PO003372,2026-06-08,ST008,SUP002,2026-06-06,2026-06-11,2026-06-11,485,481,0.991,0,True,Chilled,Complete
PO003373,2026-06-08,ST008,SUP004,2026-06-06,2026-06-13,2026-06-13,273,250,0.9142,0,True,Ambient,Complete
PO003374,2026-06-08,ST008,SUP010,2026-06-06,2026-06-14,2026-06-14,328,316,0.9629,0,True,Ambient,Complete
PO003375,2026-06-08,ST008,SUP009,2026-06-06,2026-06-12,2026-06-12,260,228,0.8777,0,True,Ambient,Short
PO003376,2026-06-08,ST009,SUP008,2026-06-06,2026-06-15,2026-06-15,171,140,0.8192,0,True,Ambient,Short
PO003377,2026-06-08,ST009,SUP011,2026-06-06,2026-06-13,2026-06-13,236,217,0.9209,0,True,Ambient,Complete
PO003378,2026-06-08,ST009,SUP003,2026-06-06,2026-06-12,2026-06-12,436,422,0.9679,0,True,Ambient,Complete
PO003379,2026-06-08,ST009,SUP004,2026-06-06,2026-06-13,2026-06-15,438,438,1.0,2,False,Ambient,Late
PO003380,2026-06-08,ST009,SUP010,2026-06-06,2026-06-14,2026-06-14,243,243,1.0,0,True,Ambient,Complete
PO003381,2026-06-08,ST010,SUP007,2026-06-06,2026-06-11,2026-06-11,156,143,0.9181,0,True,Chilled,Complete
PO003382,2026-06-08,ST010,SUP009,2026-06-06,2026-06-12,2026-06-12,252,239,0.9474,0,True,Ambient,Complete
PO003383,2026-06-08,ST011,SUP008,2026-06-06,2026-06-15,2026-06-15,355,306,0.863,0,True,Ambient,Short
PO003384,2026-06-08,ST011,SUP007,2026-06-06,2026-06-11,2026-06-13,167,145,0.8709,2,False,Chilled,Late / short
PO003385,2026-06-08,ST011,SUP004,2026-06-06,2026-06-13,2026-06-13,336,312,0.9289,0,True,Ambient,Complete
PO003386,2026-06-08,ST011,SUP005,2026-06-06,2026-06-13,2026-06-16,399,399,1.0,3,False,Ambient,Late
PO003387,2026-06-08,ST012,SUP008,2026-06-06,2026-06-15,2026-06-15,179,153,0.8565,0,True,Ambient,Short
PO003388,2026-06-08,ST012,SUP012,2026-06-06,2026-06-12,2026-06-12,380,371,0.9769,0,True,Ambient,Complete
PO003389,2026-06-08,ST012,SUP011,2026-06-06,2026-06-13,2026-06-13,146,131,0.8994,0,True,Ambient,Short
PO003390,2026-06-08,ST012,SUP002,2026-06-06,2026-06-11,2026-06-11,136,112,0.827,0,True,Chilled,Short
PO003391,2026-06-08,ST012,SUP006,2026-06-06,2026-06-12,2026-06-12,381,352,0.9238,0,True,Ambient,Complete
PO003392,2026-06-08,ST013,SUP012,2026-06-06,2026-06-12,2026-06-12,259,253,0.9758,0,True,Ambient,Complete
PO003393,2026-06-08,ST013,SUP011,2026-06-06,2026-06-13,2026-06-13,332,322,0.9693,0,True,Ambient,Complete
PO003394,2026-06-08,ST013,SUP002,2026-06-06,2026-06-11,2026-06-11,342,342,1.0,0,True,Chilled,Complete
PO003395,2026-06-08,ST013,SUP003,2026-06-06,2026-06-12,2026-06-14,340,340,1.0,2,False,Ambient,Late
PO003396,2026-06-08,ST013,SUP010,2026-06-06,2026-06-14,2026-06-14,179,172,0.9604,0,True,Ambient,Complete
PO003397,2026-06-08,ST013,SUP009,2026-06-06,2026-06-12,2026-06-12,321,321,1.0,0,True,Ambient,Complete
PO003398,2026-06-08,ST014,SUP008,2026-06-06,2026-06-15,2026-06-15,222,210,0.9442,0,True,Ambient,Complete
PO003399,2026-06-08,ST014,SUP011,2026-06-06,2026-06-13,2026-06-13,316,290,0.9184,0,True,Ambient,Complete
PO003400,2026-06-08,ST014,SUP002,2026-06-06,2026-06-11,2026-06-14,404,377,0.9341,3,False,Chilled,Late
PO003401,2026-06-08,ST014,SUP003,2026-06-06,2026-06-12,2026-06-12,397,357,0.9001,0,True,Ambient,Complete
PO003402,2026-06-08,ST014,SUP004,2026-06-06,2026-06-13,2026-06-13,274,267,0.9739,0,True,Ambient,Complete
PO003403,2026-06-08,ST015,SUP006,2026-06-06,2026-06-12,2026-06-12,329,329,1.0,0,True,Ambient,Complete
PO003404,2026-06-08,ST015,SUP004,2026-06-06,2026-06-13,2026-06-13,266,263,0.9881,0,True,Ambient,Complete
PO003405,2026-06-08,ST015,SUP009,2026-06-06,2026-06-12,2026-06-12,342,342,1.0,0,True,Ambient,Complete
PO003406,2026-06-08,ST016,SUP001,2026-06-06,2026-06-12,2026-06-12,150,146,0.9707,0,True,Ambient,Complete
PO003407,2026-06-08,ST016,SUP008,2026-06-06,2026-06-15,2026-06-18,457,432,0.9454,3,False,Ambient,Late
PO003408,2026-06-08,ST016,SUP012,2026-06-06,2026-06-12,2026-06-12,334,309,0.9261,0,True,Ambient,Complete
PO003409,2026-06-08,ST016,SUP002,2026-06-06,2026-06-11,2026-06-11,251,219,0.8724,0,True,Chilled,Short
PO003410,2026-06-08,ST016,SUP006,2026-06-06,2026-06-12,2026-06-12,287,282,0.9833,0,True,Ambient,Complete
PO003411,2026-06-08,ST016,SUP003,2026-06-06,2026-06-12,2026-06-12,203,184,0.9043,0,True,Ambient,Complete
PO003412,2026-06-08,ST016,SUP005,2026-06-06,2026-06-13,2026-06-13,273,254,0.9309,0,True,Ambient,Complete
PO003413,2026-06-08,ST017,SUP001,2026-06-06,2026-06-12,2026-06-12,312,277,0.8863,0,True,Ambient,Short
PO003414,2026-06-08,ST017,SUP008,2026-06-06,2026-06-15,2026-06-15,202,196,0.9687,0,True,Ambient,Complete
PO003415,2026-06-08,ST017,SUP012,2026-06-06,2026-06-12,2026-06-12,354,354,1.0,0,True,Ambient,Complete
PO003416,2026-06-08,ST017,SUP011,2026-06-06,2026-06-13,2026-06-13,131,124,0.9428,0,True,Ambient,Complete
PO003417,2026-06-08,ST017,SUP007,2026-06-06,2026-06-11,2026-06-11,375,375,1.0,0,True,Chilled,Complete
PO003418,2026-06-08,ST017,SUP006,2026-06-06,2026-06-12,2026-06-12,284,267,0.9388,0,True,Ambient,Complete
PO003419,2026-06-08,ST017,SUP004,2026-06-06,2026-06-13,2026-06-13,239,228,0.9521,0,True,Ambient,Complete
PO003420,2026-06-08,ST017,SUP010,2026-06-06,2026-06-14,2026-06-14,357,341,0.9543,0,True,Ambient,Complete
PO003421,2026-06-08,ST018,SUP001,2026-06-06,2026-06-12,2026-06-12,274,260,0.9481,0,True,Ambient,Complete
PO003422,2026-06-08,ST018,SUP012,2026-06-06,2026-06-12,2026-06-12,312,281,0.9008,0,True,Ambient,Complete
PO003423,2026-06-08,ST018,SUP011,2026-06-06,2026-06-13,2026-06-13,368,361,0.9813,0,True,Ambient,Complete
PO003424,2026-06-08,ST018,SUP002,2026-06-06,2026-06-11,2026-06-11,244,205,0.8418,0,True,Chilled,Short
PO003425,2026-06-08,ST018,SUP003,2026-06-06,2026-06-12,2026-06-12,271,271,1.0,0,True,Ambient,Complete
PO003426,2026-06-08,ST018,SUP004,2026-06-06,2026-06-13,2026-06-13,196,186,0.9511,0,True,Ambient,Complete
PO003427,2026-06-08,ST018,SUP009,2026-06-06,2026-06-12,2026-06-12,232,219,0.9453,0,True,Ambient,Complete
PO003428,2026-06-08,ST019,SUP008,2026-06-06,2026-06-15,2026-06-16,298,278,0.9342,1,False,Ambient,Late
PO003429,2026-06-08,ST019,SUP012,2026-06-06,2026-06-12,2026-06-12,291,291,0.9996,0,True,Ambient,Complete
PO003430,2026-06-08,ST019,SUP011,2026-06-06,2026-06-13,2026-06-16,225,218,0.9698,3,False,Ambient,Late
PO003431,2026-06-08,ST019,SUP007,2026-06-06,2026-06-11,2026-06-11,442,395,0.8932,0,True,Chilled,Short
PO003432,2026-06-08,ST019,SUP010,2026-06-06,2026-06-14,2026-06-14,179,167,0.9322,0,True,Ambient,Complete
PO003433,2026-06-08,ST019,SUP005,2026-06-06,2026-06-13,2026-06-13,403,393,0.9746,0,True,Ambient,Complete
PO003434,2026-06-08,ST020,SUP012,2026-06-06,2026-06-12,2026-06-12,126,123,0.9744,0,True,Ambient,Complete
PO003435,2026-06-08,ST020,SUP002,2026-06-06,2026-06-11,2026-06-11,319,307,0.9613,0,True,Chilled,Complete
PO003436,2026-06-08,ST020,SUP006,2026-06-06,2026-06-12,2026-06-12,133,120,0.9024,0,True,Ambient,Complete
PO003437,2026-06-08,ST020,SUP010,2026-06-06,2026-06-14,2026-06-14,354,312,0.8803,0,True,Ambient,Short
PO003438,2026-06-08,ST021,SUP008,2026-06-06,2026-06-15,2026-06-15,480,414,0.8618,0,True,Ambient,Short
PO003439,2026-06-08,ST021,SUP012,2026-06-06,2026-06-12,2026-06-12,400,332,0.831,0,True,Ambient,Short
PO003440,2026-06-08,ST021,SUP011,2026-06-06,2026-06-13,2026-06-13,491,455,0.927,0,True,Ambient,Complete
PO003441,2026-06-08,ST021,SUP010,2026-06-06,2026-06-14,2026-06-15,317,316,0.9968,1,False,Ambient,Late
PO003442,2026-06-08,ST021,SUP009,2026-06-06,2026-06-12,2026-06-12,394,329,0.834,0,True,Ambient,Short
PO003443,2026-06-08,ST022,SUP008,2026-06-06,2026-06-15,2026-06-15,379,320,0.8434,0,True,Ambient,Short
PO003444,2026-06-08,ST022,SUP011,2026-06-06,2026-06-13,2026-06-13,161,157,0.9745,0,True,Ambient,Complete
PO003445,2026-06-08,ST022,SUP003,2026-06-06,2026-06-12,2026-06-12,455,416,0.9139,0,True,Ambient,Complete
PO003446,2026-06-08,ST022,SUP004,2026-06-06,2026-06-13,2026-06-13,322,298,0.9264,0,True,Ambient,Complete
PO003447,2026-06-08,ST022,SUP010,2026-06-06,2026-06-14,2026-06-14,314,314,1.0,0,True,Ambient,Complete
PO003448,2026-06-08,ST022,SUP009,2026-06-06,2026-06-12,2026-06-12,235,218,0.9284,0,True,Ambient,Complete
PO003449,2026-06-08,ST023,SUP012,2026-06-06,2026-06-12,2026-06-13,161,157,0.976,1,False,Ambient,Late
PO003450,2026-06-08,ST023,SUP011,2026-06-06,2026-06-13,2026-06-13,291,265,0.9111,0,True,Ambient,Complete
PO003451,2026-06-08,ST023,SUP007,2026-06-06,2026-06-11,2026-06-11,341,324,0.9505,0,True,Chilled,Complete
PO003452,2026-06-08,ST023,SUP003,2026-06-06,2026-06-12,2026-06-12,284,284,1.0,0,True,Ambient,Complete
PO003453,2026-06-08,ST023,SUP004,2026-06-06,2026-06-13,2026-06-13,361,348,0.9649,0,True,Ambient,Complete
PO003454,2026-06-08,ST023,SUP010,2026-06-06,2026-06-14,2026-06-14,134,131,0.9793,0,True,Ambient,Complete
PO003455,2026-06-08,ST024,SUP001,2026-06-06,2026-06-12,2026-06-12,114,114,1.0,0,True,Ambient,Complete
PO003456,2026-06-08,ST024,SUP004,2026-06-06,2026-06-13,2026-06-13,169,161,0.9527,0,True,Ambient,Complete
PO003457,2026-06-08,ST024,SUP010,2026-06-06,2026-06-14,2026-06-14,187,178,0.9494,0,True,Ambient,Complete
PO003458,2026-06-08,ST024,SUP009,2026-06-06,2026-06-12,2026-06-12,272,247,0.9092,0,True,Ambient,Complete
PO003459,2026-06-08,ST025,SUP008,2026-06-06,2026-06-15,2026-06-15,273,235,0.86,0,True,Ambient,Short
PO003460,2026-06-08,ST025,SUP002,2026-06-06,2026-06-11,2026-06-15,428,263,0.614,4,False,Chilled,Late / short
PO003461,2026-06-08,ST025,SUP007,2026-06-06,2026-06-11,2026-06-11,198,182,0.9172,0,True,Chilled,Complete
PO003462,2026-06-08,ST025,SUP006,2026-06-06,2026-06-12,2026-06-12,181,181,1.0,0,True,Ambient,Complete
PO003463,2026-06-08,ST025,SUP005,2026-06-06,2026-06-13,2026-06-13,423,384,0.908,0,True,Ambient,Complete
PO003464,2026-06-08,ST026,SUP008,2026-06-06,2026-06-15,2026-06-15,257,230,0.8967,0,True,Ambient,Short
PO003465,2026-06-08,ST026,SUP002,2026-06-06,2026-06-11,2026-06-13,177,85,0.4783,2,False,Chilled,Late / short
PO003466,2026-06-08,ST026,SUP007,2026-06-06,2026-06-11,2026-06-11,394,354,0.8977,0,True,Chilled,Short
PO003467,2026-06-08,ST026,SUP006,2026-06-06,2026-06-12,2026-06-12,361,325,0.9007,0,True,Ambient,Complete
PO003468,2026-06-08,ST026,SUP010,2026-06-06,2026-06-14,2026-06-14,251,239,0.9517,0,True,Ambient,Complete
PO003469,2026-06-08,ST026,SUP005,2026-06-06,2026-06-13,2026-06-13,301,271,0.9,0,True,Ambient,Short
PO003470,2026-06-08,ST027,SUP001,2026-06-06,2026-06-12,2026-06-12,113,105,0.9286,0,True,Ambient,Complete
PO003471,2026-06-08,ST027,SUP008,2026-06-06,2026-06-15,2026-06-15,169,166,0.9801,0,True,Ambient,Complete
PO003472,2026-06-08,ST027,SUP012,2026-06-06,2026-06-12,2026-06-12,274,274,1.0,0,True,Ambient,Complete
PO003473,2026-06-08,ST027,SUP002,2026-06-06,2026-06-11,2026-06-11,318,192,0.603,0,True,Chilled,Short
PO003474,2026-06-08,ST027,SUP007,2026-06-06,2026-06-11,2026-06-11,132,112,0.8471,0,True,Chilled,Short
PO003475,2026-06-08,ST027,SUP010,2026-06-06,2026-06-14,2026-06-17,154,148,0.9625,3,False,Ambient,Late
PO003476,2026-06-08,ST027,SUP005,2026-06-06,2026-06-13,2026-06-13,239,218,0.9115,0,True,Ambient,Complete
PO003477,2026-06-08,ST027,SUP009,2026-06-06,2026-06-12,2026-06-13,259,259,0.9987,1,False,Ambient,Late
PO003478,2026-06-08,ST028,SUP008,2026-06-06,2026-06-15,2026-06-15,282,245,0.8693,0,True,Ambient,Short
PO003479,2026-06-08,ST028,SUP012,2026-06-06,2026-06-12,2026-06-12,165,161,0.9743,0,True,Ambient,Complete
PO003480,2026-06-08,ST028,SUP006,2026-06-06,2026-06-12,2026-06-12,214,200,0.936,0,True,Ambient,Complete
PO003481,2026-06-08,ST028,SUP003,2026-06-06,2026-06-12,2026-06-12,322,322,1.0,0,True,Ambient,Complete
PO003482,2026-06-08,ST028,SUP010,2026-06-06,2026-06-14,2026-06-14,140,124,0.8883,0,True,Ambient,Short
PO003483,2026-06-08,ST029,SUP001,2026-06-06,2026-06-12,2026-06-12,248,234,0.9428,0,True,Ambient,Complete
PO003484,2026-06-08,ST029,SUP008,2026-06-06,2026-06-15,2026-06-15,333,308,0.9236,0,True,Ambient,Complete
PO003485,2026-06-08,ST029,SUP011,2026-06-06,2026-06-13,2026-06-13,202,181,0.8962,0,True,Ambient,Short
PO003486,2026-06-08,ST029,SUP002,2026-06-06,2026-06-11,2026-06-14,327,153,0.4675,3,False,Chilled,Late / short
PO003487,2026-06-08,ST029,SUP010,2026-06-06,2026-06-14,2026-06-14,291,255,0.8767,0,True,Ambient,Short
PO003488,2026-06-08,ST029,SUP005,2026-06-06,2026-06-13,2026-06-13,259,251,0.9698,0,True,Ambient,Complete
PO003489,2026-06-08,ST029,SUP009,2026-06-06,2026-06-12,2026-06-12,136,133,0.9808,0,True,Ambient,Complete
PO003490,2026-06-08,ST030,SUP001,2026-06-06,2026-06-12,2026-06-12,266,252,0.9456,0,True,Ambient,Complete
PO003491,2026-06-08,ST030,SUP002,2026-06-06,2026-06-11,2026-06-17,219,134,0.6114,6,False,Chilled,Late / short
PO003492,2026-06-08,ST030,SUP003,2026-06-06,2026-06-12,2026-06-12,198,179,0.9029,0,True,Ambient,Complete
PO003493,2026-06-08,ST030,SUP010,2026-06-06,2026-06-14,2026-06-14,223,201,0.8995,0,True,Ambient,Short
PO003494,2026-06-08,ST030,SUP005,2026-06-06,2026-06-13,2026-06-16,255,244,0.9575,3,False,Ambient,Late
PO003495,2026-06-08,ST031,SUP001,2026-06-06,2026-06-12,2026-06-12,191,191,1.0,0,True,Ambient,Complete
PO003496,2026-06-08,ST031,SUP012,2026-06-06,2026-06-12,2026-06-12,254,248,0.975,0,True,Ambient,Complete
PO003497,2026-06-08,ST031,SUP002,2026-06-06,2026-06-11,2026-06-12,274,122,0.4451,1,False,Chilled,Late / short
PO003498,2026-06-08,ST031,SUP007,2026-06-06,2026-06-11,2026-06-11,131,120,0.9151,0,True,Chilled,Complete
PO003499,2026-06-08,ST031,SUP006,2026-06-06,2026-06-12,2026-06-12,189,187,0.9915,0,True,Ambient,Complete
PO003500,2026-06-08,ST031,SUP003,2026-06-06,2026-06-12,2026-06-12,281,277,0.9854,0,True,Ambient,Complete
PO003501,2026-06-08,ST031,SUP009,2026-06-06,2026-06-12,2026-06-12,142,140,0.9863,0,True,Ambient,Complete
PO003502,2026-06-08,ST032,SUP001,2026-06-06,2026-06-12,2026-06-12,166,158,0.9515,0,True,Ambient,Complete
PO003503,2026-06-08,ST032,SUP008,2026-06-06,2026-06-15,2026-06-15,174,100,0.5753,0,True,Ambient,Short
PO003504,2026-06-08,ST032,SUP012,2026-06-06,2026-06-12,2026-06-12,261,234,0.8967,0,True,Ambient,Short
PO003505,2026-06-08,ST032,SUP002,2026-06-06,2026-06-11,2026-06-11,139,83,0.5977,0,True,Chilled,Short
PO003506,2026-06-08,ST032,SUP003,2026-06-06,2026-06-12,2026-06-12,245,235,0.9575,0,True,Ambient,Complete
PO003507,2026-06-08,ST032,SUP004,2026-06-06,2026-06-13,2026-06-13,262,244,0.9316,0,True,Ambient,Complete
PO003508,2026-06-08,ST032,SUP005,2026-06-06,2026-06-13,2026-06-13,314,294,0.9377,0,True,Ambient,Complete
PO003509,2026-06-08,ST033,SUP011,2026-06-06,2026-06-13,2026-06-13,92,91,0.9854,0,True,Ambient,Complete
PO003510,2026-06-08,ST033,SUP007,2026-06-06,2026-06-11,2026-06-11,214,175,0.8156,0,True,Chilled,Short
PO003511,2026-06-08,ST033,SUP006,2026-06-06,2026-06-12,2026-06-12,153,147,0.9577,0,True,Ambient,Complete
PO003512,2026-06-08,ST033,SUP003,2026-06-06,2026-06-12,2026-06-12,157,157,1.0,0,True,Ambient,Complete
PO003513,2026-06-08,ST033,SUP010,2026-06-06,2026-06-14,2026-06-14,209,195,0.9341,0,True,Ambient,Complete
PO003514,2026-06-08,ST033,SUP005,2026-06-06,2026-06-13,2026-06-13,161,154,0.957,0,True,Ambient,Complete
PO003515,2026-06-08,ST034,SUP001,2026-06-06,2026-06-12,2026-06-12,89,88,0.9919,0,True,Ambient,Complete
PO003516,2026-06-08,ST034,SUP012,2026-06-06,2026-06-12,2026-06-12,84,75,0.8887,0,True,Ambient,Short
PO003517,2026-06-08,ST034,SUP007,2026-06-06,2026-06-11,2026-06-11,231,206,0.8935,0,True,Chilled,Short
PO003518,2026-06-08,ST034,SUP004,2026-06-06,2026-06-13,2026-06-13,90,90,1.0,0,True,Ambient,Complete
PO003519,2026-06-08,ST034,SUP010,2026-06-06,2026-06-14,2026-06-14,256,236,0.9238,0,True,Ambient,Complete
PO003520,2026-06-08,ST035,SUP001,2026-06-06,2026-06-12,2026-06-12,191,182,0.955,0,True,Ambient,Complete
PO003521,2026-06-08,ST035,SUP008,2026-06-06,2026-06-15,2026-06-15,114,84,0.7347,0,True,Ambient,Short
PO003522,2026-06-08,ST035,SUP011,2026-06-06,2026-06-13,2026-06-15,199,188,0.947,2,False,Ambient,Late
PO003523,2026-06-08,ST035,SUP007,2026-06-06,2026-06-11,2026-06-11,270,249,0.9208,0,True,Chilled,Complete
PO003524,2026-06-08,ST035,SUP006,2026-06-06,2026-06-12,2026-06-12,132,120,0.9085,0,True,Ambient,Complete
PO003525,2026-06-08,ST035,SUP003,2026-06-06,2026-06-12,2026-06-12,114,114,1.0,0,True,Ambient,Complete
PO003526,2026-06-08,ST035,SUP005,2026-06-06,2026-06-13,2026-06-13,221,193,0.8753,0,True,Ambient,Short
PO003527,2026-06-08,ST036,SUP001,2026-06-06,2026-06-12,2026-06-12,165,164,0.9916,0,True,Ambient,Complete
PO003528,2026-06-08,ST036,SUP006,2026-06-06,2026-06-12,2026-06-12,270,253,0.9361,0,True,Ambient,Complete
PO003529,2026-06-08,ST036,SUP010,2026-06-06,2026-06-14,2026-06-14,193,185,0.9601,0,True,Ambient,Complete
PO003530,2026-06-08,ST036,SUP005,2026-06-06,2026-06-13,2026-06-15,248,237,0.9546,2,False,Ambient,Late
PO003531,2026-06-08,ST036,SUP009,2026-06-06,2026-06-12,2026-06-12,97,93,0.9586,0,True,Ambient,Complete
PO003532,2026-06-15,ST001,SUP001,2026-06-13,2026-06-19,2026-06-19,160,154,0.9641,0,True,Ambient,Complete
PO003533,2026-06-15,ST001,SUP008,2026-06-13,2026-06-22,2026-06-22,307,287,0.9341,0,True,Ambient,Complete
PO003534,2026-06-15,ST001,SUP012,2026-06-13,2026-06-19,2026-06-19,157,145,0.9222,0,True,Ambient,Complete
PO003535,2026-06-15,ST001,SUP007,2026-06-13,2026-06-18,2026-06-18,194,172,0.8871,0,True,Chilled,Short
PO003536,2026-06-15,ST001,SUP006,2026-06-13,2026-06-19,2026-06-19,307,302,0.9852,0,True,Ambient,Complete
PO003537,2026-06-15,ST001,SUP003,2026-06-13,2026-06-19,2026-06-19,252,239,0.9486,0,True,Ambient,Complete
PO003538,2026-06-15,ST001,SUP010,2026-06-13,2026-06-21,2026-06-21,195,171,0.8793,0,True,Ambient,Short
PO003539,2026-06-15,ST001,SUP005,2026-06-13,2026-06-20,2026-06-20,378,363,0.9612,0,True,Ambient,Complete
PO003540,2026-06-15,ST002,SUP008,2026-06-13,2026-06-22,2026-06-22,484,442,0.9134,0,True,Ambient,Complete
PO003541,2026-06-15,ST002,SUP011,2026-06-13,2026-06-20,2026-06-21,448,429,0.9575,1,False,Ambient,Late
PO003542,2026-06-15,ST002,SUP006,2026-06-13,2026-06-19,2026-06-19,411,369,0.897,0,True,Ambient,Short
PO003543,2026-06-15,ST002,SUP003,2026-06-13,2026-06-19,2026-06-19,384,384,1.0,0,True,Ambient,Complete
PO003544,2026-06-15,ST002,SUP004,2026-06-13,2026-06-20,2026-06-20,280,280,1.0,0,True,Ambient,Complete
PO003545,2026-06-15,ST002,SUP005,2026-06-13,2026-06-20,2026-06-21,245,226,0.9218,1,False,Ambient,Late
PO003546,2026-06-15,ST002,SUP009,2026-06-13,2026-06-19,2026-06-21,196,191,0.9757,2,False,Ambient,Late
PO003547,2026-06-15,ST003,SUP001,2026-06-13,2026-06-19,2026-06-19,300,280,0.9347,0,True,Ambient,Complete
PO003548,2026-06-15,ST003,SUP008,2026-06-13,2026-06-22,2026-06-22,200,164,0.8191,0,True,Ambient,Short
PO003549,2026-06-15,ST003,SUP011,2026-06-13,2026-06-20,2026-06-20,393,393,1.0,0,True,Ambient,Complete
PO003550,2026-06-15,ST003,SUP007,2026-06-13,2026-06-18,2026-06-18,231,201,0.8681,0,True,Chilled,Short
PO003551,2026-06-15,ST003,SUP003,2026-06-13,2026-06-19,2026-06-19,358,353,0.9859,0,True,Ambient,Complete
PO003552,2026-06-15,ST003,SUP010,2026-06-13,2026-06-21,2026-06-21,434,407,0.9389,0,True,Ambient,Complete
PO003553,2026-06-15,ST003,SUP005,2026-06-13,2026-06-20,2026-06-20,362,327,0.9035,0,True,Ambient,Complete
PO003554,2026-06-15,ST003,SUP009,2026-06-13,2026-06-19,2026-06-19,328,308,0.9379,0,True,Ambient,Complete
PO003555,2026-06-15,ST004,SUP001,2026-06-13,2026-06-19,2026-06-19,243,243,1.0,0,True,Ambient,Complete
PO003556,2026-06-15,ST004,SUP012,2026-06-13,2026-06-19,2026-06-19,487,464,0.9529,0,True,Ambient,Complete
PO003557,2026-06-15,ST004,SUP003,2026-06-13,2026-06-19,2026-06-19,414,414,1.0,0,True,Ambient,Complete
PO003558,2026-06-15,ST004,SUP005,2026-06-13,2026-06-20,2026-06-20,374,325,0.8678,0,True,Ambient,Short
PO003559,2026-06-15,ST004,SUP009,2026-06-13,2026-06-19,2026-06-19,257,245,0.9524,0,True,Ambient,Complete
PO003560,2026-06-15,ST005,SUP012,2026-06-13,2026-06-19,2026-06-19,246,220,0.8952,0,True,Ambient,Short
PO003561,2026-06-15,ST005,SUP011,2026-06-13,2026-06-20,2026-06-20,191,188,0.9863,0,True,Ambient,Complete
PO003562,2026-06-15,ST005,SUP006,2026-06-13,2026-06-19,2026-06-19,484,484,1.0,0,True,Ambient,Complete
PO003563,2026-06-15,ST005,SUP004,2026-06-13,2026-06-20,2026-06-20,492,403,0.8201,0,True,Ambient,Short
PO003564,2026-06-15,ST005,SUP010,2026-06-13,2026-06-21,2026-06-21,508,502,0.9875,0,True,Ambient,Complete
PO003565,2026-06-15,ST005,SUP005,2026-06-13,2026-06-20,2026-06-20,176,152,0.8634,0,True,Ambient,Short
PO003566,2026-06-15,ST005,SUP009,2026-06-13,2026-06-19,2026-06-19,303,288,0.9505,0,True,Ambient,Complete
PO003567,2026-06-15,ST006,SUP008,2026-06-13,2026-06-22,2026-06-22,254,253,0.9945,0,True,Ambient,Complete
PO003568,2026-06-15,ST006,SUP002,2026-06-13,2026-06-18,2026-06-18,274,262,0.9564,0,True,Chilled,Complete
PO003569,2026-06-15,ST006,SUP007,2026-06-13,2026-06-18,2026-06-18,174,172,0.988,0,True,Chilled,Complete
PO003570,2026-06-15,ST006,SUP005,2026-06-13,2026-06-20,2026-06-20,160,160,1.0,0,True,Ambient,Complete
PO003571,2026-06-15,ST007,SUP001,2026-06-13,2026-06-19,2026-06-19,482,482,1.0,0,True,Ambient,Complete
PO003572,2026-06-15,ST007,SUP012,2026-06-13,2026-06-19,2026-06-19,248,231,0.9324,0,True,Ambient,Complete
PO003573,2026-06-15,ST007,SUP006,2026-06-13,2026-06-19,2026-06-19,466,439,0.9422,0,True,Ambient,Complete
PO003574,2026-06-15,ST007,SUP003,2026-06-13,2026-06-19,2026-06-19,422,402,0.9528,0,True,Ambient,Complete
PO003575,2026-06-15,ST007,SUP004,2026-06-13,2026-06-20,2026-06-20,357,336,0.9413,0,True,Ambient,Complete
PO003576,2026-06-15,ST008,SUP008,2026-06-13,2026-06-22,2026-06-22,467,454,0.9731,0,True,Ambient,Complete
PO003577,2026-06-15,ST008,SUP011,2026-06-13,2026-06-20,2026-06-20,299,256,0.8553,0,True,Ambient,Short
PO003578,2026-06-15,ST008,SUP007,2026-06-13,2026-06-18,2026-06-18,203,189,0.9308,0,True,Chilled,Complete
PO003579,2026-06-15,ST008,SUP006,2026-06-13,2026-06-19,2026-06-19,174,171,0.9817,0,True,Ambient,Complete
PO003580,2026-06-15,ST008,SUP003,2026-06-13,2026-06-19,2026-06-19,465,393,0.8449,0,True,Ambient,Short
PO003581,2026-06-15,ST008,SUP004,2026-06-13,2026-06-20,2026-06-20,410,402,0.9816,0,True,Ambient,Complete
PO003582,2026-06-15,ST008,SUP009,2026-06-13,2026-06-19,2026-06-19,390,390,1.0,0,True,Ambient,Complete
PO003583,2026-06-15,ST009,SUP001,2026-06-13,2026-06-19,2026-06-21,174,174,1.0,2,False,Ambient,Late
PO003584,2026-06-15,ST009,SUP012,2026-06-13,2026-06-19,2026-06-19,365,365,1.0,0,True,Ambient,Complete
PO003585,2026-06-15,ST009,SUP011,2026-06-13,2026-06-20,2026-06-20,204,189,0.9269,0,True,Ambient,Complete
PO003586,2026-06-15,ST009,SUP002,2026-06-13,2026-06-18,2026-06-18,330,302,0.9165,0,True,Chilled,Complete
PO003587,2026-06-15,ST009,SUP007,2026-06-13,2026-06-18,2026-06-18,388,350,0.901,0,True,Chilled,Complete
PO003588,2026-06-15,ST009,SUP006,2026-06-13,2026-06-19,2026-06-19,170,160,0.9436,0,True,Ambient,Complete
PO003589,2026-06-15,ST009,SUP003,2026-06-13,2026-06-19,2026-06-19,320,300,0.9371,0,True,Ambient,Complete
PO003590,2026-06-15,ST009,SUP004,2026-06-13,2026-06-20,2026-06-20,223,208,0.9344,0,True,Ambient,Complete
PO003591,2026-06-15,ST009,SUP010,2026-06-13,2026-06-21,2026-06-21,285,264,0.9276,0,True,Ambient,Complete
PO003592,2026-06-15,ST009,SUP005,2026-06-13,2026-06-20,2026-06-20,286,268,0.9366,0,True,Ambient,Complete
PO003593,2026-06-15,ST009,SUP009,2026-06-13,2026-06-19,2026-06-19,233,233,1.0,0,True,Ambient,Complete
PO003594,2026-06-15,ST010,SUP012,2026-06-13,2026-06-19,2026-06-19,314,275,0.8742,0,True,Ambient,Short
PO003595,2026-06-15,ST010,SUP002,2026-06-13,2026-06-18,2026-06-18,450,412,0.9159,0,True,Chilled,Complete
PO003596,2026-06-15,ST010,SUP004,2026-06-13,2026-06-20,2026-06-20,264,257,0.9746,0,True,Ambient,Complete
PO003597,2026-06-15,ST010,SUP010,2026-06-13,2026-06-21,2026-06-21,430,415,0.9642,0,True,Ambient,Complete
PO003598,2026-06-15,ST010,SUP009,2026-06-13,2026-06-19,2026-06-19,454,452,0.9965,0,True,Ambient,Complete
PO003599,2026-06-15,ST011,SUP008,2026-06-13,2026-06-22,2026-06-22,264,244,0.9227,0,True,Ambient,Complete
PO003600,2026-06-15,ST011,SUP012,2026-06-13,2026-06-19,2026-06-19,145,132,0.9084,0,True,Ambient,Complete
PO003601,2026-06-15,ST011,SUP007,2026-06-13,2026-06-18,2026-06-18,359,337,0.9397,0,True,Chilled,Complete
PO003602,2026-06-15,ST011,SUP006,2026-06-13,2026-06-19,2026-06-19,404,378,0.9352,0,True,Ambient,Complete
PO003603,2026-06-15,ST012,SUP012,2026-06-13,2026-06-19,2026-06-19,289,256,0.8853,0,True,Ambient,Short
PO003604,2026-06-15,ST012,SUP002,2026-06-13,2026-06-18,2026-06-18,436,405,0.9283,0,True,Chilled,Complete
PO003605,2026-06-15,ST012,SUP004,2026-06-13,2026-06-20,2026-06-20,317,300,0.9465,0,True,Ambient,Complete
PO003606,2026-06-15,ST012,SUP010,2026-06-13,2026-06-21,2026-06-21,145,137,0.9459,0,True,Ambient,Complete
PO003607,2026-06-15,ST012,SUP005,2026-06-13,2026-06-20,2026-06-20,206,201,0.9767,0,True,Ambient,Complete
PO003608,2026-06-15,ST013,SUP008,2026-06-13,2026-06-22,2026-06-22,305,282,0.9246,0,True,Ambient,Complete
PO003609,2026-06-15,ST013,SUP011,2026-06-13,2026-06-20,2026-06-21,127,111,0.8715,1,False,Ambient,Late / short
PO003610,2026-06-15,ST013,SUP003,2026-06-13,2026-06-19,2026-06-19,345,345,1.0,0,True,Ambient,Complete
PO003611,2026-06-15,ST013,SUP004,2026-06-13,2026-06-20,2026-06-20,339,324,0.957,0,True,Ambient,Complete
PO003612,2026-06-15,ST013,SUP010,2026-06-13,2026-06-21,2026-06-22,288,249,0.864,1,False,Ambient,Late / short
PO003613,2026-06-15,ST013,SUP005,2026-06-13,2026-06-20,2026-06-20,322,311,0.9663,0,True,Ambient,Complete
PO003614,2026-06-15,ST014,SUP001,2026-06-13,2026-06-19,2026-06-19,266,250,0.9411,0,True,Ambient,Complete
PO003615,2026-06-15,ST014,SUP008,2026-06-13,2026-06-22,2026-06-22,283,264,0.9332,0,True,Ambient,Complete
PO003616,2026-06-15,ST014,SUP007,2026-06-13,2026-06-18,2026-06-18,253,228,0.8999,0,True,Chilled,Short
PO003617,2026-06-15,ST014,SUP003,2026-06-13,2026-06-19,2026-06-19,210,210,1.0,0,True,Ambient,Complete
PO003618,2026-06-15,ST014,SUP010,2026-06-13,2026-06-21,2026-06-21,215,205,0.9517,0,True,Ambient,Complete
PO003619,2026-06-15,ST014,SUP005,2026-06-13,2026-06-20,2026-06-20,169,160,0.9479,0,True,Ambient,Complete
PO003620,2026-06-15,ST014,SUP009,2026-06-13,2026-06-19,2026-06-19,384,381,0.9933,0,True,Ambient,Complete
PO003621,2026-06-15,ST015,SUP012,2026-06-13,2026-06-19,2026-06-22,378,377,0.9985,3,False,Ambient,Late
PO003622,2026-06-15,ST015,SUP003,2026-06-13,2026-06-19,2026-06-19,356,335,0.9411,0,True,Ambient,Complete
PO003623,2026-06-15,ST015,SUP004,2026-06-13,2026-06-20,2026-06-20,208,197,0.9484,0,True,Ambient,Complete
PO003624,2026-06-15,ST015,SUP009,2026-06-13,2026-06-19,2026-06-19,352,326,0.9271,0,True,Ambient,Complete
PO003625,2026-06-15,ST016,SUP012,2026-06-13,2026-06-19,2026-06-19,392,374,0.9549,0,True,Ambient,Complete
PO003626,2026-06-15,ST016,SUP011,2026-06-13,2026-06-20,2026-06-20,385,382,0.9918,0,True,Ambient,Complete
PO003627,2026-06-15,ST016,SUP003,2026-06-13,2026-06-19,2026-06-19,216,211,0.9763,0,True,Ambient,Complete
PO003628,2026-06-15,ST016,SUP009,2026-06-13,2026-06-19,2026-06-19,369,362,0.9813,0,True,Ambient,Complete
PO003629,2026-06-15,ST017,SUP011,2026-06-13,2026-06-20,2026-06-20,176,167,0.9505,0,True,Ambient,Complete
PO003630,2026-06-15,ST017,SUP007,2026-06-13,2026-06-18,2026-06-18,230,211,0.9166,0,True,Chilled,Complete
PO003631,2026-06-15,ST018,SUP011,2026-06-13,2026-06-20,2026-06-20,132,124,0.9376,0,True,Ambient,Complete
PO003632,2026-06-15,ST018,SUP007,2026-06-13,2026-06-18,2026-06-18,181,162,0.8969,0,True,Chilled,Short
PO003633,2026-06-15,ST018,SUP006,2026-06-13,2026-06-19,2026-06-19,357,313,0.8779,0,True,Ambient,Short
PO003634,2026-06-15,ST018,SUP010,2026-06-13,2026-06-21,2026-06-21,148,139,0.937,0,True,Ambient,Complete
PO003635,2026-06-15,ST019,SUP008,2026-06-13,2026-06-22,2026-06-22,402,363,0.9038,0,True,Ambient,Complete
PO003636,2026-06-15,ST019,SUP012,2026-06-13,2026-06-19,2026-06-19,240,240,1.0,0,True,Ambient,Complete
PO003637,2026-06-15,ST019,SUP011,2026-06-13,2026-06-20,2026-06-20,322,322,1.0,0,True,Ambient,Complete
PO003638,2026-06-15,ST019,SUP002,2026-06-13,2026-06-18,2026-06-18,201,193,0.9614,0,True,Chilled,Complete
PO003639,2026-06-15,ST019,SUP006,2026-06-13,2026-06-19,2026-06-19,344,321,0.9332,0,True,Ambient,Complete
PO003640,2026-06-15,ST019,SUP003,2026-06-13,2026-06-19,2026-06-19,147,142,0.9683,0,True,Ambient,Complete
PO003641,2026-06-15,ST019,SUP004,2026-06-13,2026-06-20,2026-06-20,431,410,0.9514,0,True,Ambient,Complete
PO003642,2026-06-15,ST019,SUP005,2026-06-13,2026-06-20,2026-06-20,188,178,0.9486,0,True,Ambient,Complete
PO003643,2026-06-15,ST019,SUP009,2026-06-13,2026-06-19,2026-06-19,276,252,0.9119,0,True,Ambient,Complete
PO003644,2026-06-15,ST020,SUP008,2026-06-13,2026-06-22,2026-06-22,256,217,0.8468,0,True,Ambient,Short
PO003645,2026-06-15,ST020,SUP002,2026-06-13,2026-06-18,2026-06-18,350,297,0.8497,0,True,Chilled,Short
PO003646,2026-06-15,ST020,SUP006,2026-06-13,2026-06-19,2026-06-19,175,153,0.8756,0,True,Ambient,Short
PO003647,2026-06-15,ST020,SUP004,2026-06-13,2026-06-20,2026-06-20,156,155,0.9919,0,True,Ambient,Complete
PO003648,2026-06-15,ST020,SUP010,2026-06-13,2026-06-21,2026-06-21,105,100,0.9477,0,True,Ambient,Complete
PO003649,2026-06-15,ST021,SUP001,2026-06-13,2026-06-19,2026-06-19,476,450,0.9462,0,True,Ambient,Complete
PO003650,2026-06-15,ST021,SUP008,2026-06-13,2026-06-22,2026-06-22,470,455,0.9682,0,True,Ambient,Complete
PO003651,2026-06-15,ST021,SUP012,2026-06-13,2026-06-19,2026-06-19,316,300,0.9508,0,True,Ambient,Complete
PO003652,2026-06-15,ST021,SUP002,2026-06-13,2026-06-18,2026-06-18,322,292,0.9076,0,True,Chilled,Complete
PO003653,2026-06-15,ST021,SUP006,2026-06-13,2026-06-19,2026-06-19,209,189,0.9062,0,True,Ambient,Complete
PO003654,2026-06-15,ST021,SUP003,2026-06-13,2026-06-19,2026-06-19,212,211,0.9952,0,True,Ambient,Complete
PO003655,2026-06-15,ST021,SUP004,2026-06-13,2026-06-20,2026-06-20,191,167,0.876,0,True,Ambient,Short
PO003656,2026-06-15,ST021,SUP010,2026-06-13,2026-06-21,2026-06-21,469,436,0.9292,0,True,Ambient,Complete
PO003657,2026-06-15,ST021,SUP009,2026-06-13,2026-06-19,2026-06-19,477,439,0.9202,0,True,Ambient,Complete
PO003658,2026-06-15,ST022,SUP001,2026-06-13,2026-06-19,2026-06-19,277,264,0.9528,0,True,Ambient,Complete
PO003659,2026-06-15,ST022,SUP012,2026-06-13,2026-06-19,2026-06-19,433,433,1.0,0,True,Ambient,Complete
PO003660,2026-06-15,ST022,SUP002,2026-06-13,2026-06-18,2026-06-18,365,191,0.5235,0,True,Chilled,Short
PO003661,2026-06-15,ST022,SUP007,2026-06-13,2026-06-18,2026-06-18,269,258,0.9575,0,True,Chilled,Complete
PO003662,2026-06-15,ST022,SUP004,2026-06-13,2026-06-20,2026-06-20,348,327,0.9382,0,True,Ambient,Complete
PO003663,2026-06-15,ST022,SUP010,2026-06-13,2026-06-21,2026-06-21,206,200,0.9717,0,True,Ambient,Complete
PO003664,2026-06-15,ST022,SUP005,2026-06-13,2026-06-20,2026-06-20,277,261,0.943,0,True,Ambient,Complete
PO003665,2026-06-15,ST022,SUP009,2026-06-13,2026-06-19,2026-06-19,158,158,1.0,0,True,Ambient,Complete
PO003666,2026-06-15,ST023,SUP001,2026-06-13,2026-06-19,2026-06-19,326,320,0.9809,0,True,Ambient,Complete
PO003667,2026-06-15,ST023,SUP008,2026-06-13,2026-06-22,2026-06-22,342,298,0.8725,0,True,Ambient,Short
PO003668,2026-06-15,ST023,SUP012,2026-06-13,2026-06-19,2026-06-19,244,211,0.8634,0,True,Ambient,Short
PO003669,2026-06-15,ST023,SUP011,2026-06-13,2026-06-20,2026-06-20,120,113,0.94,0,True,Ambient,Complete
PO003670,2026-06-15,ST023,SUP002,2026-06-13,2026-06-18,2026-06-23,261,106,0.4072,5,False,Chilled,Late / short
PO003671,2026-06-15,ST023,SUP007,2026-06-13,2026-06-18,2026-06-18,206,200,0.9704,0,True,Chilled,Complete
PO003672,2026-06-15,ST023,SUP003,2026-06-13,2026-06-19,2026-06-19,109,93,0.8526,0,True,Ambient,Short
PO003673,2026-06-15,ST023,SUP004,2026-06-13,2026-06-20,2026-06-20,243,243,1.0,0,True,Ambient,Complete
PO003674,2026-06-15,ST023,SUP005,2026-06-13,2026-06-20,2026-06-22,178,157,0.8841,2,False,Ambient,Late / short
PO003675,2026-06-15,ST023,SUP009,2026-06-13,2026-06-19,2026-06-19,117,111,0.9524,0,True,Ambient,Complete
PO003676,2026-06-15,ST024,SUP008,2026-06-13,2026-06-22,2026-06-22,104,97,0.932,0,True,Ambient,Complete
PO003677,2026-06-15,ST024,SUP012,2026-06-13,2026-06-19,2026-06-19,287,269,0.9382,0,True,Ambient,Complete
PO003678,2026-06-15,ST024,SUP003,2026-06-13,2026-06-19,2026-06-19,156,156,1.0,0,True,Ambient,Complete
PO003679,2026-06-15,ST024,SUP010,2026-06-13,2026-06-21,2026-06-21,218,209,0.9578,0,True,Ambient,Complete
PO003680,2026-06-15,ST024,SUP005,2026-06-13,2026-06-20,2026-06-20,280,260,0.9286,0,True,Ambient,Complete
PO003681,2026-06-15,ST024,SUP009,2026-06-13,2026-06-19,2026-06-19,269,257,0.9536,0,True,Ambient,Complete
PO003682,2026-06-15,ST025,SUP001,2026-06-13,2026-06-19,2026-06-19,354,335,0.9474,0,True,Ambient,Complete
PO003683,2026-06-15,ST025,SUP012,2026-06-13,2026-06-19,2026-06-19,167,152,0.9104,0,True,Ambient,Complete
PO003684,2026-06-15,ST025,SUP011,2026-06-13,2026-06-20,2026-06-21,245,219,0.8922,1,False,Ambient,Late / short
PO003685,2026-06-15,ST025,SUP007,2026-06-13,2026-06-18,2026-06-18,152,137,0.8985,0,True,Chilled,Short
PO003686,2026-06-15,ST025,SUP006,2026-06-13,2026-06-19,2026-06-19,174,162,0.9332,0,True,Ambient,Complete
PO003687,2026-06-15,ST025,SUP003,2026-06-13,2026-06-19,2026-06-19,249,249,1.0,0,True,Ambient,Complete
PO003688,2026-06-15,ST025,SUP004,2026-06-13,2026-06-20,2026-06-20,276,267,0.9665,0,True,Ambient,Complete
PO003689,2026-06-15,ST025,SUP010,2026-06-13,2026-06-21,2026-06-21,406,406,1.0,0,True,Ambient,Complete
PO003690,2026-06-15,ST026,SUP012,2026-06-13,2026-06-19,2026-06-22,199,186,0.9329,3,False,Ambient,Late
PO003691,2026-06-15,ST026,SUP002,2026-06-13,2026-06-18,2026-06-21,248,115,0.4638,3,False,Chilled,Late / short
PO003692,2026-06-15,ST026,SUP007,2026-06-13,2026-06-18,2026-06-18,170,144,0.8471,0,True,Chilled,Short
PO003693,2026-06-15,ST026,SUP006,2026-06-13,2026-06-19,2026-06-19,251,239,0.9521,0,True,Ambient,Complete
PO003694,2026-06-15,ST026,SUP010,2026-06-13,2026-06-21,2026-06-21,274,250,0.912,0,True,Ambient,Complete
PO003695,2026-06-15,ST027,SUP012,2026-06-13,2026-06-19,2026-06-19,245,245,1.0,0,True,Ambient,Complete
PO003696,2026-06-15,ST027,SUP011,2026-06-13,2026-06-20,2026-06-23,288,241,0.8366,3,False,Ambient,Late / short
PO003697,2026-06-15,ST027,SUP007,2026-06-13,2026-06-18,2026-06-18,272,245,0.9023,0,True,Chilled,Complete
PO003698,2026-06-15,ST027,SUP004,2026-06-13,2026-06-20,2026-06-20,252,235,0.9309,0,True,Ambient,Complete
PO003699,2026-06-15,ST027,SUP010,2026-06-13,2026-06-21,2026-06-21,182,168,0.921,0,True,Ambient,Complete
PO003700,2026-06-15,ST027,SUP005,2026-06-13,2026-06-20,2026-06-20,234,212,0.9053,0,True,Ambient,Complete
PO003701,2026-06-15,ST027,SUP009,2026-06-13,2026-06-19,2026-06-19,247,244,0.989,0,True,Ambient,Complete
PO003702,2026-06-15,ST028,SUP001,2026-06-13,2026-06-19,2026-06-19,165,161,0.9752,0,True,Ambient,Complete
PO003703,2026-06-15,ST028,SUP008,2026-06-13,2026-06-22,2026-06-22,152,139,0.9171,0,True,Ambient,Complete
PO003704,2026-06-15,ST028,SUP012,2026-06-13,2026-06-19,2026-06-19,154,154,0.9972,0,True,Ambient,Complete
PO003705,2026-06-15,ST028,SUP011,2026-06-13,2026-06-20,2026-06-20,168,151,0.8983,0,True,Ambient,Short
PO003706,2026-06-15,ST028,SUP007,2026-06-13,2026-06-18,2026-06-18,263,256,0.9724,0,True,Chilled,Complete
PO003707,2026-06-15,ST028,SUP006,2026-06-13,2026-06-19,2026-06-19,166,155,0.9321,0,True,Ambient,Complete
PO003708,2026-06-15,ST028,SUP004,2026-06-13,2026-06-20,2026-06-20,267,236,0.8841,0,True,Ambient,Short
PO003709,2026-06-15,ST028,SUP010,2026-06-13,2026-06-21,2026-06-24,166,151,0.909,3,False,Ambient,Late
PO003710,2026-06-15,ST028,SUP005,2026-06-13,2026-06-20,2026-06-20,129,120,0.9269,0,True,Ambient,Complete
PO003711,2026-06-15,ST029,SUP001,2026-06-13,2026-06-19,2026-06-19,218,212,0.9704,0,True,Ambient,Complete
PO003712,2026-06-15,ST029,SUP012,2026-06-13,2026-06-19,2026-06-19,294,282,0.9589,0,True,Ambient,Complete
PO003713,2026-06-15,ST029,SUP011,2026-06-13,2026-06-20,2026-06-20,335,304,0.9079,0,True,Ambient,Complete
PO003714,2026-06-15,ST029,SUP003,2026-06-13,2026-06-19,2026-06-19,306,291,0.9494,0,True,Ambient,Complete
PO003715,2026-06-15,ST029,SUP004,2026-06-13,2026-06-20,2026-06-21,301,287,0.9546,1,False,Ambient,Late
PO003716,2026-06-15,ST029,SUP010,2026-06-13,2026-06-21,2026-06-21,349,304,0.8697,0,True,Ambient,Short
PO003717,2026-06-15,ST029,SUP005,2026-06-13,2026-06-20,2026-06-20,349,308,0.8824,0,True,Ambient,Short
PO003718,2026-06-15,ST030,SUP001,2026-06-13,2026-06-19,2026-06-19,135,135,0.9987,0,True,Ambient,Complete
PO003719,2026-06-15,ST030,SUP008,2026-06-13,2026-06-22,2026-06-22,341,314,0.9196,0,True,Ambient,Complete
PO003720,2026-06-15,ST030,SUP002,2026-06-13,2026-06-18,2026-06-18,395,180,0.4561,0,True,Chilled,Short
PO003721,2026-06-15,ST030,SUP007,2026-06-13,2026-06-18,2026-06-18,214,204,0.9542,0,True,Chilled,Complete
PO003722,2026-06-15,ST030,SUP004,2026-06-13,2026-06-20,2026-06-20,130,127,0.9806,0,True,Ambient,Complete
PO003723,2026-06-15,ST030,SUP005,2026-06-13,2026-06-20,2026-06-20,197,172,0.8718,0,True,Ambient,Short
PO003724,2026-06-15,ST031,SUP008,2026-06-13,2026-06-22,2026-06-22,88,65,0.7359,0,True,Ambient,Short
PO003725,2026-06-15,ST031,SUP012,2026-06-13,2026-06-19,2026-06-19,200,194,0.9711,0,True,Ambient,Complete
PO003726,2026-06-15,ST031,SUP011,2026-06-13,2026-06-20,2026-06-20,202,192,0.9502,0,True,Ambient,Complete
PO003727,2026-06-15,ST031,SUP006,2026-06-13,2026-06-19,2026-06-19,100,95,0.9548,0,True,Ambient,Complete
PO003728,2026-06-15,ST031,SUP003,2026-06-13,2026-06-19,2026-06-19,88,80,0.909,0,True,Ambient,Complete
PO003729,2026-06-15,ST031,SUP004,2026-06-13,2026-06-20,2026-06-20,102,90,0.8836,0,True,Ambient,Short
PO003730,2026-06-15,ST031,SUP010,2026-06-13,2026-06-21,2026-06-21,200,196,0.9811,0,True,Ambient,Complete
PO003731,2026-06-15,ST031,SUP009,2026-06-13,2026-06-19,2026-06-19,124,115,0.9248,0,True,Ambient,Complete
PO003732,2026-06-15,ST032,SUP008,2026-06-13,2026-06-22,2026-06-22,139,84,0.6056,0,True,Ambient,Short
PO003733,2026-06-15,ST032,SUP012,2026-06-13,2026-06-19,2026-06-19,93,91,0.9769,0,True,Ambient,Complete
PO003734,2026-06-15,ST032,SUP007,2026-06-13,2026-06-18,2026-06-18,300,288,0.9616,0,True,Chilled,Complete
PO003735,2026-06-15,ST032,SUP006,2026-06-13,2026-06-19,2026-06-19,316,316,1.0,0,True,Ambient,Complete
PO003736,2026-06-15,ST032,SUP003,2026-06-13,2026-06-19,2026-06-19,146,138,0.9484,0,True,Ambient,Complete
PO003737,2026-06-15,ST032,SUP004,2026-06-13,2026-06-20,2026-06-20,250,228,0.9127,0,True,Ambient,Complete
PO003738,2026-06-15,ST032,SUP010,2026-06-13,2026-06-21,2026-06-21,198,179,0.9044,0,True,Ambient,Complete
PO003739,2026-06-15,ST033,SUP008,2026-06-13,2026-06-22,2026-06-22,127,90,0.7114,0,True,Ambient,Short
PO003740,2026-06-15,ST033,SUP002,2026-06-13,2026-06-18,2026-06-20,197,112,0.5676,2,False,Chilled,Late / short
PO003741,2026-06-15,ST033,SUP005,2026-06-13,2026-06-20,2026-06-20,272,252,0.9263,0,True,Ambient,Complete
PO003742,2026-06-15,ST033,SUP009,2026-06-13,2026-06-19,2026-06-19,116,114,0.9848,0,True,Ambient,Complete
PO003743,2026-06-15,ST034,SUP002,2026-06-13,2026-06-18,2026-06-19,193,129,0.6708,1,False,Chilled,Late / short
PO003744,2026-06-15,ST034,SUP007,2026-06-13,2026-06-18,2026-06-18,167,162,0.9674,0,True,Chilled,Complete
PO003745,2026-06-15,ST034,SUP010,2026-06-13,2026-06-21,2026-06-21,256,230,0.9,0,True,Ambient,Short
PO003746,2026-06-15,ST034,SUP005,2026-06-13,2026-06-20,2026-06-20,133,118,0.8892,0,True,Ambient,Short
PO003747,2026-06-15,ST034,SUP009,2026-06-13,2026-06-19,2026-06-19,195,184,0.9446,0,True,Ambient,Complete
PO003748,2026-06-15,ST035,SUP001,2026-06-13,2026-06-19,2026-06-19,340,307,0.9033,0,True,Ambient,Complete
PO003749,2026-06-15,ST035,SUP008,2026-06-13,2026-06-22,2026-06-23,342,236,0.6907,1,False,Ambient,Late / short
PO003750,2026-06-15,ST035,SUP012,2026-06-13,2026-06-19,2026-06-19,308,289,0.9396,0,True,Ambient,Complete
PO003751,2026-06-15,ST035,SUP011,2026-06-13,2026-06-20,2026-06-20,125,125,1.0,0,True,Ambient,Complete
PO003752,2026-06-15,ST035,SUP006,2026-06-13,2026-06-19,2026-06-19,246,230,0.9357,0,True,Ambient,Complete
PO003753,2026-06-15,ST035,SUP004,2026-06-13,2026-06-20,2026-06-20,146,135,0.9278,0,True,Ambient,Complete
PO003754,2026-06-15,ST035,SUP005,2026-06-13,2026-06-20,2026-06-20,263,256,0.9742,0,True,Ambient,Complete
PO003755,2026-06-15,ST035,SUP009,2026-06-13,2026-06-19,2026-06-19,193,193,1.0,0,True,Ambient,Complete
PO003756,2026-06-15,ST036,SUP008,2026-06-13,2026-06-22,2026-06-22,308,220,0.7136,0,True,Ambient,Short
PO003757,2026-06-15,ST036,SUP007,2026-06-13,2026-06-18,2026-06-18,191,166,0.8713,0,True,Chilled,Short
PO003758,2026-06-15,ST036,SUP006,2026-06-13,2026-06-19,2026-06-19,224,214,0.9558,0,True,Ambient,Complete
PO003759,2026-06-15,ST036,SUP003,2026-06-13,2026-06-19,2026-06-19,137,133,0.9707,0,True,Ambient,Complete
PO003760,2026-06-15,ST036,SUP004,2026-06-13,2026-06-20,2026-06-21,108,106,0.9824,1,False,Ambient,Late
PO003761,2026-06-15,ST036,SUP010,2026-06-13,2026-06-21,2026-06-21,239,213,0.8925,0,True,Ambient,Short
PO003762,2026-06-15,ST036,SUP005,2026-06-13,2026-06-20,2026-06-20,183,173,0.9433,0,True,Ambient,Complete
PO003763,2026-06-22,ST001,SUP001,2026-06-20,2026-06-26,2026-06-26,263,263,1.0,0,True,Ambient,Complete
PO003764,2026-06-22,ST001,SUP008,2026-06-20,2026-06-29,2026-07-02,227,194,0.8555,3,False,Ambient,Late / short
PO003765,2026-06-22,ST001,SUP011,2026-06-20,2026-06-27,2026-06-27,309,291,0.9433,0,True,Ambient,Complete
PO003766,2026-06-22,ST001,SUP003,2026-06-20,2026-06-26,2026-06-26,246,240,0.9755,0,True,Ambient,Complete
PO003767,2026-06-22,ST001,SUP005,2026-06-20,2026-06-27,2026-06-27,379,359,0.9465,0,True,Ambient,Complete
PO003768,2026-06-22,ST002,SUP012,2026-06-20,2026-06-26,2026-06-26,458,429,0.9376,0,True,Ambient,Complete
PO003769,2026-06-22,ST002,SUP002,2026-06-20,2026-06-25,2026-06-25,172,163,0.9495,0,True,Chilled,Complete
PO003770,2026-06-22,ST002,SUP007,2026-06-20,2026-06-25,2026-06-25,308,301,0.9772,0,True,Chilled,Complete
PO003771,2026-06-22,ST002,SUP006,2026-06-20,2026-06-26,2026-06-29,234,228,0.9759,3,False,Ambient,Late
PO003772,2026-06-22,ST002,SUP010,2026-06-20,2026-06-28,2026-06-28,448,414,0.9248,0,True,Ambient,Complete
PO003773,2026-06-22,ST002,SUP005,2026-06-20,2026-06-27,2026-06-27,169,163,0.9652,0,True,Ambient,Complete
PO003774,2026-06-22,ST003,SUP007,2026-06-20,2026-06-25,2026-06-25,225,198,0.8787,0,True,Chilled,Short
PO003775,2026-06-22,ST003,SUP006,2026-06-20,2026-06-26,2026-06-26,442,390,0.8818,0,True,Ambient,Short
PO003776,2026-06-22,ST003,SUP004,2026-06-20,2026-06-27,2026-06-27,451,437,0.9686,0,True,Ambient,Complete
PO003777,2026-06-22,ST003,SUP005,2026-06-20,2026-06-27,2026-06-27,332,322,0.9693,0,True,Ambient,Complete
PO003778,2026-06-22,ST003,SUP009,2026-06-20,2026-06-26,2026-06-26,209,204,0.9759,0,True,Ambient,Complete
PO003779,2026-06-22,ST004,SUP001,2026-06-20,2026-06-26,2026-06-26,460,460,1.0,0,True,Ambient,Complete
PO003780,2026-06-22,ST004,SUP002,2026-06-20,2026-06-25,2026-06-25,455,402,0.8841,0,True,Chilled,Short
PO003781,2026-06-22,ST004,SUP009,2026-06-20,2026-06-26,2026-06-26,423,423,1.0,0,True,Ambient,Complete
PO003782,2026-06-22,ST005,SUP008,2026-06-20,2026-06-29,2026-06-29,215,203,0.9428,0,True,Ambient,Complete
PO003783,2026-06-22,ST005,SUP012,2026-06-20,2026-06-26,2026-06-26,168,168,0.9972,0,True,Ambient,Complete
PO003784,2026-06-22,ST005,SUP002,2026-06-20,2026-06-25,2026-06-25,484,464,0.9581,0,True,Chilled,Complete
PO003785,2026-06-22,ST005,SUP007,2026-06-20,2026-06-25,2026-06-25,402,388,0.9658,0,True,Chilled,Complete
PO003786,2026-06-22,ST005,SUP005,2026-06-20,2026-06-27,2026-06-27,256,246,0.9591,0,True,Ambient,Complete
PO003787,2026-06-22,ST006,SUP011,2026-06-20,2026-06-27,2026-06-27,512,476,0.93,0,True,Ambient,Complete
PO003788,2026-06-22,ST006,SUP006,2026-06-20,2026-06-26,2026-06-26,225,224,0.9941,0,True,Ambient,Complete
PO003789,2026-06-22,ST006,SUP004,2026-06-20,2026-06-27,2026-06-27,267,248,0.9282,0,True,Ambient,Complete
PO003790,2026-06-22,ST006,SUP010,2026-06-20,2026-06-28,2026-06-28,166,151,0.9076,0,True,Ambient,Complete
PO003791,2026-06-22,ST006,SUP009,2026-06-20,2026-06-26,2026-06-26,470,435,0.9264,0,True,Ambient,Complete
PO003792,2026-06-22,ST007,SUP001,2026-06-20,2026-06-26,2026-06-26,329,316,0.9602,0,True,Ambient,Complete
PO003793,2026-06-22,ST007,SUP011,2026-06-20,2026-06-27,2026-06-28,294,261,0.8886,1,False,Ambient,Late / short
PO003794,2026-06-22,ST007,SUP002,2026-06-20,2026-06-25,2026-06-25,526,481,0.914,0,True,Chilled,Complete
PO003795,2026-06-22,ST007,SUP003,2026-06-20,2026-06-26,2026-06-26,396,378,0.9537,0,True,Ambient,Complete
PO003796,2026-06-22,ST008,SUP001,2026-06-20,2026-06-26,2026-06-26,268,263,0.9827,0,True,Ambient,Complete
PO003797,2026-06-22,ST008,SUP012,2026-06-20,2026-06-26,2026-06-26,242,229,0.945,0,True,Ambient,Complete
PO003798,2026-06-22,ST008,SUP011,2026-06-20,2026-06-27,2026-06-30,422,385,0.9135,3,False,Ambient,Late
PO003799,2026-06-22,ST008,SUP002,2026-06-20,2026-06-25,2026-06-25,267,249,0.9314,0,True,Chilled,Complete
PO003800,2026-06-22,ST008,SUP007,2026-06-20,2026-06-25,2026-06-25,170,164,0.9645,0,True,Chilled,Complete
PO003801,2026-06-22,ST008,SUP006,2026-06-20,2026-06-26,2026-06-26,363,339,0.9345,0,True,Ambient,Complete
PO003802,2026-06-22,ST008,SUP004,2026-06-20,2026-06-27,2026-06-27,231,227,0.9844,0,True,Ambient,Complete
PO003803,2026-06-22,ST008,SUP010,2026-06-20,2026-06-28,2026-06-28,393,357,0.9071,0,True,Ambient,Complete
PO003804,2026-06-22,ST009,SUP001,2026-06-20,2026-06-26,2026-06-26,198,189,0.9555,0,True,Ambient,Complete
PO003805,2026-06-22,ST009,SUP012,2026-06-20,2026-06-26,2026-06-26,319,319,1.0,0,True,Ambient,Complete
PO003806,2026-06-22,ST009,SUP011,2026-06-20,2026-06-27,2026-06-27,183,181,0.988,0,True,Ambient,Complete
PO003807,2026-06-22,ST009,SUP002,2026-06-20,2026-06-25,2026-06-25,278,238,0.8573,0,True,Chilled,Short
PO003808,2026-06-22,ST009,SUP007,2026-06-20,2026-06-25,2026-06-25,237,229,0.9645,0,True,Chilled,Complete
PO003809,2026-06-22,ST009,SUP006,2026-06-20,2026-06-26,2026-06-26,380,361,0.9494,0,True,Ambient,Complete
PO003810,2026-06-22,ST009,SUP010,2026-06-20,2026-06-28,2026-06-29,205,194,0.9484,1,False,Ambient,Late
PO003811,2026-06-22,ST010,SUP012,2026-06-20,2026-06-26,2026-06-26,175,175,1.0,0,True,Ambient,Complete
PO003812,2026-06-22,ST010,SUP007,2026-06-20,2026-06-25,2026-06-25,246,231,0.9402,0,True,Chilled,Complete
PO003813,2026-06-22,ST010,SUP006,2026-06-20,2026-06-26,2026-06-26,474,472,0.9948,0,True,Ambient,Complete
PO003814,2026-06-22,ST010,SUP003,2026-06-20,2026-06-26,2026-06-26,278,254,0.9126,0,True,Ambient,Complete
PO003815,2026-06-22,ST010,SUP004,2026-06-20,2026-06-27,2026-06-29,339,339,1.0,2,False,Ambient,Late
PO003816,2026-06-22,ST010,SUP005,2026-06-20,2026-06-27,2026-06-27,457,438,0.9575,0,True,Ambient,Complete
PO003817,2026-06-22,ST011,SUP012,2026-06-20,2026-06-26,2026-06-26,165,163,0.9854,0,True,Ambient,Complete
PO003818,2026-06-22,ST011,SUP006,2026-06-20,2026-06-26,2026-06-26,210,194,0.9239,0,True,Ambient,Complete
PO003819,2026-06-22,ST011,SUP010,2026-06-20,2026-06-28,2026-06-28,189,172,0.9098,0,True,Ambient,Complete
PO003820,2026-06-22,ST011,SUP005,2026-06-20,2026-06-27,2026-06-30,323,315,0.9746,3,False,Ambient,Late
PO003821,2026-06-22,ST011,SUP009,2026-06-20,2026-06-26,2026-06-26,131,113,0.8622,0,True,Ambient,Short
PO003822,2026-06-22,ST012,SUP008,2026-06-20,2026-06-29,2026-06-29,146,138,0.9445,0,True,Ambient,Complete
PO003823,2026-06-22,ST012,SUP012,2026-06-20,2026-06-26,2026-06-26,221,221,1.0,0,True,Ambient,Complete
PO003824,2026-06-22,ST012,SUP002,2026-06-20,2026-06-25,2026-06-25,349,321,0.9202,0,True,Chilled,Complete
PO003825,2026-06-22,ST012,SUP006,2026-06-20,2026-06-26,2026-06-26,219,200,0.9129,0,True,Ambient,Complete
PO003826,2026-06-22,ST012,SUP005,2026-06-20,2026-06-27,2026-06-27,242,231,0.9553,0,True,Ambient,Complete
PO003827,2026-06-22,ST012,SUP009,2026-06-20,2026-06-26,2026-06-26,206,188,0.9134,0,True,Ambient,Complete
PO003828,2026-06-22,ST013,SUP001,2026-06-20,2026-06-26,2026-06-29,326,326,1.0,3,False,Ambient,Late
PO003829,2026-06-22,ST013,SUP011,2026-06-20,2026-06-27,2026-06-27,223,207,0.929,0,True,Ambient,Complete
PO003830,2026-06-22,ST013,SUP002,2026-06-20,2026-06-25,2026-06-25,345,292,0.846,0,True,Chilled,Short
PO003831,2026-06-22,ST013,SUP007,2026-06-20,2026-06-25,2026-06-25,262,243,0.9286,0,True,Chilled,Complete
PO003832,2026-06-22,ST013,SUP010,2026-06-20,2026-06-28,2026-06-28,198,184,0.9273,0,True,Ambient,Complete
PO003833,2026-06-22,ST013,SUP005,2026-06-20,2026-06-27,2026-06-27,302,274,0.9073,0,True,Ambient,Complete
PO003834,2026-06-22,ST014,SUP011,2026-06-20,2026-06-27,2026-06-27,152,134,0.8832,0,True,Ambient,Short
PO003835,2026-06-22,ST014,SUP002,2026-06-20,2026-06-25,2026-06-25,178,172,0.9673,0,True,Chilled,Complete
PO003836,2026-06-22,ST014,SUP006,2026-06-20,2026-06-26,2026-06-26,407,407,1.0,0,True,Ambient,Complete
PO003837,2026-06-22,ST015,SUP008,2026-06-20,2026-06-29,2026-06-29,326,317,0.9712,0,True,Ambient,Complete
PO003838,2026-06-22,ST015,SUP011,2026-06-20,2026-06-27,2026-06-27,149,142,0.9563,0,True,Ambient,Complete
PO003839,2026-06-22,ST015,SUP006,2026-06-20,2026-06-26,2026-06-26,211,186,0.8835,0,True,Ambient,Short
PO003840,2026-06-22,ST015,SUP003,2026-06-20,2026-06-26,2026-06-26,257,227,0.8848,0,True,Ambient,Short
PO003841,2026-06-22,ST015,SUP010,2026-06-20,2026-06-28,2026-06-28,365,325,0.8893,0,True,Ambient,Short
PO003842,2026-06-22,ST016,SUP001,2026-06-20,2026-06-26,2026-06-26,419,385,0.9181,0,True,Ambient,Complete
PO003843,2026-06-22,ST016,SUP008,2026-06-20,2026-06-29,2026-06-29,162,130,0.8021,0,True,Ambient,Short
PO003844,2026-06-22,ST016,SUP012,2026-06-20,2026-06-26,2026-06-26,484,426,0.8792,0,True,Ambient,Short
PO003845,2026-06-22,ST016,SUP011,2026-06-20,2026-06-27,2026-06-27,275,275,1.0,0,True,Ambient,Complete
PO003846,2026-06-22,ST016,SUP002,2026-06-20,2026-06-25,2026-06-25,286,257,0.8993,0,True,Chilled,Short
PO003847,2026-06-22,ST016,SUP009,2026-06-20,2026-06-26,2026-06-26,211,188,0.8907,0,True,Ambient,Short
PO003848,2026-06-22,ST017,SUP008,2026-06-20,2026-06-29,2026-06-29,294,274,0.9329,0,True,Ambient,Complete
PO003849,2026-06-22,ST017,SUP007,2026-06-20,2026-06-25,2026-06-25,294,280,0.9509,0,True,Chilled,Complete
PO003850,2026-06-22,ST017,SUP003,2026-06-20,2026-06-26,2026-06-26,126,126,1.0,0,True,Ambient,Complete
PO003851,2026-06-22,ST017,SUP009,2026-06-20,2026-06-26,2026-06-26,260,260,1.0,0,True,Ambient,Complete
PO003852,2026-06-22,ST018,SUP001,2026-06-20,2026-06-26,2026-06-26,258,247,0.9565,0,True,Ambient,Complete
PO003853,2026-06-22,ST018,SUP012,2026-06-20,2026-06-26,2026-06-26,218,218,1.0,0,True,Ambient,Complete
PO003854,2026-06-22,ST018,SUP011,2026-06-20,2026-06-27,2026-06-30,148,130,0.8813,3,False,Ambient,Late / short
PO003855,2026-06-22,ST018,SUP007,2026-06-20,2026-06-25,2026-06-25,356,340,0.9548,0,True,Chilled,Complete
PO003856,2026-06-22,ST018,SUP004,2026-06-20,2026-06-27,2026-06-27,259,236,0.9112,0,True,Ambient,Complete
PO003857,2026-06-22,ST019,SUP012,2026-06-20,2026-06-26,2026-06-26,401,399,0.996,0,True,Ambient,Complete
PO003858,2026-06-22,ST019,SUP002,2026-06-20,2026-06-25,2026-06-25,244,221,0.9039,0,True,Chilled,Complete
PO003859,2026-06-22,ST019,SUP006,2026-06-20,2026-06-26,2026-06-26,405,405,1.0,0,True,Ambient,Complete
PO003860,2026-06-22,ST019,SUP003,2026-06-20,2026-06-26,2026-06-26,291,269,0.9255,0,True,Ambient,Complete
PO003861,2026-06-22,ST019,SUP004,2026-06-20,2026-06-27,2026-06-27,158,153,0.9676,0,True,Ambient,Complete
PO003862,2026-06-22,ST019,SUP005,2026-06-20,2026-06-27,2026-06-27,348,340,0.9782,0,True,Ambient,Complete
PO003863,2026-06-22,ST019,SUP009,2026-06-20,2026-06-26,2026-06-29,167,162,0.9704,3,False,Ambient,Late
PO003864,2026-06-22,ST020,SUP001,2026-06-20,2026-06-26,2026-06-26,184,172,0.9354,0,True,Ambient,Complete
PO003865,2026-06-22,ST020,SUP008,2026-06-20,2026-06-29,2026-06-29,202,172,0.8536,0,True,Ambient,Short
PO003866,2026-06-22,ST020,SUP011,2026-06-20,2026-06-27,2026-06-27,249,210,0.8415,0,True,Ambient,Short
PO003867,2026-06-22,ST020,SUP002,2026-06-20,2026-06-25,2026-06-25,250,216,0.8655,0,True,Chilled,Short
PO003868,2026-06-22,ST020,SUP005,2026-06-20,2026-06-27,2026-06-27,255,255,0.9998,0,True,Ambient,Complete
PO003869,2026-06-22,ST020,SUP009,2026-06-20,2026-06-26,2026-06-26,186,186,1.0,0,True,Ambient,Complete
PO003870,2026-06-22,ST021,SUP011,2026-06-20,2026-06-27,2026-06-27,178,163,0.9163,0,True,Ambient,Complete
PO003871,2026-06-22,ST021,SUP002,2026-06-20,2026-06-25,2026-06-25,445,420,0.9448,0,True,Chilled,Complete
PO003872,2026-06-22,ST021,SUP007,2026-06-20,2026-06-25,2026-06-25,280,276,0.984,0,True,Chilled,Complete
PO003873,2026-06-22,ST021,SUP003,2026-06-20,2026-06-26,2026-06-26,285,281,0.9877,0,True,Ambient,Complete
PO003874,2026-06-22,ST021,SUP004,2026-06-20,2026-06-27,2026-06-27,222,198,0.8905,0,True,Ambient,Short
PO003875,2026-06-22,ST022,SUP008,2026-06-20,2026-06-29,2026-06-29,366,350,0.9567,0,True,Ambient,Complete
PO003876,2026-06-22,ST022,SUP012,2026-06-20,2026-06-26,2026-06-29,231,224,0.9711,3,False,Ambient,Late
PO003877,2026-06-22,ST022,SUP011,2026-06-20,2026-06-27,2026-06-27,431,420,0.9736,0,True,Ambient,Complete
PO003878,2026-06-22,ST022,SUP003,2026-06-20,2026-06-26,2026-06-26,425,420,0.9883,0,True,Ambient,Complete
PO003879,2026-06-22,ST022,SUP009,2026-06-20,2026-06-26,2026-06-26,238,233,0.9787,0,True,Ambient,Complete
PO003880,2026-06-22,ST023,SUP008,2026-06-20,2026-06-29,2026-06-29,166,140,0.845,0,True,Ambient,Short
PO003881,2026-06-22,ST023,SUP012,2026-06-20,2026-06-26,2026-06-26,370,340,0.9196,0,True,Ambient,Complete
PO003882,2026-06-22,ST023,SUP011,2026-06-20,2026-06-27,2026-06-27,119,116,0.9779,0,True,Ambient,Complete
PO003883,2026-06-22,ST023,SUP002,2026-06-20,2026-06-25,2026-06-30,207,93,0.4514,5,False,Chilled,Late / short
PO003884,2026-06-22,ST023,SUP007,2026-06-20,2026-06-25,2026-06-26,286,286,1.0,1,False,Chilled,Late
PO003885,2026-06-22,ST024,SUP001,2026-06-20,2026-06-26,2026-06-26,133,128,0.9591,0,True,Ambient,Complete
PO003886,2026-06-22,ST024,SUP008,2026-06-20,2026-06-29,2026-06-29,270,251,0.9286,0,True,Ambient,Complete
PO003887,2026-06-22,ST024,SUP012,2026-06-20,2026-06-26,2026-06-26,251,222,0.8847,0,True,Ambient,Short
PO003888,2026-06-22,ST024,SUP011,2026-06-20,2026-06-27,2026-06-27,248,248,1.0,0,True,Ambient,Complete
PO003889,2026-06-22,ST024,SUP006,2026-06-20,2026-06-26,2026-06-26,295,259,0.8787,0,True,Ambient,Short
PO003890,2026-06-22,ST024,SUP004,2026-06-20,2026-06-27,2026-06-27,303,280,0.9248,0,True,Ambient,Complete
PO003891,2026-06-22,ST024,SUP010,2026-06-20,2026-06-28,2026-06-28,102,85,0.8292,0,True,Ambient,Short
PO003892,2026-06-22,ST025,SUP001,2026-06-20,2026-06-26,2026-06-26,326,290,0.8883,0,True,Ambient,Short
PO003893,2026-06-22,ST025,SUP008,2026-06-20,2026-06-29,2026-06-29,398,351,0.8827,0,True,Ambient,Short
PO003894,2026-06-22,ST025,SUP011,2026-06-20,2026-06-27,2026-06-27,264,237,0.8991,0,True,Ambient,Short
PO003895,2026-06-22,ST025,SUP002,2026-06-20,2026-06-25,2026-06-29,322,137,0.4256,4,False,Chilled,Late / short
PO003896,2026-06-22,ST025,SUP007,2026-06-20,2026-06-25,2026-06-25,369,339,0.9183,0,True,Chilled,Complete
PO003897,2026-06-22,ST025,SUP006,2026-06-20,2026-06-26,2026-06-26,376,362,0.9623,0,True,Ambient,Complete
PO003898,2026-06-22,ST025,SUP003,2026-06-20,2026-06-26,2026-06-26,239,221,0.9251,0,True,Ambient,Complete
PO003899,2026-06-22,ST025,SUP009,2026-06-20,2026-06-26,2026-06-26,372,353,0.9483,0,True,Ambient,Complete
PO003900,2026-06-22,ST026,SUP012,2026-06-20,2026-06-26,2026-06-26,334,323,0.9665,0,True,Ambient,Complete
PO003901,2026-06-22,ST026,SUP011,2026-06-20,2026-06-27,2026-06-28,381,367,0.9628,1,False,Ambient,Late
PO003902,2026-06-22,ST026,SUP002,2026-06-20,2026-06-25,2026-06-27,269,148,0.5487,2,False,Chilled,Late / short
PO003903,2026-06-22,ST026,SUP006,2026-06-20,2026-06-26,2026-06-26,196,195,0.9948,0,True,Ambient,Complete
PO003904,2026-06-22,ST026,SUP010,2026-06-20,2026-06-28,2026-06-28,341,308,0.9021,0,True,Ambient,Complete
PO003905,2026-06-22,ST027,SUP001,2026-06-20,2026-06-26,2026-06-26,164,150,0.9135,0,True,Ambient,Complete
PO003906,2026-06-22,ST027,SUP011,2026-06-20,2026-06-27,2026-06-27,284,268,0.942,0,True,Ambient,Complete
PO003907,2026-06-22,ST027,SUP007,2026-06-20,2026-06-25,2026-06-25,121,110,0.9089,0,True,Chilled,Complete
PO003908,2026-06-22,ST027,SUP003,2026-06-20,2026-06-26,2026-06-26,129,129,1.0,0,True,Ambient,Complete
PO003909,2026-06-22,ST027,SUP004,2026-06-20,2026-06-27,2026-06-27,160,153,0.9573,0,True,Ambient,Complete
PO003910,2026-06-22,ST027,SUP010,2026-06-20,2026-06-28,2026-06-28,228,220,0.9651,0,True,Ambient,Complete
PO003911,2026-06-22,ST028,SUP008,2026-06-20,2026-06-29,2026-06-29,242,217,0.8977,0,True,Ambient,Short
PO003912,2026-06-22,ST028,SUP011,2026-06-20,2026-06-27,2026-06-27,279,235,0.8425,0,True,Ambient,Short
PO003913,2026-06-22,ST028,SUP007,2026-06-20,2026-06-25,2026-06-25,140,124,0.887,0,True,Chilled,Short
PO003914,2026-06-22,ST028,SUP004,2026-06-20,2026-06-27,2026-06-27,112,112,1.0,0,True,Ambient,Complete
PO003915,2026-06-22,ST028,SUP010,2026-06-20,2026-06-28,2026-06-28,223,202,0.908,0,True,Ambient,Complete
PO003916,2026-06-22,ST029,SUP001,2026-06-20,2026-06-26,2026-06-26,296,280,0.9461,0,True,Ambient,Complete
PO003917,2026-06-22,ST029,SUP011,2026-06-20,2026-06-27,2026-06-27,157,141,0.8998,0,True,Ambient,Short
PO003918,2026-06-22,ST029,SUP002,2026-06-20,2026-06-25,2026-06-25,128,81,0.6313,0,True,Chilled,Short
PO003919,2026-06-22,ST029,SUP006,2026-06-20,2026-06-26,2026-06-26,226,202,0.8955,0,True,Ambient,Short
PO003920,2026-06-22,ST029,SUP004,2026-06-20,2026-06-27,2026-06-28,276,271,0.9822,1,False,Ambient,Late
PO003921,2026-06-22,ST030,SUP011,2026-06-20,2026-06-27,2026-06-27,376,359,0.9544,0,True,Ambient,Complete
PO003922,2026-06-22,ST030,SUP007,2026-06-20,2026-06-25,2026-06-25,224,211,0.9401,0,True,Chilled,Complete
PO003923,2026-06-22,ST030,SUP006,2026-06-20,2026-06-26,2026-06-26,203,186,0.9163,0,True,Ambient,Complete
PO003924,2026-06-22,ST030,SUP009,2026-06-20,2026-06-26,2026-06-26,381,365,0.957,0,True,Ambient,Complete
PO003925,2026-06-22,ST031,SUP001,2026-06-20,2026-06-26,2026-06-26,99,96,0.969,0,True,Ambient,Complete
PO003926,2026-06-22,ST031,SUP008,2026-06-20,2026-06-29,2026-06-29,167,116,0.6917,0,True,Ambient,Short
PO003927,2026-06-22,ST031,SUP007,2026-06-20,2026-06-25,2026-06-25,263,238,0.9038,0,True,Chilled,Complete
PO003928,2026-06-22,ST031,SUP006,2026-06-20,2026-06-26,2026-06-26,144,142,0.985,0,True,Ambient,Complete
PO003929,2026-06-22,ST031,SUP003,2026-06-20,2026-06-26,2026-06-26,206,189,0.9174,0,True,Ambient,Complete
PO003930,2026-06-22,ST031,SUP009,2026-06-20,2026-06-26,2026-06-26,100,95,0.9474,0,True,Ambient,Complete
PO003931,2026-06-22,ST032,SUP001,2026-06-20,2026-06-26,2026-06-26,241,221,0.9152,0,True,Ambient,Complete
PO003932,2026-06-22,ST032,SUP008,2026-06-20,2026-06-29,2026-07-01,101,72,0.7124,2,False,Ambient,Late / short
PO003933,2026-06-22,ST032,SUP012,2026-06-20,2026-06-26,2026-06-26,238,229,0.9606,0,True,Ambient,Complete
PO003934,2026-06-22,ST032,SUP011,2026-06-20,2026-06-27,2026-06-27,204,183,0.8971,0,True,Ambient,Short
PO003935,2026-06-22,ST032,SUP002,2026-06-20,2026-06-25,2026-06-30,256,127,0.4958,5,False,Chilled,Late / short
PO003936,2026-06-22,ST032,SUP007,2026-06-20,2026-06-25,2026-06-27,300,277,0.9242,2,False,Chilled,Late
PO003937,2026-06-22,ST032,SUP006,2026-06-20,2026-06-26,2026-06-26,143,138,0.9628,0,True,Ambient,Complete
PO003938,2026-06-22,ST032,SUP003,2026-06-20,2026-06-26,2026-06-26,298,273,0.9158,0,True,Ambient,Complete
PO003939,2026-06-22,ST032,SUP004,2026-06-20,2026-06-27,2026-06-29,145,138,0.9539,2,False,Ambient,Late
PO003940,2026-06-22,ST032,SUP010,2026-06-20,2026-06-28,2026-06-28,242,211,0.8725,0,True,Ambient,Short
PO003941,2026-06-22,ST032,SUP005,2026-06-20,2026-06-27,2026-06-27,188,170,0.9054,0,True,Ambient,Complete
PO003942,2026-06-22,ST032,SUP009,2026-06-20,2026-06-26,2026-06-26,134,134,1.0,0,True,Ambient,Complete
PO003943,2026-06-22,ST033,SUP008,2026-06-20,2026-06-29,2026-06-29,184,126,0.6822,0,True,Ambient,Short
PO003944,2026-06-22,ST033,SUP011,2026-06-20,2026-06-27,2026-06-27,188,184,0.9812,0,True,Ambient,Complete
PO003945,2026-06-22,ST033,SUP002,2026-06-20,2026-06-25,2026-06-25,191,105,0.5522,0,True,Chilled,Short
PO003946,2026-06-22,ST033,SUP006,2026-06-20,2026-06-26,2026-06-26,261,255,0.9775,0,True,Ambient,Complete
PO003947,2026-06-22,ST033,SUP003,2026-06-20,2026-06-26,2026-06-26,208,194,0.9317,0,True,Ambient,Complete
PO003948,2026-06-22,ST033,SUP010,2026-06-20,2026-06-28,2026-06-28,139,129,0.9293,0,True,Ambient,Complete
PO003949,2026-06-22,ST033,SUP009,2026-06-20,2026-06-26,2026-06-26,145,145,1.0,0,True,Ambient,Complete
PO003950,2026-06-22,ST034,SUP008,2026-06-20,2026-06-29,2026-06-29,168,112,0.6674,0,True,Ambient,Short
PO003951,2026-06-22,ST034,SUP002,2026-06-20,2026-06-25,2026-06-29,240,93,0.3871,4,False,Chilled,Late / short
PO003952,2026-06-22,ST034,SUP007,2026-06-20,2026-06-25,2026-06-25,90,84,0.9335,0,True,Chilled,Complete
PO003953,2026-06-22,ST034,SUP006,2026-06-20,2026-06-26,2026-06-26,135,128,0.9478,0,True,Ambient,Complete
PO003954,2026-06-22,ST034,SUP003,2026-06-20,2026-06-26,2026-06-26,227,211,0.9304,0,True,Ambient,Complete
PO003955,2026-06-22,ST034,SUP010,2026-06-20,2026-06-28,2026-06-28,161,150,0.9311,0,True,Ambient,Complete
PO003956,2026-06-22,ST034,SUP005,2026-06-20,2026-06-27,2026-06-28,85,79,0.9335,1,False,Ambient,Late
PO003957,2026-06-22,ST034,SUP009,2026-06-20,2026-06-26,2026-06-26,106,106,1.0,0,True,Ambient,Complete
PO003958,2026-06-22,ST035,SUP001,2026-06-20,2026-06-26,2026-06-26,317,269,0.8481,0,True,Ambient,Short
PO003959,2026-06-22,ST035,SUP012,2026-06-20,2026-06-26,2026-06-26,337,333,0.9886,0,True,Ambient,Complete
PO003960,2026-06-22,ST035,SUP007,2026-06-20,2026-06-25,2026-06-25,344,330,0.9589,0,True,Chilled,Complete
PO003961,2026-06-22,ST035,SUP006,2026-06-20,2026-06-26,2026-06-26,163,163,1.0,0,True,Ambient,Complete
PO003962,2026-06-22,ST035,SUP004,2026-06-20,2026-06-27,2026-06-27,125,123,0.9877,0,True,Ambient,Complete
PO003963,2026-06-22,ST035,SUP010,2026-06-20,2026-06-28,2026-06-28,113,102,0.9026,0,True,Ambient,Complete
PO003964,2026-06-22,ST035,SUP005,2026-06-20,2026-06-27,2026-06-27,252,234,0.9287,0,True,Ambient,Complete
PO003965,2026-06-22,ST036,SUP001,2026-06-20,2026-06-26,2026-06-26,245,242,0.9874,0,True,Ambient,Complete
PO003966,2026-06-22,ST036,SUP008,2026-06-20,2026-06-29,2026-06-29,260,204,0.7853,0,True,Ambient,Short
PO003967,2026-06-22,ST036,SUP012,2026-06-20,2026-06-26,2026-06-26,229,210,0.917,0,True,Ambient,Complete
PO003968,2026-06-22,ST036,SUP002,2026-06-20,2026-06-25,2026-06-25,236,131,0.5565,0,True,Chilled,Short
PO003969,2026-06-22,ST036,SUP007,2026-06-20,2026-06-25,2026-06-25,202,188,0.9313,0,True,Chilled,Complete
PO003970,2026-06-22,ST036,SUP006,2026-06-20,2026-06-26,2026-06-26,195,185,0.9507,0,True,Ambient,Complete
PO003971,2026-06-22,ST036,SUP003,2026-06-20,2026-06-26,2026-06-26,249,249,1.0,0,True,Ambient,Complete
PO003972,2026-06-22,ST036,SUP005,2026-06-20,2026-06-27,2026-06-27,161,153,0.953,0,True,Ambient,Complete
PO003973,2026-06-22,ST036,SUP009,2026-06-20,2026-06-26,2026-06-26,209,188,0.899,0,True,Ambient,Short
PO003974,2026-06-29,ST001,SUP012,2026-06-27,2026-07-03,2026-07-03,120,120,1.0,0,True,Ambient,Complete
PO003975,2026-06-29,ST001,SUP011,2026-06-27,2026-07-04,2026-07-04,216,198,0.9167,0,True,Ambient,Complete
PO003976,2026-06-29,ST001,SUP007,2026-06-27,2026-07-02,2026-07-02,319,285,0.893,0,True,Chilled,Short
PO003977,2026-06-29,ST001,SUP006,2026-06-27,2026-07-03,2026-07-03,373,359,0.9613,0,True,Ambient,Complete
PO003978,2026-06-29,ST001,SUP004,2026-06-27,2026-07-04,2026-07-04,371,345,0.9312,0,True,Ambient,Complete
PO003979,2026-06-29,ST001,SUP009,2026-06-27,2026-07-03,2026-07-03,307,307,1.0,0,True,Ambient,Complete
PO003980,2026-06-29,ST002,SUP012,2026-06-27,2026-07-03,2026-07-03,167,155,0.9256,0,True,Ambient,Complete
PO003981,2026-06-29,ST002,SUP006,2026-06-27,2026-07-03,2026-07-03,353,321,0.9097,0,True,Ambient,Complete
PO003982,2026-06-29,ST002,SUP003,2026-06-27,2026-07-03,2026-07-03,292,279,0.9553,0,True,Ambient,Complete
PO003983,2026-06-29,ST002,SUP005,2026-06-27,2026-07-04,2026-07-04,377,348,0.9233,0,True,Ambient,Complete
PO003984,2026-06-29,ST002,SUP009,2026-06-27,2026-07-03,2026-07-03,266,250,0.9393,0,True,Ambient,Complete
PO003985,2026-06-29,ST003,SUP008,2026-06-27,2026-07-06,2026-07-06,259,249,0.9618,0,True,Ambient,Complete
PO003986,2026-06-29,ST003,SUP012,2026-06-27,2026-07-03,2026-07-03,444,442,0.9949,0,True,Ambient,Complete
PO003987,2026-06-29,ST003,SUP011,2026-06-27,2026-07-04,2026-07-04,235,230,0.9787,0,True,Ambient,Complete
PO003988,2026-06-29,ST003,SUP002,2026-06-27,2026-07-02,2026-07-03,338,312,0.9229,1,False,Chilled,Late
PO003989,2026-06-29,ST003,SUP007,2026-06-27,2026-07-02,2026-07-02,214,190,0.8899,0,True,Chilled,Short
PO003990,2026-06-29,ST003,SUP003,2026-06-27,2026-07-03,2026-07-03,160,157,0.9821,0,True,Ambient,Complete
PO003991,2026-06-29,ST003,SUP009,2026-06-27,2026-07-03,2026-07-03,344,324,0.9419,0,True,Ambient,Complete
PO003992,2026-06-29,ST004,SUP001,2026-06-27,2026-07-03,2026-07-03,432,397,0.9181,0,True,Ambient,Complete
PO003993,2026-06-29,ST004,SUP008,2026-06-27,2026-07-06,2026-07-06,159,154,0.9687,0,True,Ambient,Complete
PO003994,2026-06-29,ST004,SUP012,2026-06-27,2026-07-03,2026-07-03,361,331,0.9157,0,True,Ambient,Complete
PO003995,2026-06-29,ST004,SUP004,2026-06-27,2026-07-04,2026-07-04,512,476,0.9304,0,True,Ambient,Complete
PO003996,2026-06-29,ST004,SUP010,2026-06-27,2026-07-05,2026-07-05,341,323,0.9474,0,True,Ambient,Complete
PO003997,2026-06-29,ST004,SUP005,2026-06-27,2026-07-04,2026-07-04,426,380,0.8909,0,True,Ambient,Short
PO003998,2026-06-29,ST004,SUP009,2026-06-27,2026-07-03,2026-07-06,254,249,0.9807,3,False,Ambient,Late
PO003999,2026-06-29,ST005,SUP002,2026-06-27,2026-07-02,2026-07-02,222,217,0.9791,0,True,Chilled,Complete
PO004000,2026-06-29,ST005,SUP007,2026-06-27,2026-07-02,2026-07-02,484,433,0.8952,0,True,Chilled,Short
PO004001,2026-06-29,ST005,SUP003,2026-06-27,2026-07-03,2026-07-03,189,186,0.9842,0,True,Ambient,Complete
PO004002,2026-06-29,ST005,SUP004,2026-06-27,2026-07-04,2026-07-04,318,298,0.9357,0,True,Ambient,Complete
PO004003,2026-06-29,ST005,SUP005,2026-06-27,2026-07-04,2026-07-04,203,193,0.9523,0,True,Ambient,Complete
PO004004,2026-06-29,ST006,SUP001,2026-06-27,2026-07-03,2026-07-03,378,378,1.0,0,True,Ambient,Complete
PO004005,2026-06-29,ST006,SUP008,2026-06-27,2026-07-06,2026-07-06,193,167,0.8639,0,True,Ambient,Short
PO004006,2026-06-29,ST006,SUP012,2026-06-27,2026-07-03,2026-07-03,360,347,0.9645,0,True,Ambient,Complete
PO004007,2026-06-29,ST006,SUP011,2026-06-27,2026-07-04,2026-07-06,245,218,0.8888,2,False,Ambient,Late / short
PO004008,2026-06-29,ST006,SUP002,2026-06-27,2026-07-02,2026-07-02,399,354,0.887,0,True,Chilled,Short
PO004009,2026-06-29,ST006,SUP007,2026-06-27,2026-07-02,2026-07-02,259,240,0.9274,0,True,Chilled,Complete
PO004010,2026-06-29,ST006,SUP004,2026-06-27,2026-07-04,2026-07-04,339,319,0.9399,0,True,Ambient,Complete
PO004011,2026-06-29,ST006,SUP010,2026-06-27,2026-07-05,2026-07-05,504,458,0.9088,0,True,Ambient,Complete
PO004012,2026-06-29,ST006,SUP005,2026-06-27,2026-07-04,2026-07-04,439,416,0.9467,0,True,Ambient,Complete
PO004013,2026-06-29,ST007,SUP012,2026-06-27,2026-07-03,2026-07-03,314,293,0.9327,0,True,Ambient,Complete
PO004014,2026-06-29,ST007,SUP011,2026-06-27,2026-07-04,2026-07-04,246,228,0.9253,0,True,Ambient,Complete
PO004015,2026-06-29,ST007,SUP002,2026-06-27,2026-07-02,2026-07-02,532,520,0.9767,0,True,Chilled,Complete
PO004016,2026-06-29,ST007,SUP007,2026-06-27,2026-07-02,2026-07-02,360,321,0.8927,0,True,Chilled,Short
PO004017,2026-06-29,ST007,SUP006,2026-06-27,2026-07-03,2026-07-03,280,260,0.9297,0,True,Ambient,Complete
PO004018,2026-06-29,ST007,SUP003,2026-06-27,2026-07-03,2026-07-03,383,383,0.9996,0,True,Ambient,Complete
PO004019,2026-06-29,ST007,SUP009,2026-06-27,2026-07-03,2026-07-03,460,418,0.9083,0,True,Ambient,Complete
PO004020,2026-06-29,ST008,SUP001,2026-06-27,2026-07-03,2026-07-03,370,353,0.9548,0,True,Ambient,Complete
PO004021,2026-06-29,ST008,SUP008,2026-06-27,2026-07-06,2026-07-06,333,254,0.7638,0,True,Ambient,Short
PO004022,2026-06-29,ST008,SUP012,2026-06-27,2026-07-03,2026-07-03,194,174,0.8972,0,True,Ambient,Short
PO004023,2026-06-29,ST008,SUP007,2026-06-27,2026-07-02,2026-07-02,483,460,0.9532,0,True,Chilled,Complete
PO004024,2026-06-29,ST008,SUP006,2026-06-27,2026-07-03,2026-07-05,212,212,1.0,2,False,Ambient,Late
PO004025,2026-06-29,ST008,SUP004,2026-06-27,2026-07-04,2026-07-04,259,254,0.9805,0,True,Ambient,Complete
PO004026,2026-06-29,ST008,SUP009,2026-06-27,2026-07-03,2026-07-03,429,424,0.9878,0,True,Ambient,Complete
PO004027,2026-06-29,ST009,SUP008,2026-06-27,2026-07-06,2026-07-06,144,136,0.9432,0,True,Ambient,Complete
PO004028,2026-06-29,ST009,SUP012,2026-06-27,2026-07-03,2026-07-03,404,377,0.9326,0,True,Ambient,Complete
PO004029,2026-06-29,ST009,SUP006,2026-06-27,2026-07-03,2026-07-03,224,211,0.9398,0,True,Ambient,Complete
PO004030,2026-06-29,ST009,SUP003,2026-06-27,2026-07-03,2026-07-03,170,153,0.9027,0,True,Ambient,Complete
PO004031,2026-06-29,ST009,SUP010,2026-06-27,2026-07-05,2026-07-05,329,313,0.9518,0,True,Ambient,Complete
PO004032,2026-06-29,ST009,SUP005,2026-06-27,2026-07-04,2026-07-04,413,392,0.9488,0,True,Ambient,Complete
PO004033,2026-06-29,ST010,SUP012,2026-06-27,2026-07-03,2026-07-03,334,307,0.9196,0,True,Ambient,Complete
PO004034,2026-06-29,ST010,SUP011,2026-06-27,2026-07-04,2026-07-04,325,311,0.9583,0,True,Ambient,Complete
PO004035,2026-06-29,ST010,SUP002,2026-06-27,2026-07-02,2026-07-02,165,150,0.9081,0,True,Chilled,Complete
PO004036,2026-06-29,ST010,SUP007,2026-06-27,2026-07-02,2026-07-02,169,158,0.9366,0,True,Chilled,Complete
PO004037,2026-06-29,ST010,SUP006,2026-06-27,2026-07-03,2026-07-03,303,296,0.976,0,True,Ambient,Complete
PO004038,2026-06-29,ST010,SUP003,2026-06-27,2026-07-03,2026-07-03,355,342,0.9647,0,True,Ambient,Complete
PO004039,2026-06-29,ST010,SUP004,2026-06-27,2026-07-04,2026-07-04,432,391,0.9051,0,True,Ambient,Complete
PO004040,2026-06-29,ST010,SUP009,2026-06-27,2026-07-03,2026-07-03,331,313,0.9471,0,True,Ambient,Complete
PO004041,2026-06-29,ST011,SUP001,2026-06-27,2026-07-03,2026-07-03,221,201,0.9082,0,True,Ambient,Complete
PO004042,2026-06-29,ST011,SUP008,2026-06-27,2026-07-06,2026-07-06,374,332,0.889,0,True,Ambient,Short
PO004043,2026-06-29,ST011,SUP006,2026-06-27,2026-07-03,2026-07-03,263,241,0.9161,0,True,Ambient,Complete
PO004044,2026-06-29,ST011,SUP004,2026-06-27,2026-07-04,2026-07-04,275,246,0.8949,0,True,Ambient,Short
PO004045,2026-06-29,ST012,SUP008,2026-06-27,2026-07-06,2026-07-06,272,223,0.8186,0,True,Ambient,Short
PO004046,2026-06-29,ST012,SUP011,2026-06-27,2026-07-04,2026-07-04,306,278,0.9098,0,True,Ambient,Complete
PO004047,2026-06-29,ST012,SUP007,2026-06-27,2026-07-02,2026-07-02,369,331,0.8982,0,True,Chilled,Short
PO004048,2026-06-29,ST012,SUP003,2026-06-27,2026-07-03,2026-07-03,439,404,0.9202,0,True,Ambient,Complete
PO004049,2026-06-29,ST012,SUP009,2026-06-27,2026-07-03,2026-07-03,428,419,0.9796,0,True,Ambient,Complete
PO004050,2026-06-29,ST013,SUP012,2026-06-27,2026-07-03,2026-07-03,120,115,0.9613,0,True,Ambient,Complete
PO004051,2026-06-29,ST013,SUP002,2026-06-27,2026-07-02,2026-07-02,360,307,0.8521,0,True,Chilled,Short
PO004052,2026-06-29,ST013,SUP007,2026-06-27,2026-07-02,2026-07-02,285,266,0.9326,0,True,Chilled,Complete
PO004053,2026-06-29,ST013,SUP006,2026-06-27,2026-07-03,2026-07-03,278,260,0.9337,0,True,Ambient,Complete
PO004054,2026-06-29,ST013,SUP003,2026-06-27,2026-07-03,2026-07-03,324,324,1.0,0,True,Ambient,Complete
PO004055,2026-06-29,ST014,SUP003,2026-06-27,2026-07-03,2026-07-03,182,180,0.9871,0,True,Ambient,Complete
PO004056,2026-06-29,ST014,SUP004,2026-06-27,2026-07-04,2026-07-04,354,319,0.9022,0,True,Ambient,Complete
PO004057,2026-06-29,ST014,SUP010,2026-06-27,2026-07-05,2026-07-05,196,182,0.9268,0,True,Ambient,Complete
PO004058,2026-06-29,ST015,SUP007,2026-06-27,2026-07-02,2026-07-02,164,162,0.9876,0,True,Chilled,Complete
PO004059,2026-06-29,ST015,SUP004,2026-06-27,2026-07-04,2026-07-04,183,176,0.9604,0,True,Ambient,Complete
PO004060,2026-06-29,ST015,SUP005,2026-06-27,2026-07-04,2026-07-07,155,141,0.9097,3,False,Ambient,Late
PO004061,2026-06-29,ST015,SUP009,2026-06-27,2026-07-03,2026-07-03,181,178,0.9833,0,True,Ambient,Complete
PO004062,2026-06-29,ST016,SUP008,2026-06-27,2026-07-06,2026-07-06,384,325,0.8456,0,True,Ambient,Short
PO004063,2026-06-29,ST016,SUP011,2026-06-27,2026-07-04,2026-07-06,397,375,0.9438,2,False,Ambient,Late
PO004064,2026-06-29,ST016,SUP002,2026-06-27,2026-07-02,2026-07-02,381,341,0.8943,0,True,Chilled,Short
PO004065,2026-06-29,ST016,SUP003,2026-06-27,2026-07-03,2026-07-03,273,254,0.929,0,True,Ambient,Complete
PO004066,2026-06-29,ST016,SUP004,2026-06-27,2026-07-04,2026-07-04,357,334,0.9347,0,True,Ambient,Complete
PO004067,2026-06-29,ST017,SUP001,2026-06-27,2026-07-03,2026-07-03,211,188,0.8908,0,True,Ambient,Short
PO004068,2026-06-29,ST017,SUP012,2026-06-27,2026-07-03,2026-07-03,150,149,0.9904,0,True,Ambient,Complete
PO004069,2026-06-29,ST017,SUP002,2026-06-27,2026-07-02,2026-07-02,224,206,0.9194,0,True,Chilled,Complete
PO004070,2026-06-29,ST017,SUP007,2026-06-27,2026-07-02,2026-07-02,143,131,0.9165,0,True,Chilled,Complete
PO004071,2026-06-29,ST017,SUP003,2026-06-27,2026-07-03,2026-07-03,224,222,0.9895,0,True,Ambient,Complete
PO004072,2026-06-29,ST017,SUP005,2026-06-27,2026-07-04,2026-07-04,314,313,0.9979,0,True,Ambient,Complete
PO004073,2026-06-29,ST017,SUP009,2026-06-27,2026-07-03,2026-07-03,132,132,1.0,0,True,Ambient,Complete
PO004074,2026-06-29,ST018,SUP001,2026-06-27,2026-07-03,2026-07-03,307,307,1.0,0,True,Ambient,Complete
PO004075,2026-06-29,ST018,SUP012,2026-06-27,2026-07-03,2026-07-03,159,144,0.9075,0,True,Ambient,Complete
PO004076,2026-06-29,ST018,SUP003,2026-06-27,2026-07-03,2026-07-03,178,176,0.9874,0,True,Ambient,Complete
PO004077,2026-06-29,ST018,SUP010,2026-06-27,2026-07-05,2026-07-07,266,253,0.9513,2,False,Ambient,Late
PO004078,2026-06-29,ST018,SUP005,2026-06-27,2026-07-04,2026-07-04,277,245,0.885,0,True,Ambient,Short
PO004079,2026-06-29,ST018,SUP009,2026-06-27,2026-07-03,2026-07-03,191,186,0.9715,0,True,Ambient,Complete
PO004080,2026-06-29,ST019,SUP012,2026-06-27,2026-07-03,2026-07-03,442,426,0.9648,0,True,Ambient,Complete
PO004081,2026-06-29,ST019,SUP011,2026-06-27,2026-07-04,2026-07-04,458,452,0.9871,0,True,Ambient,Complete
PO004082,2026-06-29,ST019,SUP007,2026-06-27,2026-07-02,2026-07-02,239,223,0.9319,0,True,Chilled,Complete
PO004083,2026-06-29,ST019,SUP006,2026-06-27,2026-07-03,2026-07-03,449,432,0.9629,0,True,Ambient,Complete
PO004084,2026-06-29,ST020,SUP001,2026-06-27,2026-07-03,2026-07-03,328,317,0.9673,0,True,Ambient,Complete
PO004085,2026-06-29,ST020,SUP012,2026-06-27,2026-07-03,2026-07-03,255,233,0.915,0,True,Ambient,Complete
PO004086,2026-06-29,ST020,SUP011,2026-06-27,2026-07-04,2026-07-04,192,181,0.9449,0,True,Ambient,Complete
PO004087,2026-06-29,ST020,SUP007,2026-06-27,2026-07-02,2026-07-04,351,314,0.8937,2,False,Chilled,Late / short
PO004088,2026-06-29,ST020,SUP005,2026-06-27,2026-07-04,2026-07-04,301,279,0.9253,0,True,Ambient,Complete
PO004089,2026-06-29,ST021,SUP012,2026-06-27,2026-07-03,2026-07-03,488,464,0.9509,0,True,Ambient,Complete
PO004090,2026-06-29,ST021,SUP002,2026-06-27,2026-07-02,2026-07-02,243,233,0.9604,0,True,Chilled,Complete
PO004091,2026-06-29,ST021,SUP006,2026-06-27,2026-07-03,2026-07-03,370,344,0.9295,0,True,Ambient,Complete
PO004092,2026-06-29,ST021,SUP004,2026-06-27,2026-07-04,2026-07-04,458,400,0.8744,0,True,Ambient,Short
PO004093,2026-06-29,ST021,SUP010,2026-06-27,2026-07-05,2026-07-05,176,164,0.9328,0,True,Ambient,Complete
PO004094,2026-06-29,ST021,SUP005,2026-06-27,2026-07-04,2026-07-04,467,440,0.9431,0,True,Ambient,Complete
PO004095,2026-06-29,ST021,SUP009,2026-06-27,2026-07-03,2026-07-03,396,376,0.9501,0,True,Ambient,Complete
PO004096,2026-06-29,ST022,SUP008,2026-06-27,2026-07-06,2026-07-06,225,211,0.9374,0,True,Ambient,Complete
PO004097,2026-06-29,ST022,SUP012,2026-06-27,2026-07-03,2026-07-03,290,279,0.9605,0,True,Ambient,Complete
PO004098,2026-06-29,ST022,SUP011,2026-06-27,2026-07-04,2026-07-04,328,314,0.958,0,True,Ambient,Complete
PO004099,2026-06-29,ST022,SUP002,2026-06-27,2026-07-02,2026-07-07,261,180,0.6895,5,False,Chilled,Late / short
PO004100,2026-06-29,ST022,SUP006,2026-06-27,2026-07-03,2026-07-03,373,369,0.9895,0,True,Ambient,Complete
PO004101,2026-06-29,ST022,SUP003,2026-06-27,2026-07-03,2026-07-03,209,205,0.983,0,True,Ambient,Complete
PO004102,2026-06-29,ST022,SUP004,2026-06-27,2026-07-04,2026-07-04,179,150,0.8355,0,True,Ambient,Short
PO004103,2026-06-29,ST023,SUP008,2026-06-27,2026-07-06,2026-07-06,236,215,0.9122,0,True,Ambient,Complete
PO004104,2026-06-29,ST023,SUP002,2026-06-27,2026-07-02,2026-07-06,312,176,0.565,4,False,Chilled,Late / short
PO004105,2026-06-29,ST023,SUP006,2026-06-27,2026-07-03,2026-07-03,307,291,0.9479,0,True,Ambient,Complete
PO004106,2026-06-29,ST023,SUP004,2026-06-27,2026-07-04,2026-07-04,279,275,0.9867,0,True,Ambient,Complete
PO004107,2026-06-29,ST023,SUP005,2026-06-27,2026-07-04,2026-07-04,239,234,0.9796,0,True,Ambient,Complete
PO004108,2026-06-29,ST023,SUP009,2026-06-27,2026-07-03,2026-07-03,337,337,0.9988,0,True,Ambient,Complete
PO004109,2026-06-29,ST024,SUP001,2026-06-27,2026-07-03,2026-07-03,304,273,0.8964,0,True,Ambient,Short
PO004110,2026-06-29,ST024,SUP008,2026-06-27,2026-07-06,2026-07-06,234,222,0.9484,0,True,Ambient,Complete
PO004111,2026-06-29,ST024,SUP011,2026-06-27,2026-07-04,2026-07-04,215,196,0.9106,0,True,Ambient,Complete
PO004112,2026-06-29,ST024,SUP002,2026-06-27,2026-07-02,2026-07-02,242,153,0.6309,0,True,Chilled,Short
PO004113,2026-06-29,ST024,SUP007,2026-06-27,2026-07-02,2026-07-02,127,114,0.8952,0,True,Chilled,Short
PO004114,2026-06-29,ST024,SUP006,2026-06-27,2026-07-03,2026-07-03,252,237,0.9415,0,True,Ambient,Complete
PO004115,2026-06-29,ST024,SUP003,2026-06-27,2026-07-03,2026-07-04,170,157,0.9215,1,False,Ambient,Late
PO004116,2026-06-29,ST024,SUP009,2026-06-27,2026-07-03,2026-07-03,159,154,0.9706,0,True,Ambient,Complete
PO004117,2026-06-29,ST025,SUP001,2026-06-27,2026-07-03,2026-07-03,156,151,0.9671,0,True,Ambient,Complete
PO004118,2026-06-29,ST025,SUP002,2026-06-27,2026-07-02,2026-07-06,185,121,0.6534,4,False,Chilled,Late / short
PO004119,2026-06-29,ST025,SUP006,2026-06-27,2026-07-03,2026-07-03,151,133,0.8837,0,True,Ambient,Short
PO004120,2026-06-29,ST025,SUP004,2026-06-27,2026-07-04,2026-07-04,301,297,0.9876,0,True,Ambient,Complete
PO004121,2026-06-29,ST025,SUP005,2026-06-27,2026-07-04,2026-07-04,211,188,0.8922,0,True,Ambient,Short
PO004122,2026-06-29,ST025,SUP009,2026-06-27,2026-07-03,2026-07-04,310,286,0.9215,1,False,Ambient,Late
PO004123,2026-06-29,ST026,SUP008,2026-06-27,2026-07-06,2026-07-06,337,324,0.9604,0,True,Ambient,Complete
PO004124,2026-06-29,ST026,SUP012,2026-06-27,2026-07-03,2026-07-03,118,108,0.9144,0,True,Ambient,Complete
PO004125,2026-06-29,ST026,SUP011,2026-06-27,2026-07-04,2026-07-05,271,265,0.9778,1,False,Ambient,Late
PO004126,2026-06-29,ST026,SUP006,2026-06-27,2026-07-03,2026-07-03,258,236,0.9152,0,True,Ambient,Complete
PO004127,2026-06-29,ST026,SUP004,2026-06-27,2026-07-04,2026-07-04,201,187,0.9318,0,True,Ambient,Complete
PO004128,2026-06-29,ST026,SUP010,2026-06-27,2026-07-05,2026-07-05,231,218,0.9437,0,True,Ambient,Complete
PO004129,2026-06-29,ST026,SUP005,2026-06-27,2026-07-04,2026-07-05,153,138,0.9016,1,False,Ambient,Late
PO004130,2026-06-29,ST026,SUP009,2026-06-27,2026-07-03,2026-07-03,171,162,0.9457,0,True,Ambient,Complete
PO004131,2026-06-29,ST027,SUP001,2026-06-27,2026-07-03,2026-07-04,320,301,0.9406,1,False,Ambient,Late
PO004132,2026-06-29,ST027,SUP008,2026-06-27,2026-07-06,2026-07-06,288,260,0.9029,0,True,Ambient,Complete
PO004133,2026-06-29,ST027,SUP011,2026-06-27,2026-07-04,2026-07-04,171,164,0.9617,0,True,Ambient,Complete
PO004134,2026-06-29,ST027,SUP007,2026-06-27,2026-07-02,2026-07-02,105,97,0.9197,0,True,Chilled,Complete
PO004135,2026-06-29,ST027,SUP006,2026-06-27,2026-07-03,2026-07-03,173,159,0.9169,0,True,Ambient,Complete
PO004136,2026-06-29,ST027,SUP003,2026-06-27,2026-07-03,2026-07-06,161,159,0.9869,3,False,Ambient,Late
PO004137,2026-06-29,ST027,SUP004,2026-06-27,2026-07-04,2026-07-04,297,273,0.9178,0,True,Ambient,Complete
PO004138,2026-06-29,ST027,SUP010,2026-06-27,2026-07-05,2026-07-07,117,117,0.9992,2,False,Ambient,Late
PO004139,2026-06-29,ST027,SUP009,2026-06-27,2026-07-03,2026-07-03,115,105,0.9159,0,True,Ambient,Complete
PO004140,2026-06-29,ST028,SUP001,2026-06-27,2026-07-03,2026-07-03,207,203,0.9796,0,True,Ambient,Complete
PO004141,2026-06-29,ST028,SUP008,2026-06-27,2026-07-06,2026-07-06,245,238,0.9703,0,True,Ambient,Complete
PO004142,2026-06-29,ST028,SUP007,2026-06-27,2026-07-02,2026-07-04,124,124,1.0,2,False,Chilled,Late
PO004143,2026-06-29,ST028,SUP004,2026-06-27,2026-07-04,2026-07-04,191,175,0.9163,0,True,Ambient,Complete
PO004144,2026-06-29,ST028,SUP010,2026-06-27,2026-07-05,2026-07-05,157,148,0.9448,0,True,Ambient,Complete
PO004145,2026-06-29,ST029,SUP001,2026-06-27,2026-07-03,2026-07-03,112,111,0.9952,0,True,Ambient,Complete
PO004146,2026-06-29,ST029,SUP011,2026-06-27,2026-07-04,2026-07-04,304,291,0.9565,0,True,Ambient,Complete
PO004147,2026-06-29,ST029,SUP002,2026-06-27,2026-07-02,2026-07-02,181,117,0.6484,0,True,Chilled,Short
PO004148,2026-06-29,ST029,SUP003,2026-06-27,2026-07-03,2026-07-03,298,298,0.9993,0,True,Ambient,Complete
PO004149,2026-06-29,ST029,SUP004,2026-06-27,2026-07-04,2026-07-04,239,239,1.0,0,True,Ambient,Complete
PO004150,2026-06-29,ST029,SUP010,2026-06-27,2026-07-05,2026-07-05,217,217,1.0,0,True,Ambient,Complete
PO004151,2026-06-29,ST029,SUP005,2026-06-27,2026-07-04,2026-07-04,212,198,0.9362,0,True,Ambient,Complete
PO004152,2026-06-29,ST030,SUP001,2026-06-27,2026-07-03,2026-07-03,126,121,0.9586,0,True,Ambient,Complete
PO004153,2026-06-29,ST030,SUP008,2026-06-27,2026-07-06,2026-07-06,379,371,0.978,0,True,Ambient,Complete
PO004154,2026-06-29,ST030,SUP007,2026-06-27,2026-07-02,2026-07-02,147,138,0.9358,0,True,Chilled,Complete
PO004155,2026-06-29,ST030,SUP010,2026-06-27,2026-07-05,2026-07-05,374,348,0.9301,0,True,Ambient,Complete
PO004156,2026-06-29,ST031,SUP001,2026-06-27,2026-07-03,2026-07-03,208,182,0.8766,0,True,Ambient,Short
PO004157,2026-06-29,ST031,SUP008,2026-06-27,2026-07-06,2026-07-09,214,160,0.7489,3,False,Ambient,Late / short
PO004158,2026-06-29,ST031,SUP011,2026-06-27,2026-07-04,2026-07-04,206,189,0.9153,0,True,Ambient,Complete
PO004159,2026-06-29,ST031,SUP002,2026-06-27,2026-07-02,2026-07-03,206,104,0.507,1,False,Chilled,Late / short
PO004160,2026-06-29,ST031,SUP010,2026-06-27,2026-07-05,2026-07-05,255,237,0.9286,0,True,Ambient,Complete
PO004161,2026-06-29,ST031,SUP005,2026-06-27,2026-07-04,2026-07-04,259,254,0.9794,0,True,Ambient,Complete
PO004162,2026-06-29,ST032,SUP012,2026-06-27,2026-07-03,2026-07-03,121,106,0.8751,0,True,Ambient,Short
PO004163,2026-06-29,ST032,SUP011,2026-06-27,2026-07-04,2026-07-04,162,153,0.9474,0,True,Ambient,Complete
PO004164,2026-06-29,ST032,SUP003,2026-06-27,2026-07-03,2026-07-03,247,229,0.926,0,True,Ambient,Complete
PO004165,2026-06-29,ST032,SUP004,2026-06-27,2026-07-04,2026-07-04,97,91,0.941,0,True,Ambient,Complete
PO004166,2026-06-29,ST032,SUP010,2026-06-27,2026-07-05,2026-07-05,186,174,0.9353,0,True,Ambient,Complete
PO004167,2026-06-29,ST032,SUP009,2026-06-27,2026-07-03,2026-07-03,292,292,1.0,0,True,Ambient,Complete
PO004168,2026-06-29,ST033,SUP008,2026-06-27,2026-07-06,2026-07-06,153,119,0.7796,0,True,Ambient,Short
PO004169,2026-06-29,ST033,SUP011,2026-06-27,2026-07-04,2026-07-04,217,198,0.9135,0,True,Ambient,Complete
PO004170,2026-06-29,ST033,SUP007,2026-06-27,2026-07-02,2026-07-02,170,154,0.9055,0,True,Chilled,Complete
PO004171,2026-06-29,ST033,SUP006,2026-06-27,2026-07-03,2026-07-03,283,274,0.9679,0,True,Ambient,Complete
PO004172,2026-06-29,ST034,SUP001,2026-06-27,2026-07-03,2026-07-03,93,89,0.9585,0,True,Ambient,Complete
PO004173,2026-06-29,ST034,SUP012,2026-06-27,2026-07-03,2026-07-03,171,149,0.8743,0,True,Ambient,Short
PO004174,2026-06-29,ST034,SUP011,2026-06-27,2026-07-04,2026-07-04,116,115,0.9882,0,True,Ambient,Complete
PO004175,2026-06-29,ST034,SUP002,2026-06-27,2026-07-02,2026-07-05,248,120,0.4822,3,False,Chilled,Late / short
PO004176,2026-06-29,ST034,SUP010,2026-06-27,2026-07-05,2026-07-05,216,192,0.8875,0,True,Ambient,Short
PO004177,2026-06-29,ST034,SUP005,2026-06-27,2026-07-04,2026-07-04,248,229,0.9224,0,True,Ambient,Complete
PO004178,2026-06-29,ST034,SUP009,2026-06-27,2026-07-03,2026-07-03,259,243,0.9378,0,True,Ambient,Complete
PO004179,2026-06-29,ST035,SUP001,2026-06-27,2026-07-03,2026-07-03,237,215,0.9056,0,True,Ambient,Complete
PO004180,2026-06-29,ST035,SUP012,2026-06-27,2026-07-03,2026-07-03,318,303,0.9534,0,True,Ambient,Complete
PO004181,2026-06-29,ST035,SUP011,2026-06-27,2026-07-04,2026-07-04,123,115,0.9343,0,True,Ambient,Complete
PO004182,2026-06-29,ST035,SUP006,2026-06-27,2026-07-03,2026-07-03,224,213,0.9495,0,True,Ambient,Complete
PO004183,2026-06-29,ST035,SUP004,2026-06-27,2026-07-04,2026-07-04,230,213,0.9275,0,True,Ambient,Complete
PO004184,2026-06-29,ST035,SUP005,2026-06-27,2026-07-04,2026-07-04,126,113,0.8991,0,True,Ambient,Short
PO004185,2026-06-29,ST035,SUP009,2026-06-27,2026-07-03,2026-07-03,156,156,1.0,0,True,Ambient,Complete
PO004186,2026-06-29,ST036,SUP001,2026-06-27,2026-07-03,2026-07-03,263,246,0.935,0,True,Ambient,Complete
PO004187,2026-06-29,ST036,SUP008,2026-06-27,2026-07-06,2026-07-07,148,98,0.6632,1,False,Ambient,Late / short
PO004188,2026-06-29,ST036,SUP012,2026-06-27,2026-07-03,2026-07-03,214,193,0.8996,0,True,Ambient,Short
PO004189,2026-06-29,ST036,SUP003,2026-06-27,2026-07-03,2026-07-03,303,293,0.9654,0,True,Ambient,Complete
PO004190,2026-06-29,ST036,SUP004,2026-06-27,2026-07-04,2026-07-04,202,181,0.8978,0,True,Ambient,Short
PO004191,2026-06-29,ST036,SUP005,2026-06-27,2026-07-04,2026-07-04,266,259,0.9719,0,True,Ambient,Complete
PO004192,2026-06-29,ST036,SUP009,2026-06-27,2026-07-03,2026-07-03,98,98,1.0,0,True,Ambient,Complete
PO004193,2026-07-06,ST001,SUP008,2026-07-04,2026-07-13,2026-07-14,213,187,0.8786,1,False,Ambient,Late / short
PO004194,2026-07-06,ST001,SUP011,2026-07-04,2026-07-11,2026-07-11,391,366,0.9359,0,True,Ambient,Complete
PO004195,2026-07-06,ST001,SUP004,2026-07-04,2026-07-11,2026-07-11,247,224,0.9049,0,True,Ambient,Complete
PO004196,2026-07-06,ST001,SUP010,2026-07-04,2026-07-12,2026-07-12,232,221,0.9547,0,True,Ambient,Complete
PO004197,2026-07-06,ST001,SUP005,2026-07-04,2026-07-11,2026-07-11,262,244,0.9324,0,True,Ambient,Complete
PO004198,2026-07-06,ST001,SUP009,2026-07-04,2026-07-10,2026-07-10,252,252,1.0,0,True,Ambient,Complete
PO004199,2026-07-06,ST002,SUP008,2026-07-04,2026-07-13,2026-07-13,495,399,0.8054,0,True,Ambient,Short
PO004200,2026-07-06,ST002,SUP012,2026-07-04,2026-07-10,2026-07-10,457,457,1.0,0,True,Ambient,Complete
PO004201,2026-07-06,ST002,SUP007,2026-07-04,2026-07-09,2026-07-11,411,390,0.9489,2,False,Chilled,Late
PO004202,2026-07-06,ST002,SUP006,2026-07-04,2026-07-10,2026-07-10,254,247,0.9744,0,True,Ambient,Complete
PO004203,2026-07-06,ST002,SUP004,2026-07-04,2026-07-11,2026-07-11,410,377,0.9201,0,True,Ambient,Complete
PO004204,2026-07-06,ST002,SUP005,2026-07-04,2026-07-11,2026-07-11,508,480,0.9444,0,True,Ambient,Complete
PO004205,2026-07-06,ST003,SUP001,2026-07-04,2026-07-10,2026-07-10,311,275,0.8835,0,True,Ambient,Short
PO004206,2026-07-06,ST003,SUP012,2026-07-04,2026-07-10,2026-07-10,312,306,0.9806,0,True,Ambient,Complete
PO004207,2026-07-06,ST003,SUP002,2026-07-04,2026-07-09,2026-07-09,179,154,0.8609,0,True,Chilled,Short
PO004208,2026-07-06,ST003,SUP007,2026-07-04,2026-07-09,2026-07-09,262,247,0.9431,0,True,Chilled,Complete
PO004209,2026-07-06,ST003,SUP006,2026-07-04,2026-07-10,2026-07-10,310,303,0.9778,0,True,Ambient,Complete
PO004210,2026-07-06,ST003,SUP003,2026-07-04,2026-07-10,2026-07-10,443,438,0.9882,0,True,Ambient,Complete
PO004211,2026-07-06,ST003,SUP005,2026-07-04,2026-07-11,2026-07-11,424,391,0.9211,0,True,Ambient,Complete
PO004212,2026-07-06,ST004,SUP001,2026-07-04,2026-07-10,2026-07-10,468,468,1.0,0,True,Ambient,Complete
PO004213,2026-07-06,ST004,SUP008,2026-07-04,2026-07-13,2026-07-13,241,205,0.8504,0,True,Ambient,Short
PO004214,2026-07-06,ST004,SUP012,2026-07-04,2026-07-10,2026-07-12,269,269,1.0,2,False,Ambient,Late
PO004215,2026-07-06,ST004,SUP011,2026-07-04,2026-07-11,2026-07-13,272,244,0.8978,2,False,Ambient,Late / short
PO004216,2026-07-06,ST004,SUP007,2026-07-04,2026-07-09,2026-07-09,324,279,0.8612,0,True,Chilled,Short
PO004217,2026-07-06,ST004,SUP003,2026-07-04,2026-07-10,2026-07-10,413,396,0.9587,0,True,Ambient,Complete
PO004218,2026-07-06,ST004,SUP004,2026-07-04,2026-07-11,2026-07-11,203,195,0.9626,0,True,Ambient,Complete
PO004219,2026-07-06,ST004,SUP009,2026-07-04,2026-07-10,2026-07-10,369,325,0.8806,0,True,Ambient,Short
PO004220,2026-07-06,ST005,SUP001,2026-07-04,2026-07-10,2026-07-10,246,225,0.9142,0,True,Ambient,Complete
PO004221,2026-07-06,ST005,SUP008,2026-07-04,2026-07-13,2026-07-16,312,309,0.9892,3,False,Ambient,Late
PO004222,2026-07-06,ST005,SUP012,2026-07-04,2026-07-10,2026-07-10,257,249,0.9695,0,True,Ambient,Complete
PO004223,2026-07-06,ST005,SUP003,2026-07-04,2026-07-10,2026-07-10,194,194,1.0,0,True,Ambient,Complete
PO004224,2026-07-06,ST005,SUP005,2026-07-04,2026-07-11,2026-07-11,297,263,0.8847,0,True,Ambient,Short
PO004225,2026-07-06,ST005,SUP009,2026-07-04,2026-07-10,2026-07-10,487,478,0.9817,0,True,Ambient,Complete
PO004226,2026-07-06,ST006,SUP011,2026-07-04,2026-07-11,2026-07-13,203,186,0.914,2,False,Ambient,Late
PO004227,2026-07-06,ST006,SUP006,2026-07-04,2026-07-10,2026-07-10,309,296,0.9581,0,True,Ambient,Complete
PO004228,2026-07-06,ST006,SUP004,2026-07-04,2026-07-11,2026-07-11,271,271,1.0,0,True,Ambient,Complete
PO004229,2026-07-06,ST007,SUP008,2026-07-04,2026-07-13,2026-07-13,296,270,0.9135,0,True,Ambient,Complete
PO004230,2026-07-06,ST007,SUP012,2026-07-04,2026-07-10,2026-07-10,433,433,1.0,0,True,Ambient,Complete
PO004231,2026-07-06,ST007,SUP002,2026-07-04,2026-07-09,2026-07-09,326,311,0.9526,0,True,Chilled,Complete
PO004232,2026-07-06,ST007,SUP006,2026-07-04,2026-07-10,2026-07-10,312,295,0.9441,0,True,Ambient,Complete
PO004233,2026-07-06,ST007,SUP003,2026-07-04,2026-07-10,2026-07-10,462,441,0.9539,0,True,Ambient,Complete
PO004234,2026-07-06,ST007,SUP004,2026-07-04,2026-07-11,2026-07-11,478,414,0.8659,0,True,Ambient,Short
PO004235,2026-07-06,ST007,SUP010,2026-07-04,2026-07-12,2026-07-12,212,196,0.9223,0,True,Ambient,Complete
PO004236,2026-07-06,ST007,SUP009,2026-07-04,2026-07-10,2026-07-10,338,334,0.9896,0,True,Ambient,Complete
PO004237,2026-07-06,ST008,SUP008,2026-07-04,2026-07-13,2026-07-13,501,455,0.9087,0,True,Ambient,Complete
PO004238,2026-07-06,ST008,SUP012,2026-07-04,2026-07-10,2026-07-10,392,382,0.974,0,True,Ambient,Complete
PO004239,2026-07-06,ST008,SUP004,2026-07-04,2026-07-11,2026-07-11,357,322,0.9017,0,True,Ambient,Complete
PO004240,2026-07-06,ST008,SUP009,2026-07-04,2026-07-10,2026-07-10,286,258,0.9031,0,True,Ambient,Complete
PO004241,2026-07-06,ST009,SUP001,2026-07-04,2026-07-10,2026-07-10,215,197,0.9168,0,True,Ambient,Complete
PO004242,2026-07-06,ST009,SUP003,2026-07-04,2026-07-10,2026-07-10,400,381,0.9516,0,True,Ambient,Complete
PO004243,2026-07-06,ST009,SUP004,2026-07-04,2026-07-11,2026-07-11,431,431,1.0,0,True,Ambient,Complete
PO004244,2026-07-06,ST009,SUP010,2026-07-04,2026-07-12,2026-07-12,142,132,0.9292,0,True,Ambient,Complete
PO004245,2026-07-06,ST009,SUP009,2026-07-04,2026-07-10,2026-07-10,220,211,0.9594,0,True,Ambient,Complete
PO004246,2026-07-06,ST010,SUP008,2026-07-04,2026-07-13,2026-07-13,393,343,0.8737,0,True,Ambient,Short
PO004247,2026-07-06,ST010,SUP011,2026-07-04,2026-07-11,2026-07-11,295,286,0.97,0,True,Ambient,Complete
PO004248,2026-07-06,ST010,SUP002,2026-07-04,2026-07-09,2026-07-09,429,411,0.9571,0,True,Chilled,Complete
PO004249,2026-07-06,ST010,SUP003,2026-07-04,2026-07-10,2026-07-10,306,306,1.0,0,True,Ambient,Complete
PO004250,2026-07-06,ST010,SUP004,2026-07-04,2026-07-11,2026-07-11,410,404,0.9855,0,True,Ambient,Complete
PO004251,2026-07-06,ST010,SUP010,2026-07-04,2026-07-12,2026-07-12,166,161,0.9695,0,True,Ambient,Complete
PO004252,2026-07-06,ST010,SUP005,2026-07-04,2026-07-11,2026-07-13,386,364,0.9418,2,False,Ambient,Late
PO004253,2026-07-06,ST011,SUP012,2026-07-04,2026-07-10,2026-07-10,269,248,0.9237,0,True,Ambient,Complete
PO004254,2026-07-06,ST011,SUP011,2026-07-04,2026-07-11,2026-07-11,135,134,0.9942,0,True,Ambient,Complete
PO004255,2026-07-06,ST011,SUP002,2026-07-04,2026-07-09,2026-07-09,275,242,0.8788,0,True,Chilled,Short
PO004256,2026-07-06,ST011,SUP006,2026-07-04,2026-07-10,2026-07-10,409,364,0.8902,0,True,Ambient,Short
PO004257,2026-07-06,ST011,SUP010,2026-07-04,2026-07-12,2026-07-12,384,353,0.9181,0,True,Ambient,Complete
PO004258,2026-07-06,ST011,SUP009,2026-07-04,2026-07-10,2026-07-10,135,130,0.9651,0,True,Ambient,Complete
PO004259,2026-07-06,ST012,SUP001,2026-07-04,2026-07-10,2026-07-10,279,258,0.9263,0,True,Ambient,Complete
PO004260,2026-07-06,ST012,SUP008,2026-07-04,2026-07-13,2026-07-13,344,297,0.864,0,True,Ambient,Short
PO004261,2026-07-06,ST012,SUP012,2026-07-04,2026-07-10,2026-07-10,354,308,0.8713,0,True,Ambient,Short
PO004262,2026-07-06,ST012,SUP007,2026-07-04,2026-07-09,2026-07-09,400,346,0.8648,0,True,Chilled,Short
PO004263,2026-07-06,ST012,SUP003,2026-07-04,2026-07-10,2026-07-10,346,309,0.8928,0,True,Ambient,Short
PO004264,2026-07-06,ST012,SUP004,2026-07-04,2026-07-11,2026-07-11,430,422,0.9809,0,True,Ambient,Complete
PO004265,2026-07-06,ST013,SUP011,2026-07-04,2026-07-11,2026-07-11,309,276,0.8942,0,True,Ambient,Short
PO004266,2026-07-06,ST013,SUP002,2026-07-04,2026-07-09,2026-07-09,318,298,0.9367,0,True,Chilled,Complete
PO004267,2026-07-06,ST013,SUP007,2026-07-04,2026-07-09,2026-07-09,345,338,0.9804,0,True,Chilled,Complete
PO004268,2026-07-06,ST013,SUP004,2026-07-04,2026-07-11,2026-07-11,256,244,0.9534,0,True,Ambient,Complete
PO004269,2026-07-06,ST013,SUP010,2026-07-04,2026-07-12,2026-07-12,118,109,0.9206,0,True,Ambient,Complete
PO004270,2026-07-06,ST013,SUP009,2026-07-04,2026-07-10,2026-07-10,178,178,1.0,0,True,Ambient,Complete
PO004271,2026-07-06,ST014,SUP001,2026-07-04,2026-07-10,2026-07-10,326,326,1.0,0,True,Ambient,Complete
PO004272,2026-07-06,ST014,SUP012,2026-07-04,2026-07-10,2026-07-10,197,197,0.998,0,True,Ambient,Complete
PO004273,2026-07-06,ST014,SUP007,2026-07-04,2026-07-09,2026-07-09,178,153,0.8617,0,True,Chilled,Short
PO004274,2026-07-06,ST014,SUP006,2026-07-04,2026-07-10,2026-07-10,345,312,0.9043,0,True,Ambient,Complete
PO004275,2026-07-06,ST014,SUP003,2026-07-04,2026-07-10,2026-07-10,378,369,0.9765,0,True,Ambient,Complete
PO004276,2026-07-06,ST014,SUP010,2026-07-04,2026-07-12,2026-07-12,152,139,0.9154,0,True,Ambient,Complete
PO004277,2026-07-06,ST014,SUP009,2026-07-04,2026-07-10,2026-07-10,260,227,0.8738,0,True,Ambient,Short
PO004278,2026-07-06,ST015,SUP001,2026-07-04,2026-07-10,2026-07-10,200,197,0.9852,0,True,Ambient,Complete
PO004279,2026-07-06,ST015,SUP008,2026-07-04,2026-07-13,2026-07-13,311,277,0.8905,0,True,Ambient,Short
PO004280,2026-07-06,ST015,SUP012,2026-07-04,2026-07-10,2026-07-10,218,206,0.9462,0,True,Ambient,Complete
PO004281,2026-07-06,ST015,SUP011,2026-07-04,2026-07-11,2026-07-11,296,290,0.9808,0,True,Ambient,Complete
PO004282,2026-07-06,ST015,SUP006,2026-07-04,2026-07-10,2026-07-10,207,207,1.0,0,True,Ambient,Complete
PO004283,2026-07-06,ST015,SUP004,2026-07-04,2026-07-11,2026-07-11,136,127,0.9307,0,True,Ambient,Complete
PO004284,2026-07-06,ST015,SUP005,2026-07-04,2026-07-11,2026-07-11,157,149,0.9484,0,True,Ambient,Complete
PO004285,2026-07-06,ST016,SUP001,2026-07-04,2026-07-10,2026-07-10,162,162,1.0,0,True,Ambient,Complete
PO004286,2026-07-06,ST016,SUP012,2026-07-04,2026-07-10,2026-07-10,394,360,0.9129,0,True,Ambient,Complete
PO004287,2026-07-06,ST016,SUP011,2026-07-04,2026-07-11,2026-07-11,254,239,0.9398,0,True,Ambient,Complete
PO004288,2026-07-06,ST016,SUP007,2026-07-04,2026-07-09,2026-07-09,233,207,0.8896,0,True,Chilled,Short
PO004289,2026-07-06,ST016,SUP004,2026-07-04,2026-07-11,2026-07-11,169,167,0.9886,0,True,Ambient,Complete
PO004290,2026-07-06,ST016,SUP010,2026-07-04,2026-07-12,2026-07-12,471,428,0.9086,0,True,Ambient,Complete
PO004291,2026-07-06,ST016,SUP005,2026-07-04,2026-07-11,2026-07-11,380,338,0.8885,0,True,Ambient,Short
PO004292,2026-07-06,ST017,SUP001,2026-07-04,2026-07-10,2026-07-10,166,146,0.8787,0,True,Ambient,Short
PO004293,2026-07-06,ST017,SUP008,2026-07-04,2026-07-13,2026-07-13,216,207,0.9566,0,True,Ambient,Complete
PO004294,2026-07-06,ST017,SUP012,2026-07-04,2026-07-10,2026-07-10,313,312,0.9983,0,True,Ambient,Complete
PO004295,2026-07-06,ST017,SUP002,2026-07-04,2026-07-09,2026-07-09,130,114,0.8785,0,True,Chilled,Short
PO004296,2026-07-06,ST017,SUP007,2026-07-04,2026-07-09,2026-07-09,124,122,0.9848,0,True,Chilled,Complete
PO004297,2026-07-06,ST017,SUP006,2026-07-04,2026-07-10,2026-07-10,257,257,1.0,0,True,Ambient,Complete
PO004298,2026-07-06,ST017,SUP003,2026-07-04,2026-07-10,2026-07-10,131,126,0.9643,0,True,Ambient,Complete
PO004299,2026-07-06,ST017,SUP004,2026-07-04,2026-07-11,2026-07-11,182,170,0.9319,0,True,Ambient,Complete
PO004300,2026-07-06,ST018,SUP001,2026-07-04,2026-07-10,2026-07-10,415,415,1.0,0,True,Ambient,Complete
PO004301,2026-07-06,ST018,SUP008,2026-07-04,2026-07-13,2026-07-16,308,282,0.9157,3,False,Ambient,Late
PO004302,2026-07-06,ST018,SUP012,2026-07-04,2026-07-10,2026-07-10,190,189,0.9932,0,True,Ambient,Complete
PO004303,2026-07-06,ST018,SUP011,2026-07-04,2026-07-11,2026-07-11,232,224,0.9641,0,True,Ambient,Complete
PO004304,2026-07-06,ST018,SUP007,2026-07-04,2026-07-09,2026-07-09,126,113,0.896,0,True,Chilled,Short
PO004305,2026-07-06,ST018,SUP004,2026-07-04,2026-07-11,2026-07-11,202,195,0.9659,0,True,Ambient,Complete
PO004306,2026-07-06,ST018,SUP010,2026-07-04,2026-07-12,2026-07-12,300,261,0.8714,0,True,Ambient,Short
PO004307,2026-07-06,ST018,SUP005,2026-07-04,2026-07-11,2026-07-11,272,256,0.9421,0,True,Ambient,Complete
PO004308,2026-07-06,ST019,SUP008,2026-07-04,2026-07-13,2026-07-16,253,245,0.97,3,False,Ambient,Late
PO004309,2026-07-06,ST019,SUP011,2026-07-04,2026-07-11,2026-07-11,186,169,0.9079,0,True,Ambient,Complete
PO004310,2026-07-06,ST019,SUP002,2026-07-04,2026-07-09,2026-07-09,363,326,0.8968,0,True,Chilled,Short
PO004311,2026-07-06,ST019,SUP004,2026-07-04,2026-07-11,2026-07-11,257,229,0.8893,0,True,Ambient,Short
PO004312,2026-07-06,ST019,SUP009,2026-07-04,2026-07-10,2026-07-10,159,159,1.0,0,True,Ambient,Complete
PO004313,2026-07-06,ST020,SUP007,2026-07-04,2026-07-09,2026-07-09,173,163,0.9447,0,True,Chilled,Complete
PO004314,2026-07-06,ST020,SUP003,2026-07-04,2026-07-10,2026-07-10,320,308,0.9613,0,True,Ambient,Complete
PO004315,2026-07-06,ST020,SUP004,2026-07-04,2026-07-11,2026-07-11,240,236,0.9853,0,True,Ambient,Complete
PO004316,2026-07-06,ST020,SUP009,2026-07-04,2026-07-10,2026-07-10,336,332,0.9884,0,True,Ambient,Complete
PO004317,2026-07-06,ST021,SUP001,2026-07-04,2026-07-10,2026-07-10,255,253,0.9917,0,True,Ambient,Complete
PO004318,2026-07-06,ST021,SUP006,2026-07-04,2026-07-10,2026-07-10,489,468,0.9562,0,True,Ambient,Complete
PO004319,2026-07-06,ST021,SUP003,2026-07-04,2026-07-10,2026-07-10,150,146,0.9715,0,True,Ambient,Complete
PO004320,2026-07-06,ST021,SUP010,2026-07-04,2026-07-12,2026-07-12,225,225,0.999,0,True,Ambient,Complete
PO004321,2026-07-06,ST021,SUP005,2026-07-04,2026-07-11,2026-07-11,383,340,0.8878,0,True,Ambient,Short
PO004322,2026-07-06,ST021,SUP009,2026-07-04,2026-07-10,2026-07-10,144,134,0.9326,0,True,Ambient,Complete
PO004323,2026-07-06,ST022,SUP001,2026-07-04,2026-07-10,2026-07-11,453,445,0.9825,1,False,Ambient,Late
PO004324,2026-07-06,ST022,SUP008,2026-07-04,2026-07-13,2026-07-13,419,371,0.8857,0,True,Ambient,Short
PO004325,2026-07-06,ST022,SUP007,2026-07-04,2026-07-09,2026-07-10,147,142,0.9677,1,False,Chilled,Late
PO004326,2026-07-06,ST022,SUP006,2026-07-04,2026-07-10,2026-07-10,269,261,0.9693,0,True,Ambient,Complete
PO004327,2026-07-06,ST022,SUP010,2026-07-04,2026-07-12,2026-07-12,304,273,0.8979,0,True,Ambient,Short
PO004328,2026-07-06,ST022,SUP009,2026-07-04,2026-07-10,2026-07-10,144,141,0.9812,0,True,Ambient,Complete
PO004329,2026-07-06,ST023,SUP001,2026-07-04,2026-07-10,2026-07-10,368,312,0.8468,0,True,Ambient,Short
PO004330,2026-07-06,ST023,SUP008,2026-07-04,2026-07-13,2026-07-13,264,248,0.9402,0,True,Ambient,Complete
PO004331,2026-07-06,ST023,SUP011,2026-07-04,2026-07-11,2026-07-11,152,152,0.9968,0,True,Ambient,Complete
PO004332,2026-07-06,ST023,SUP002,2026-07-04,2026-07-09,2026-07-14,240,188,0.7853,5,False,Chilled,Late / short
PO004333,2026-07-06,ST023,SUP006,2026-07-04,2026-07-10,2026-07-10,282,282,1.0,0,True,Ambient,Complete
PO004334,2026-07-06,ST023,SUP003,2026-07-04,2026-07-10,2026-07-10,277,269,0.9709,0,True,Ambient,Complete
PO004335,2026-07-06,ST023,SUP004,2026-07-04,2026-07-11,2026-07-11,127,127,1.0,0,True,Ambient,Complete
PO004336,2026-07-06,ST023,SUP010,2026-07-04,2026-07-12,2026-07-12,110,104,0.9466,0,True,Ambient,Complete
PO004337,2026-07-06,ST024,SUP001,2026-07-04,2026-07-10,2026-07-10,262,259,0.9894,0,True,Ambient,Complete
PO004338,2026-07-06,ST024,SUP008,2026-07-04,2026-07-13,2026-07-13,230,192,0.8352,0,True,Ambient,Short
PO004339,2026-07-06,ST024,SUP011,2026-07-04,2026-07-11,2026-07-11,157,154,0.9778,0,True,Ambient,Complete
PO004340,2026-07-06,ST024,SUP002,2026-07-04,2026-07-09,2026-07-09,187,97,0.5204,0,True,Chilled,Short
PO004341,2026-07-06,ST024,SUP007,2026-07-04,2026-07-09,2026-07-09,233,212,0.9083,0,True,Chilled,Complete
PO004342,2026-07-06,ST024,SUP010,2026-07-04,2026-07-12,2026-07-12,302,291,0.9632,0,True,Ambient,Complete
PO004343,2026-07-06,ST024,SUP005,2026-07-04,2026-07-11,2026-07-11,172,164,0.9538,0,True,Ambient,Complete
PO004344,2026-07-06,ST025,SUP012,2026-07-04,2026-07-10,2026-07-10,339,305,0.8992,0,True,Ambient,Short
PO004345,2026-07-06,ST025,SUP002,2026-07-04,2026-07-09,2026-07-12,269,141,0.5225,3,False,Chilled,Late / short
PO004346,2026-07-06,ST025,SUP006,2026-07-04,2026-07-10,2026-07-10,246,234,0.95,0,True,Ambient,Complete
PO004347,2026-07-06,ST025,SUP004,2026-07-04,2026-07-11,2026-07-11,259,230,0.8897,0,True,Ambient,Short
PO004348,2026-07-06,ST025,SUP010,2026-07-04,2026-07-12,2026-07-12,258,251,0.9726,0,True,Ambient,Complete
PO004349,2026-07-06,ST025,SUP005,2026-07-04,2026-07-11,2026-07-11,290,271,0.9328,0,True,Ambient,Complete
PO004350,2026-07-06,ST026,SUP001,2026-07-04,2026-07-10,2026-07-10,394,354,0.8996,0,True,Ambient,Short
PO004351,2026-07-06,ST026,SUP012,2026-07-04,2026-07-10,2026-07-10,320,300,0.9369,0,True,Ambient,Complete
PO004352,2026-07-06,ST026,SUP011,2026-07-04,2026-07-11,2026-07-11,174,172,0.9873,0,True,Ambient,Complete
PO004353,2026-07-06,ST026,SUP002,2026-07-04,2026-07-09,2026-07-09,282,151,0.5349,0,True,Chilled,Short
PO004354,2026-07-06,ST026,SUP007,2026-07-04,2026-07-09,2026-07-09,340,339,0.9977,0,True,Chilled,Complete
PO004355,2026-07-06,ST026,SUP004,2026-07-04,2026-07-11,2026-07-11,185,171,0.9223,0,True,Ambient,Complete
PO004356,2026-07-06,ST026,SUP010,2026-07-04,2026-07-12,2026-07-14,391,349,0.8929,2,False,Ambient,Late / short
PO004357,2026-07-06,ST027,SUP008,2026-07-04,2026-07-13,2026-07-13,262,246,0.9394,0,True,Ambient,Complete
PO004358,2026-07-06,ST027,SUP012,2026-07-04,2026-07-10,2026-07-10,124,124,1.0,0,True,Ambient,Complete
PO004359,2026-07-06,ST027,SUP011,2026-07-04,2026-07-11,2026-07-11,321,321,1.0,0,True,Ambient,Complete
PO004360,2026-07-06,ST027,SUP007,2026-07-04,2026-07-09,2026-07-09,235,228,0.9683,0,True,Chilled,Complete
PO004361,2026-07-06,ST027,SUP006,2026-07-04,2026-07-10,2026-07-12,141,130,0.9211,2,False,Ambient,Late
PO004362,2026-07-06,ST027,SUP003,2026-07-04,2026-07-10,2026-07-10,309,277,0.8972,0,True,Ambient,Short
PO004363,2026-07-06,ST027,SUP004,2026-07-04,2026-07-11,2026-07-11,175,164,0.939,0,True,Ambient,Complete
PO004364,2026-07-06,ST027,SUP005,2026-07-04,2026-07-11,2026-07-11,100,89,0.8904,0,True,Ambient,Short
PO004365,2026-07-06,ST027,SUP009,2026-07-04,2026-07-10,2026-07-13,174,161,0.9248,3,False,Ambient,Late
PO004366,2026-07-06,ST028,SUP008,2026-07-04,2026-07-13,2026-07-13,168,157,0.937,0,True,Ambient,Complete
PO004367,2026-07-06,ST028,SUP002,2026-07-04,2026-07-09,2026-07-09,141,88,0.6262,0,True,Chilled,Short
PO004368,2026-07-06,ST028,SUP006,2026-07-04,2026-07-10,2026-07-12,176,174,0.9893,2,False,Ambient,Late
PO004369,2026-07-06,ST028,SUP003,2026-07-04,2026-07-10,2026-07-10,270,256,0.9465,0,True,Ambient,Complete
PO004370,2026-07-06,ST028,SUP010,2026-07-04,2026-07-12,2026-07-12,170,156,0.9177,0,True,Ambient,Complete
PO004371,2026-07-06,ST028,SUP009,2026-07-04,2026-07-10,2026-07-10,240,231,0.9635,0,True,Ambient,Complete
PO004372,2026-07-06,ST029,SUP001,2026-07-04,2026-07-10,2026-07-10,327,286,0.8751,0,True,Ambient,Short
PO004373,2026-07-06,ST029,SUP008,2026-07-04,2026-07-13,2026-07-13,282,257,0.91,0,True,Ambient,Complete
PO004374,2026-07-06,ST029,SUP006,2026-07-04,2026-07-10,2026-07-10,174,170,0.9759,0,True,Ambient,Complete
PO004375,2026-07-06,ST029,SUP003,2026-07-04,2026-07-10,2026-07-10,243,233,0.9582,0,True,Ambient,Complete
PO004376,2026-07-06,ST029,SUP010,2026-07-04,2026-07-12,2026-07-12,200,168,0.8386,0,True,Ambient,Short
PO004377,2026-07-06,ST030,SUP001,2026-07-04,2026-07-10,2026-07-10,304,252,0.8297,0,True,Ambient,Short
PO004378,2026-07-06,ST030,SUP008,2026-07-04,2026-07-13,2026-07-13,271,244,0.9004,0,True,Ambient,Complete
PO004379,2026-07-06,ST030,SUP012,2026-07-04,2026-07-10,2026-07-10,331,327,0.988,0,True,Ambient,Complete
PO004380,2026-07-06,ST030,SUP002,2026-07-04,2026-07-09,2026-07-09,227,166,0.7329,0,True,Chilled,Short
PO004381,2026-07-06,ST030,SUP003,2026-07-04,2026-07-10,2026-07-10,292,290,0.9922,0,True,Ambient,Complete
PO004382,2026-07-06,ST030,SUP004,2026-07-04,2026-07-11,2026-07-11,335,284,0.8487,0,True,Ambient,Short
PO004383,2026-07-06,ST030,SUP005,2026-07-04,2026-07-11,2026-07-11,220,196,0.8899,0,True,Ambient,Short
PO004384,2026-07-06,ST031,SUP001,2026-07-04,2026-07-10,2026-07-10,263,246,0.9355,0,True,Ambient,Complete
PO004385,2026-07-06,ST031,SUP007,2026-07-04,2026-07-09,2026-07-09,163,152,0.9318,0,True,Chilled,Complete
PO004386,2026-07-06,ST031,SUP006,2026-07-04,2026-07-10,2026-07-10,94,87,0.9281,0,True,Ambient,Complete
PO004387,2026-07-06,ST031,SUP004,2026-07-04,2026-07-11,2026-07-12,178,160,0.9005,1,False,Ambient,Late
PO004388,2026-07-06,ST031,SUP010,2026-07-04,2026-07-12,2026-07-12,221,207,0.9378,0,True,Ambient,Complete
PO004389,2026-07-06,ST031,SUP009,2026-07-04,2026-07-10,2026-07-11,159,159,1.0,1,False,Ambient,Late
PO004390,2026-07-06,ST032,SUP008,2026-07-04,2026-07-13,2026-07-13,296,189,0.6369,0,True,Ambient,Short
PO004391,2026-07-06,ST032,SUP002,2026-07-04,2026-07-09,2026-07-12,273,150,0.5492,3,False,Chilled,Late / short
PO004392,2026-07-06,ST032,SUP006,2026-07-04,2026-07-10,2026-07-10,183,180,0.9819,0,True,Ambient,Complete
PO004393,2026-07-06,ST032,SUP004,2026-07-04,2026-07-11,2026-07-14,212,198,0.9352,3,False,Ambient,Late
PO004394,2026-07-06,ST032,SUP010,2026-07-04,2026-07-12,2026-07-12,209,154,0.7377,0,True,Ambient,Short
PO004395,2026-07-06,ST032,SUP005,2026-07-04,2026-07-11,2026-07-11,175,170,0.9696,0,True,Ambient,Complete
PO004396,2026-07-06,ST033,SUP008,2026-07-04,2026-07-13,2026-07-14,175,127,0.7243,1,False,Ambient,Late / short
PO004397,2026-07-06,ST033,SUP012,2026-07-04,2026-07-10,2026-07-10,269,269,1.0,0,True,Ambient,Complete
PO004398,2026-07-06,ST033,SUP006,2026-07-04,2026-07-10,2026-07-10,228,216,0.9494,0,True,Ambient,Complete
PO004399,2026-07-06,ST033,SUP003,2026-07-04,2026-07-10,2026-07-10,169,164,0.9701,0,True,Ambient,Complete
PO004400,2026-07-06,ST033,SUP009,2026-07-04,2026-07-10,2026-07-10,210,210,1.0,0,True,Ambient,Complete
PO004401,2026-07-06,ST034,SUP001,2026-07-04,2026-07-10,2026-07-10,235,220,0.9356,0,True,Ambient,Complete
PO004402,2026-07-06,ST034,SUP008,2026-07-04,2026-07-13,2026-07-13,87,52,0.5981,0,True,Ambient,Short
PO004403,2026-07-06,ST034,SUP011,2026-07-04,2026-07-11,2026-07-11,225,216,0.9586,0,True,Ambient,Complete
PO004404,2026-07-06,ST034,SUP002,2026-07-04,2026-07-09,2026-07-09,188,97,0.5144,0,True,Chilled,Short
PO004405,2026-07-06,ST034,SUP007,2026-07-04,2026-07-09,2026-07-09,190,187,0.982,0,True,Chilled,Complete
PO004406,2026-07-06,ST034,SUP003,2026-07-04,2026-07-10,2026-07-10,85,81,0.9586,0,True,Ambient,Complete
PO004407,2026-07-06,ST034,SUP005,2026-07-04,2026-07-11,2026-07-11,183,178,0.9717,0,True,Ambient,Complete
PO004408,2026-07-06,ST034,SUP009,2026-07-04,2026-07-10,2026-07-10,227,213,0.9372,0,True,Ambient,Complete
PO004409,2026-07-06,ST035,SUP011,2026-07-04,2026-07-11,2026-07-14,201,173,0.8625,3,False,Ambient,Late / short
PO004410,2026-07-06,ST035,SUP002,2026-07-04,2026-07-09,2026-07-09,340,159,0.4675,0,True,Chilled,Short
PO004411,2026-07-06,ST035,SUP007,2026-07-04,2026-07-09,2026-07-09,178,169,0.9482,0,True,Chilled,Complete
PO004412,2026-07-06,ST035,SUP006,2026-07-04,2026-07-10,2026-07-10,335,317,0.9468,0,True,Ambient,Complete
PO004413,2026-07-06,ST035,SUP004,2026-07-04,2026-07-11,2026-07-13,296,248,0.837,2,False,Ambient,Late / short
PO004414,2026-07-06,ST035,SUP010,2026-07-04,2026-07-12,2026-07-12,242,225,0.9285,0,True,Ambient,Complete
PO004415,2026-07-06,ST035,SUP005,2026-07-04,2026-07-11,2026-07-11,111,108,0.9711,0,True,Ambient,Complete
PO004416,2026-07-06,ST036,SUP011,2026-07-04,2026-07-11,2026-07-11,104,104,1.0,0,True,Ambient,Complete
PO004417,2026-07-06,ST036,SUP007,2026-07-04,2026-07-09,2026-07-09,211,210,0.995,0,True,Chilled,Complete
PO004418,2026-07-06,ST036,SUP006,2026-07-04,2026-07-10,2026-07-10,236,214,0.9074,0,True,Ambient,Complete
PO004419,2026-07-06,ST036,SUP010,2026-07-04,2026-07-12,2026-07-12,227,213,0.9402,0,True,Ambient,Complete
PO004420,2026-07-06,ST036,SUP005,2026-07-04,2026-07-11,2026-07-11,300,282,0.9395,0,True,Ambient,Complete
PO004421,2026-07-06,ST036,SUP009,2026-07-04,2026-07-10,2026-07-10,294,264,0.8995,0,True,Ambient,Short
PO004422,2026-07-13,ST001,SUP012,2026-07-11,2026-07-17,2026-07-17,189,189,0.998,0,True,Ambient,Complete
PO004423,2026-07-13,ST001,SUP010,2026-07-11,2026-07-19,2026-07-19,391,360,0.9206,0,True,Ambient,Complete
PO004424,2026-07-13,ST001,SUP009,2026-07-11,2026-07-17,2026-07-17,314,309,0.9847,0,True,Ambient,Complete
PO004425,2026-07-13,ST002,SUP001,2026-07-11,2026-07-17,2026-07-17,490,449,0.9154,0,True,Ambient,Complete
PO004426,2026-07-13,ST002,SUP012,2026-07-11,2026-07-17,2026-07-17,395,354,0.8965,0,True,Ambient,Short
PO004427,2026-07-13,ST002,SUP011,2026-07-11,2026-07-18,2026-07-18,231,199,0.8619,0,True,Ambient,Short
PO004428,2026-07-13,ST002,SUP002,2026-07-11,2026-07-16,2026-07-16,247,220,0.8927,0,True,Chilled,Short
PO004429,2026-07-13,ST002,SUP004,2026-07-11,2026-07-18,2026-07-18,311,309,0.995,0,True,Ambient,Complete
PO004430,2026-07-13,ST003,SUP001,2026-07-11,2026-07-17,2026-07-17,314,292,0.9307,0,True,Ambient,Complete
PO004431,2026-07-13,ST003,SUP012,2026-07-11,2026-07-17,2026-07-17,383,375,0.9788,0,True,Ambient,Complete
PO004432,2026-07-13,ST003,SUP011,2026-07-11,2026-07-18,2026-07-19,470,398,0.8473,1,False,Ambient,Late / short
PO004433,2026-07-13,ST003,SUP007,2026-07-11,2026-07-16,2026-07-16,330,292,0.8862,0,True,Chilled,Short
PO004434,2026-07-13,ST003,SUP006,2026-07-11,2026-07-17,2026-07-17,446,446,1.0,0,True,Ambient,Complete
PO004435,2026-07-13,ST003,SUP003,2026-07-11,2026-07-17,2026-07-17,173,159,0.9172,0,True,Ambient,Complete
PO004436,2026-07-13,ST003,SUP005,2026-07-11,2026-07-18,2026-07-18,212,206,0.9711,0,True,Ambient,Complete
PO004437,2026-07-13,ST003,SUP009,2026-07-11,2026-07-17,2026-07-17,222,216,0.9749,0,True,Ambient,Complete
PO004438,2026-07-13,ST004,SUP001,2026-07-11,2026-07-17,2026-07-17,352,330,0.9378,0,True,Ambient,Complete
PO004439,2026-07-13,ST004,SUP012,2026-07-11,2026-07-17,2026-07-18,185,182,0.9855,1,False,Ambient,Late
PO004440,2026-07-13,ST004,SUP002,2026-07-11,2026-07-16,2026-07-16,289,262,0.907,0,True,Chilled,Complete
PO004441,2026-07-13,ST004,SUP007,2026-07-11,2026-07-16,2026-07-16,441,441,1.0,0,True,Chilled,Complete
PO004442,2026-07-13,ST004,SUP006,2026-07-11,2026-07-17,2026-07-17,455,412,0.9056,0,True,Ambient,Complete
PO004443,2026-07-13,ST004,SUP003,2026-07-11,2026-07-17,2026-07-17,533,531,0.9963,0,True,Ambient,Complete
PO004444,2026-07-13,ST004,SUP010,2026-07-11,2026-07-19,2026-07-19,490,466,0.951,0,True,Ambient,Complete
PO004445,2026-07-13,ST004,SUP005,2026-07-11,2026-07-18,2026-07-18,418,403,0.9646,0,True,Ambient,Complete
PO004446,2026-07-13,ST004,SUP009,2026-07-11,2026-07-17,2026-07-17,169,169,1.0,0,True,Ambient,Complete
PO004447,2026-07-13,ST005,SUP001,2026-07-11,2026-07-17,2026-07-17,369,326,0.8837,0,True,Ambient,Short
PO004448,2026-07-13,ST005,SUP005,2026-07-11,2026-07-18,2026-07-18,357,329,0.9219,0,True,Ambient,Complete
PO004449,2026-07-13,ST006,SUP011,2026-07-11,2026-07-18,2026-07-18,179,171,0.9581,0,True,Ambient,Complete
PO004450,2026-07-13,ST006,SUP006,2026-07-11,2026-07-17,2026-07-17,297,297,1.0,0,True,Ambient,Complete
PO004451,2026-07-13,ST006,SUP003,2026-07-11,2026-07-17,2026-07-17,364,331,0.9099,0,True,Ambient,Complete
PO004452,2026-07-13,ST006,SUP010,2026-07-11,2026-07-19,2026-07-19,265,249,0.9412,0,True,Ambient,Complete
PO004453,2026-07-13,ST007,SUP001,2026-07-11,2026-07-17,2026-07-17,367,318,0.8669,0,True,Ambient,Short
PO004454,2026-07-13,ST007,SUP012,2026-07-11,2026-07-17,2026-07-17,202,197,0.9764,0,True,Ambient,Complete
PO004455,2026-07-13,ST007,SUP011,2026-07-11,2026-07-18,2026-07-18,371,335,0.9017,0,True,Ambient,Complete
PO004456,2026-07-13,ST007,SUP002,2026-07-11,2026-07-16,2026-07-16,271,252,0.9315,0,True,Chilled,Complete
PO004457,2026-07-13,ST007,SUP007,2026-07-11,2026-07-16,2026-07-16,307,297,0.9669,0,True,Chilled,Complete
PO004458,2026-07-13,ST007,SUP006,2026-07-11,2026-07-17,2026-07-17,285,268,0.9389,0,True,Ambient,Complete
PO004459,2026-07-13,ST007,SUP003,2026-07-11,2026-07-17,2026-07-17,328,315,0.9614,0,True,Ambient,Complete
PO004460,2026-07-13,ST007,SUP010,2026-07-11,2026-07-19,2026-07-19,199,185,0.9294,0,True,Ambient,Complete
PO004461,2026-07-13,ST007,SUP009,2026-07-11,2026-07-17,2026-07-17,290,290,1.0,0,True,Ambient,Complete
PO004462,2026-07-13,ST008,SUP008,2026-07-11,2026-07-20,2026-07-20,462,462,1.0,0,True,Ambient,Complete
PO004463,2026-07-13,ST008,SUP012,2026-07-11,2026-07-17,2026-07-17,257,238,0.9262,0,True,Ambient,Complete
PO004464,2026-07-13,ST008,SUP002,2026-07-11,2026-07-16,2026-07-16,364,338,0.9298,0,True,Chilled,Complete
PO004465,2026-07-13,ST008,SUP006,2026-07-11,2026-07-17,2026-07-17,370,353,0.954,0,True,Ambient,Complete
PO004466,2026-07-13,ST008,SUP004,2026-07-11,2026-07-18,2026-07-21,442,390,0.8814,3,False,Ambient,Late / short
PO004467,2026-07-13,ST008,SUP010,2026-07-11,2026-07-19,2026-07-19,357,350,0.9801,0,True,Ambient,Complete
PO004468,2026-07-13,ST008,SUP009,2026-07-11,2026-07-17,2026-07-17,400,392,0.9789,0,True,Ambient,Complete
PO004469,2026-07-13,ST009,SUP012,2026-07-11,2026-07-17,2026-07-17,325,313,0.9628,0,True,Ambient,Complete
PO004470,2026-07-13,ST009,SUP011,2026-07-11,2026-07-18,2026-07-18,141,130,0.9232,0,True,Ambient,Complete
PO004471,2026-07-13,ST009,SUP002,2026-07-11,2026-07-16,2026-07-16,252,226,0.8958,0,True,Chilled,Short
PO004472,2026-07-13,ST009,SUP007,2026-07-11,2026-07-16,2026-07-16,348,339,0.9752,0,True,Chilled,Complete
PO004473,2026-07-13,ST009,SUP006,2026-07-11,2026-07-17,2026-07-17,248,248,1.0,0,True,Ambient,Complete
PO004474,2026-07-13,ST009,SUP003,2026-07-11,2026-07-17,2026-07-17,350,350,1.0,0,True,Ambient,Complete
PO004475,2026-07-13,ST009,SUP004,2026-07-11,2026-07-18,2026-07-20,291,289,0.9936,2,False,Ambient,Late
PO004476,2026-07-13,ST009,SUP005,2026-07-11,2026-07-18,2026-07-18,452,427,0.945,0,True,Ambient,Complete
PO004477,2026-07-13,ST010,SUP001,2026-07-11,2026-07-17,2026-07-18,303,296,0.9769,1,False,Ambient,Late
PO004478,2026-07-13,ST010,SUP011,2026-07-11,2026-07-18,2026-07-18,252,230,0.9138,0,True,Ambient,Complete
PO004479,2026-07-13,ST010,SUP006,2026-07-11,2026-07-17,2026-07-17,317,299,0.9443,0,True,Ambient,Complete
PO004480,2026-07-13,ST010,SUP003,2026-07-11,2026-07-17,2026-07-17,349,349,1.0,0,True,Ambient,Complete
PO004481,2026-07-13,ST010,SUP004,2026-07-11,2026-07-18,2026-07-18,302,287,0.9496,0,True,Ambient,Complete
PO004482,2026-07-13,ST010,SUP010,2026-07-11,2026-07-19,2026-07-19,172,145,0.8452,0,True,Ambient,Short
PO004483,2026-07-13,ST011,SUP008,2026-07-11,2026-07-20,2026-07-20,253,212,0.8376,0,True,Ambient,Short
PO004484,2026-07-13,ST011,SUP012,2026-07-11,2026-07-17,2026-07-17,184,176,0.9579,0,True,Ambient,Complete
PO004485,2026-07-13,ST011,SUP006,2026-07-11,2026-07-17,2026-07-19,322,305,0.9458,2,False,Ambient,Late
PO004486,2026-07-13,ST011,SUP004,2026-07-11,2026-07-18,2026-07-18,129,118,0.9111,0,True,Ambient,Complete
PO004487,2026-07-13,ST011,SUP010,2026-07-11,2026-07-19,2026-07-19,252,236,0.9358,0,True,Ambient,Complete
PO004488,2026-07-13,ST011,SUP005,2026-07-11,2026-07-18,2026-07-18,278,278,1.0,0,True,Ambient,Complete
PO004489,2026-07-13,ST012,SUP008,2026-07-11,2026-07-20,2026-07-20,301,277,0.9191,0,True,Ambient,Complete
PO004490,2026-07-13,ST012,SUP002,2026-07-11,2026-07-16,2026-07-16,405,367,0.9057,0,True,Chilled,Complete
PO004491,2026-07-13,ST012,SUP007,2026-07-11,2026-07-16,2026-07-18,398,372,0.9359,2,False,Chilled,Late
PO004492,2026-07-13,ST012,SUP006,2026-07-11,2026-07-17,2026-07-17,190,184,0.9705,0,True,Ambient,Complete
PO004493,2026-07-13,ST012,SUP010,2026-07-11,2026-07-19,2026-07-19,314,290,0.9237,0,True,Ambient,Complete
PO004494,2026-07-13,ST012,SUP009,2026-07-11,2026-07-17,2026-07-17,208,183,0.8804,0,True,Ambient,Short
PO004495,2026-07-13,ST013,SUP002,2026-07-11,2026-07-16,2026-07-16,165,154,0.9311,0,True,Chilled,Complete
PO004496,2026-07-13,ST013,SUP007,2026-07-11,2026-07-16,2026-07-16,154,153,0.9961,0,True,Chilled,Complete
PO004497,2026-07-13,ST013,SUP006,2026-07-11,2026-07-17,2026-07-17,247,247,1.0,0,True,Ambient,Complete
PO004498,2026-07-13,ST013,SUP003,2026-07-11,2026-07-17,2026-07-17,322,322,1.0,0,True,Ambient,Complete
PO004499,2026-07-13,ST013,SUP010,2026-07-11,2026-07-19,2026-07-22,127,112,0.8838,3,False,Ambient,Late / short
PO004500,2026-07-13,ST014,SUP001,2026-07-11,2026-07-17,2026-07-17,138,133,0.9627,0,True,Ambient,Complete
PO004501,2026-07-13,ST014,SUP012,2026-07-11,2026-07-17,2026-07-17,215,203,0.9458,0,True,Ambient,Complete
PO004502,2026-07-13,ST014,SUP011,2026-07-11,2026-07-18,2026-07-18,373,332,0.8894,0,True,Ambient,Short
PO004503,2026-07-13,ST014,SUP007,2026-07-11,2026-07-16,2026-07-16,156,144,0.9224,0,True,Chilled,Complete
PO004504,2026-07-13,ST014,SUP006,2026-07-11,2026-07-17,2026-07-17,297,275,0.9271,0,True,Ambient,Complete
PO004505,2026-07-13,ST014,SUP003,2026-07-11,2026-07-17,2026-07-17,255,244,0.9557,0,True,Ambient,Complete
PO004506,2026-07-13,ST014,SUP009,2026-07-11,2026-07-17,2026-07-17,262,242,0.924,0,True,Ambient,Complete
PO004507,2026-07-13,ST015,SUP008,2026-07-11,2026-07-20,2026-07-20,139,122,0.8761,0,True,Ambient,Short
PO004508,2026-07-13,ST015,SUP012,2026-07-11,2026-07-17,2026-07-17,123,118,0.9588,0,True,Ambient,Complete
PO004509,2026-07-13,ST015,SUP002,2026-07-11,2026-07-16,2026-07-16,242,241,0.9942,0,True,Chilled,Complete
PO004510,2026-07-13,ST015,SUP006,2026-07-11,2026-07-17,2026-07-17,184,164,0.8924,0,True,Ambient,Short
PO004511,2026-07-13,ST015,SUP004,2026-07-11,2026-07-18,2026-07-18,197,185,0.939,0,True,Ambient,Complete
PO004512,2026-07-13,ST015,SUP010,2026-07-11,2026-07-19,2026-07-19,281,249,0.8849,0,True,Ambient,Short
PO004513,2026-07-13,ST015,SUP005,2026-07-11,2026-07-18,2026-07-18,181,181,1.0,0,True,Ambient,Complete
PO004514,2026-07-13,ST016,SUP001,2026-07-11,2026-07-17,2026-07-17,179,171,0.9572,0,True,Ambient,Complete
PO004515,2026-07-13,ST016,SUP008,2026-07-11,2026-07-20,2026-07-20,226,208,0.9199,0,True,Ambient,Complete
PO004516,2026-07-13,ST016,SUP012,2026-07-11,2026-07-17,2026-07-17,372,369,0.9927,0,True,Ambient,Complete
PO004517,2026-07-13,ST016,SUP002,2026-07-11,2026-07-16,2026-07-16,166,156,0.9373,0,True,Chilled,Complete
PO004518,2026-07-13,ST016,SUP004,2026-07-11,2026-07-18,2026-07-18,303,300,0.9889,0,True,Ambient,Complete
PO004519,2026-07-13,ST016,SUP009,2026-07-11,2026-07-17,2026-07-17,182,182,1.0,0,True,Ambient,Complete
PO004520,2026-07-13,ST017,SUP012,2026-07-11,2026-07-17,2026-07-17,171,171,1.0,0,True,Ambient,Complete
PO004521,2026-07-13,ST017,SUP011,2026-07-11,2026-07-18,2026-07-18,341,288,0.8433,0,True,Ambient,Short
PO004522,2026-07-13,ST017,SUP007,2026-07-11,2026-07-16,2026-07-19,306,284,0.9294,3,False,Chilled,Late
PO004523,2026-07-13,ST017,SUP006,2026-07-11,2026-07-17,2026-07-17,349,341,0.9777,0,True,Ambient,Complete
PO004524,2026-07-13,ST017,SUP003,2026-07-11,2026-07-17,2026-07-17,208,190,0.9158,0,True,Ambient,Complete
PO004525,2026-07-13,ST017,SUP004,2026-07-11,2026-07-18,2026-07-18,182,182,1.0,0,True,Ambient,Complete
PO004526,2026-07-13,ST017,SUP005,2026-07-11,2026-07-18,2026-07-18,346,341,0.9843,0,True,Ambient,Complete
PO004527,2026-07-13,ST018,SUP001,2026-07-11,2026-07-17,2026-07-20,225,219,0.9735,3,False,Ambient,Late
PO004528,2026-07-13,ST018,SUP007,2026-07-11,2026-07-16,2026-07-16,184,178,0.9648,0,True,Chilled,Complete
PO004529,2026-07-13,ST018,SUP010,2026-07-11,2026-07-19,2026-07-19,361,352,0.9756,0,True,Ambient,Complete
PO004530,2026-07-13,ST019,SUP008,2026-07-11,2026-07-20,2026-07-20,395,371,0.9403,0,True,Ambient,Complete
PO004531,2026-07-13,ST019,SUP012,2026-07-11,2026-07-17,2026-07-17,271,265,0.9767,0,True,Ambient,Complete
PO004532,2026-07-13,ST019,SUP007,2026-07-11,2026-07-16,2026-07-16,372,372,1.0,0,True,Chilled,Complete
PO004533,2026-07-13,ST019,SUP006,2026-07-11,2026-07-17,2026-07-17,145,140,0.9632,0,True,Ambient,Complete
PO004534,2026-07-13,ST019,SUP004,2026-07-11,2026-07-18,2026-07-18,284,275,0.9676,0,True,Ambient,Complete
PO004535,2026-07-13,ST019,SUP005,2026-07-11,2026-07-18,2026-07-18,233,212,0.9094,0,True,Ambient,Complete
PO004536,2026-07-13,ST020,SUP008,2026-07-11,2026-07-20,2026-07-20,311,293,0.9428,0,True,Ambient,Complete
PO004537,2026-07-13,ST020,SUP006,2026-07-11,2026-07-17,2026-07-17,238,223,0.9364,0,True,Ambient,Complete
PO004538,2026-07-13,ST020,SUP005,2026-07-11,2026-07-18,2026-07-18,316,296,0.9355,0,True,Ambient,Complete
PO004539,2026-07-13,ST021,SUP001,2026-07-11,2026-07-17,2026-07-17,326,307,0.9415,0,True,Ambient,Complete
PO004540,2026-07-13,ST021,SUP008,2026-07-11,2026-07-20,2026-07-20,312,286,0.9179,0,True,Ambient,Complete
PO004541,2026-07-13,ST021,SUP011,2026-07-11,2026-07-18,2026-07-18,160,151,0.9445,0,True,Ambient,Complete
PO004542,2026-07-13,ST021,SUP007,2026-07-11,2026-07-16,2026-07-16,481,433,0.9006,0,True,Chilled,Complete
PO004543,2026-07-13,ST021,SUP003,2026-07-11,2026-07-17,2026-07-17,146,145,0.9943,0,True,Ambient,Complete
PO004544,2026-07-13,ST021,SUP004,2026-07-11,2026-07-18,2026-07-18,435,395,0.9071,0,True,Ambient,Complete
PO004545,2026-07-13,ST021,SUP005,2026-07-11,2026-07-18,2026-07-18,265,245,0.9237,0,True,Ambient,Complete
PO004546,2026-07-13,ST021,SUP009,2026-07-11,2026-07-17,2026-07-17,476,446,0.9368,0,True,Ambient,Complete
PO004547,2026-07-13,ST022,SUP008,2026-07-11,2026-07-20,2026-07-20,185,159,0.8591,0,True,Ambient,Short
PO004548,2026-07-13,ST022,SUP007,2026-07-11,2026-07-16,2026-07-16,433,415,0.9582,0,True,Chilled,Complete
PO004549,2026-07-13,ST022,SUP004,2026-07-11,2026-07-18,2026-07-18,293,293,1.0,0,True,Ambient,Complete
PO004550,2026-07-13,ST022,SUP010,2026-07-11,2026-07-19,2026-07-19,397,369,0.9298,0,True,Ambient,Complete
PO004551,2026-07-13,ST022,SUP005,2026-07-11,2026-07-18,2026-07-18,219,208,0.9521,0,True,Ambient,Complete
PO004552,2026-07-13,ST023,SUP001,2026-07-11,2026-07-17,2026-07-17,323,302,0.9336,0,True,Ambient,Complete
PO004553,2026-07-13,ST023,SUP008,2026-07-11,2026-07-20,2026-07-20,153,150,0.9793,0,True,Ambient,Complete
PO004554,2026-07-13,ST023,SUP012,2026-07-11,2026-07-17,2026-07-17,359,314,0.8734,0,True,Ambient,Short
PO004555,2026-07-13,ST023,SUP002,2026-07-11,2026-07-16,2026-07-17,207,114,0.5521,1,False,Chilled,Late / short
PO004556,2026-07-13,ST023,SUP003,2026-07-11,2026-07-17,2026-07-17,270,241,0.8929,0,True,Ambient,Short
PO004557,2026-07-13,ST023,SUP004,2026-07-11,2026-07-18,2026-07-18,344,326,0.9479,0,True,Ambient,Complete
PO004558,2026-07-13,ST023,SUP005,2026-07-11,2026-07-18,2026-07-18,184,154,0.8379,0,True,Ambient,Short
PO004559,2026-07-13,ST023,SUP009,2026-07-11,2026-07-17,2026-07-17,221,210,0.9517,0,True,Ambient,Complete
PO004560,2026-07-13,ST024,SUP008,2026-07-11,2026-07-20,2026-07-20,184,168,0.915,0,True,Ambient,Complete
PO004561,2026-07-13,ST024,SUP012,2026-07-11,2026-07-17,2026-07-17,123,119,0.9697,0,True,Ambient,Complete
PO004562,2026-07-13,ST024,SUP011,2026-07-11,2026-07-18,2026-07-18,238,223,0.9384,0,True,Ambient,Complete
PO004563,2026-07-13,ST024,SUP002,2026-07-11,2026-07-16,2026-07-16,316,169,0.5343,0,True,Chilled,Short
PO004564,2026-07-13,ST024,SUP004,2026-07-11,2026-07-18,2026-07-18,246,233,0.9468,0,True,Ambient,Complete
PO004565,2026-07-13,ST024,SUP010,2026-07-11,2026-07-19,2026-07-19,109,106,0.9766,0,True,Ambient,Complete
PO004566,2026-07-13,ST024,SUP005,2026-07-11,2026-07-18,2026-07-18,193,169,0.8774,0,True,Ambient,Short
PO004567,2026-07-13,ST024,SUP009,2026-07-11,2026-07-17,2026-07-17,290,290,1.0,0,True,Ambient,Complete
PO004568,2026-07-13,ST025,SUP008,2026-07-11,2026-07-20,2026-07-20,308,283,0.9189,0,True,Ambient,Complete
PO004569,2026-07-13,ST025,SUP011,2026-07-11,2026-07-18,2026-07-18,378,341,0.9021,0,True,Ambient,Complete
PO004570,2026-07-13,ST025,SUP002,2026-07-11,2026-07-16,2026-07-19,394,215,0.5455,3,False,Chilled,Late / short
PO004571,2026-07-13,ST025,SUP007,2026-07-11,2026-07-16,2026-07-16,215,202,0.9412,0,True,Chilled,Complete
PO004572,2026-07-13,ST025,SUP006,2026-07-11,2026-07-17,2026-07-17,172,171,0.997,0,True,Ambient,Complete
PO004573,2026-07-13,ST025,SUP010,2026-07-11,2026-07-19,2026-07-22,320,300,0.9371,3,False,Ambient,Late
PO004574,2026-07-13,ST025,SUP009,2026-07-11,2026-07-17,2026-07-17,169,159,0.9434,0,True,Ambient,Complete
PO004575,2026-07-13,ST026,SUP001,2026-07-11,2026-07-17,2026-07-17,264,242,0.9149,0,True,Ambient,Complete
PO004576,2026-07-13,ST026,SUP011,2026-07-11,2026-07-18,2026-07-18,207,186,0.8975,0,True,Ambient,Short
PO004577,2026-07-13,ST026,SUP009,2026-07-11,2026-07-17,2026-07-17,185,177,0.9573,0,True,Ambient,Complete
PO004578,2026-07-13,ST027,SUP012,2026-07-11,2026-07-17,2026-07-17,262,235,0.8969,0,True,Ambient,Short
PO004579,2026-07-13,ST027,SUP002,2026-07-11,2026-07-16,2026-07-22,247,156,0.6304,6,False,Chilled,Late / short
PO004580,2026-07-13,ST027,SUP007,2026-07-11,2026-07-16,2026-07-16,251,249,0.9901,0,True,Chilled,Complete
PO004581,2026-07-13,ST027,SUP006,2026-07-11,2026-07-17,2026-07-17,222,222,1.0,0,True,Ambient,Complete
PO004582,2026-07-13,ST027,SUP004,2026-07-11,2026-07-18,2026-07-18,252,252,1.0,0,True,Ambient,Complete
PO004583,2026-07-13,ST027,SUP010,2026-07-11,2026-07-19,2026-07-19,146,131,0.8972,0,True,Ambient,Short
PO004584,2026-07-13,ST027,SUP005,2026-07-11,2026-07-18,2026-07-18,161,155,0.9629,0,True,Ambient,Complete
PO004585,2026-07-13,ST028,SUP008,2026-07-11,2026-07-20,2026-07-20,231,207,0.8957,0,True,Ambient,Short
PO004586,2026-07-13,ST028,SUP002,2026-07-11,2026-07-16,2026-07-18,152,83,0.5479,2,False,Chilled,Late / short
PO004587,2026-07-13,ST028,SUP007,2026-07-11,2026-07-16,2026-07-16,163,146,0.8961,0,True,Chilled,Short
PO004588,2026-07-13,ST028,SUP006,2026-07-11,2026-07-17,2026-07-17,276,274,0.9922,0,True,Ambient,Complete
PO004589,2026-07-13,ST028,SUP004,2026-07-11,2026-07-18,2026-07-18,118,110,0.9318,0,True,Ambient,Complete
PO004590,2026-07-13,ST028,SUP005,2026-07-11,2026-07-18,2026-07-18,320,318,0.9935,0,True,Ambient,Complete
PO004591,2026-07-13,ST029,SUP001,2026-07-11,2026-07-17,2026-07-18,277,277,1.0,1,False,Ambient,Late
PO004592,2026-07-13,ST029,SUP006,2026-07-11,2026-07-17,2026-07-17,146,145,0.9958,0,True,Ambient,Complete
PO004593,2026-07-13,ST029,SUP003,2026-07-11,2026-07-17,2026-07-18,112,106,0.9454,1,False,Ambient,Late
PO004594,2026-07-13,ST029,SUP004,2026-07-11,2026-07-18,2026-07-18,128,128,0.9997,0,True,Ambient,Complete
PO004595,2026-07-13,ST029,SUP009,2026-07-11,2026-07-17,2026-07-17,175,175,0.9977,0,True,Ambient,Complete
PO004596,2026-07-13,ST030,SUP001,2026-07-11,2026-07-17,2026-07-18,402,367,0.9129,1,False,Ambient,Late
PO004597,2026-07-13,ST030,SUP012,2026-07-11,2026-07-17,2026-07-17,312,300,0.9628,0,True,Ambient,Complete
PO004598,2026-07-13,ST030,SUP011,2026-07-11,2026-07-18,2026-07-18,317,294,0.9263,0,True,Ambient,Complete
PO004599,2026-07-13,ST030,SUP002,2026-07-11,2026-07-16,2026-07-19,138,95,0.6859,3,False,Chilled,Late / short
PO004600,2026-07-13,ST030,SUP007,2026-07-11,2026-07-16,2026-07-16,190,175,0.9192,0,True,Chilled,Complete
PO004601,2026-07-13,ST030,SUP003,2026-07-11,2026-07-17,2026-07-17,423,413,0.9754,0,True,Ambient,Complete
PO004602,2026-07-13,ST030,SUP004,2026-07-11,2026-07-18,2026-07-18,167,154,0.9217,0,True,Ambient,Complete
PO004603,2026-07-13,ST030,SUP010,2026-07-11,2026-07-19,2026-07-19,303,286,0.9455,0,True,Ambient,Complete
PO004604,2026-07-13,ST030,SUP005,2026-07-11,2026-07-18,2026-07-18,389,368,0.945,0,True,Ambient,Complete
PO004605,2026-07-13,ST030,SUP009,2026-07-11,2026-07-17,2026-07-17,394,394,1.0,0,True,Ambient,Complete
PO004606,2026-07-13,ST031,SUP008,2026-07-11,2026-07-20,2026-07-20,136,125,0.9208,0,True,Ambient,Complete
PO004607,2026-07-13,ST031,SUP012,2026-07-11,2026-07-17,2026-07-17,190,186,0.9803,0,True,Ambient,Complete
PO004608,2026-07-13,ST031,SUP002,2026-07-11,2026-07-16,2026-07-19,101,69,0.688,3,False,Chilled,Late / short
PO004609,2026-07-13,ST031,SUP003,2026-07-11,2026-07-17,2026-07-17,111,105,0.9491,0,True,Ambient,Complete
PO004610,2026-07-13,ST031,SUP004,2026-07-11,2026-07-18,2026-07-18,118,112,0.9452,0,True,Ambient,Complete
PO004611,2026-07-13,ST031,SUP010,2026-07-11,2026-07-19,2026-07-19,166,154,0.929,0,True,Ambient,Complete
PO004612,2026-07-13,ST031,SUP005,2026-07-11,2026-07-18,2026-07-18,224,209,0.9336,0,True,Ambient,Complete
PO004613,2026-07-13,ST032,SUP001,2026-07-11,2026-07-17,2026-07-17,103,88,0.8549,0,True,Ambient,Short
PO004614,2026-07-13,ST032,SUP008,2026-07-11,2026-07-20,2026-07-20,176,140,0.794,0,True,Ambient,Short
PO004615,2026-07-13,ST032,SUP003,2026-07-11,2026-07-17,2026-07-17,255,255,1.0,0,True,Ambient,Complete
PO004616,2026-07-13,ST032,SUP004,2026-07-11,2026-07-18,2026-07-18,270,240,0.8906,0,True,Ambient,Short
PO004617,2026-07-13,ST032,SUP010,2026-07-11,2026-07-19,2026-07-19,115,104,0.9004,0,True,Ambient,Complete
PO004618,2026-07-13,ST032,SUP005,2026-07-11,2026-07-18,2026-07-18,301,292,0.9717,0,True,Ambient,Complete
PO004619,2026-07-13,ST032,SUP009,2026-07-11,2026-07-17,2026-07-17,266,251,0.9439,0,True,Ambient,Complete
PO004620,2026-07-13,ST033,SUP001,2026-07-11,2026-07-17,2026-07-17,219,203,0.928,0,True,Ambient,Complete
PO004621,2026-07-13,ST033,SUP012,2026-07-11,2026-07-17,2026-07-17,244,241,0.989,0,True,Ambient,Complete
PO004622,2026-07-13,ST033,SUP011,2026-07-11,2026-07-18,2026-07-18,97,88,0.9111,0,True,Ambient,Complete
PO004623,2026-07-13,ST033,SUP004,2026-07-11,2026-07-18,2026-07-18,228,212,0.9292,0,True,Ambient,Complete
PO004624,2026-07-13,ST033,SUP010,2026-07-11,2026-07-19,2026-07-19,156,152,0.9726,0,True,Ambient,Complete
PO004625,2026-07-13,ST034,SUP001,2026-07-11,2026-07-17,2026-07-17,243,222,0.9117,0,True,Ambient,Complete
PO004626,2026-07-13,ST034,SUP006,2026-07-11,2026-07-17,2026-07-17,259,244,0.9403,0,True,Ambient,Complete
PO004627,2026-07-13,ST034,SUP003,2026-07-11,2026-07-17,2026-07-17,123,119,0.9705,0,True,Ambient,Complete
PO004628,2026-07-13,ST034,SUP004,2026-07-11,2026-07-18,2026-07-18,182,170,0.936,0,True,Ambient,Complete
PO004629,2026-07-13,ST034,SUP005,2026-07-11,2026-07-18,2026-07-18,189,160,0.8475,0,True,Ambient,Short
PO004630,2026-07-13,ST034,SUP009,2026-07-11,2026-07-17,2026-07-17,103,91,0.8816,0,True,Ambient,Short
PO004631,2026-07-13,ST035,SUP008,2026-07-11,2026-07-20,2026-07-20,333,296,0.8896,0,True,Ambient,Short
PO004632,2026-07-13,ST035,SUP012,2026-07-11,2026-07-17,2026-07-17,319,309,0.9675,0,True,Ambient,Complete
PO004633,2026-07-13,ST035,SUP006,2026-07-11,2026-07-17,2026-07-17,185,176,0.9517,0,True,Ambient,Complete
PO004634,2026-07-13,ST035,SUP003,2026-07-11,2026-07-17,2026-07-17,139,130,0.9375,0,True,Ambient,Complete
PO004635,2026-07-13,ST035,SUP009,2026-07-11,2026-07-17,2026-07-17,186,173,0.9281,0,True,Ambient,Complete
PO004636,2026-07-13,ST036,SUP008,2026-07-11,2026-07-20,2026-07-20,155,142,0.9191,0,True,Ambient,Complete
PO004637,2026-07-13,ST036,SUP012,2026-07-11,2026-07-17,2026-07-17,195,170,0.8704,0,True,Ambient,Short
PO004638,2026-07-13,ST036,SUP011,2026-07-11,2026-07-18,2026-07-18,173,157,0.9091,0,True,Ambient,Complete
PO004639,2026-07-13,ST036,SUP002,2026-07-11,2026-07-16,2026-07-21,170,93,0.5478,5,False,Chilled,Late / short
PO004640,2026-07-13,ST036,SUP006,2026-07-11,2026-07-17,2026-07-17,321,296,0.9236,0,True,Ambient,Complete
PO004641,2026-07-13,ST036,SUP004,2026-07-11,2026-07-18,2026-07-18,225,219,0.9721,0,True,Ambient,Complete
PO004642,2026-07-13,ST036,SUP009,2026-07-11,2026-07-17,2026-07-20,169,168,0.9942,3,False,Ambient,Late
PO004643,2026-07-20,ST001,SUP012,2026-07-18,2026-07-24,2026-07-24,377,353,0.9375,0,True,Ambient,Complete
PO004644,2026-07-20,ST001,SUP011,2026-07-18,2026-07-25,2026-07-25,262,245,0.9345,0,True,Ambient,Complete
PO004645,2026-07-20,ST001,SUP002,2026-07-18,2026-07-23,2026-07-23,356,352,0.9881,0,True,Chilled,Complete
PO004646,2026-07-20,ST001,SUP007,2026-07-18,2026-07-23,2026-07-23,131,125,0.9511,0,True,Chilled,Complete
PO004647,2026-07-20,ST001,SUP006,2026-07-18,2026-07-24,2026-07-27,351,329,0.9377,3,False,Ambient,Late
PO004648,2026-07-20,ST001,SUP010,2026-07-18,2026-07-26,2026-07-28,242,226,0.9333,2,False,Ambient,Late
PO004649,2026-07-20,ST001,SUP005,2026-07-18,2026-07-25,2026-07-25,270,248,0.92,0,True,Ambient,Complete
PO004650,2026-07-20,ST002,SUP001,2026-07-18,2026-07-24,2026-07-24,295,278,0.9431,0,True,Ambient,Complete
PO004651,2026-07-20,ST002,SUP008,2026-07-18,2026-07-27,2026-07-28,430,381,0.8867,1,False,Ambient,Late / short
PO004652,2026-07-20,ST002,SUP006,2026-07-18,2026-07-24,2026-07-24,168,136,0.8073,0,True,Ambient,Short
PO004653,2026-07-20,ST002,SUP004,2026-07-18,2026-07-25,2026-07-25,360,343,0.9536,0,True,Ambient,Complete
PO004654,2026-07-20,ST002,SUP010,2026-07-18,2026-07-26,2026-07-26,197,172,0.8729,0,True,Ambient,Short
PO004655,2026-07-20,ST002,SUP005,2026-07-18,2026-07-25,2026-07-25,253,236,0.9339,0,True,Ambient,Complete
PO004656,2026-07-20,ST002,SUP009,2026-07-18,2026-07-24,2026-07-24,488,485,0.9947,0,True,Ambient,Complete
PO004657,2026-07-20,ST003,SUP012,2026-07-18,2026-07-24,2026-07-24,427,419,0.9816,0,True,Ambient,Complete
PO004658,2026-07-20,ST003,SUP002,2026-07-18,2026-07-23,2026-07-24,354,296,0.8355,1,False,Chilled,Late / short
PO004659,2026-07-20,ST003,SUP010,2026-07-18,2026-07-26,2026-07-26,462,401,0.8677,0,True,Ambient,Short
PO004660,2026-07-20,ST003,SUP005,2026-07-18,2026-07-25,2026-07-25,164,142,0.8644,0,True,Ambient,Short
PO004661,2026-07-20,ST004,SUP008,2026-07-18,2026-07-27,2026-07-28,225,222,0.9862,1,False,Ambient,Late
PO004662,2026-07-20,ST004,SUP012,2026-07-18,2026-07-24,2026-07-24,459,459,1.0,0,True,Ambient,Complete
PO004663,2026-07-20,ST004,SUP011,2026-07-18,2026-07-25,2026-07-25,289,261,0.9041,0,True,Ambient,Complete
PO004664,2026-07-20,ST004,SUP007,2026-07-18,2026-07-23,2026-07-23,337,307,0.9114,0,True,Chilled,Complete
PO004665,2026-07-20,ST004,SUP006,2026-07-18,2026-07-24,2026-07-24,539,539,1.0,0,True,Ambient,Complete
PO004666,2026-07-20,ST004,SUP003,2026-07-18,2026-07-24,2026-07-24,288,264,0.9176,0,True,Ambient,Complete
PO004667,2026-07-20,ST004,SUP004,2026-07-18,2026-07-25,2026-07-25,378,366,0.9669,0,True,Ambient,Complete
PO004668,2026-07-20,ST004,SUP010,2026-07-18,2026-07-26,2026-07-26,279,264,0.9465,0,True,Ambient,Complete
PO004669,2026-07-20,ST004,SUP005,2026-07-18,2026-07-25,2026-07-25,371,366,0.9862,0,True,Ambient,Complete
PO004670,2026-07-20,ST004,SUP009,2026-07-18,2026-07-24,2026-07-24,425,425,1.0,0,True,Ambient,Complete
PO004671,2026-07-20,ST005,SUP011,2026-07-18,2026-07-25,2026-07-25,169,167,0.9891,0,True,Ambient,Complete
PO004672,2026-07-20,ST005,SUP002,2026-07-18,2026-07-23,2026-07-23,418,393,0.9409,0,True,Chilled,Complete
PO004673,2026-07-20,ST005,SUP010,2026-07-18,2026-07-26,2026-07-26,493,452,0.9176,0,True,Ambient,Complete
PO004674,2026-07-20,ST006,SUP001,2026-07-18,2026-07-24,2026-07-24,247,247,1.0,0,True,Ambient,Complete
PO004675,2026-07-20,ST006,SUP010,2026-07-18,2026-07-26,2026-07-26,159,147,0.9227,0,True,Ambient,Complete
PO004676,2026-07-20,ST006,SUP009,2026-07-18,2026-07-24,2026-07-24,169,164,0.9692,0,True,Ambient,Complete
PO004677,2026-07-20,ST007,SUP001,2026-07-18,2026-07-24,2026-07-24,464,436,0.9389,0,True,Ambient,Complete
PO004678,2026-07-20,ST007,SUP008,2026-07-18,2026-07-27,2026-07-27,252,227,0.9009,0,True,Ambient,Complete
PO004679,2026-07-20,ST007,SUP012,2026-07-18,2026-07-24,2026-07-24,438,395,0.9025,0,True,Ambient,Complete
PO004680,2026-07-20,ST007,SUP011,2026-07-18,2026-07-25,2026-07-25,204,185,0.9077,0,True,Ambient,Complete
PO004681,2026-07-20,ST007,SUP002,2026-07-18,2026-07-23,2026-07-23,263,230,0.8756,0,True,Chilled,Short
PO004682,2026-07-20,ST007,SUP007,2026-07-18,2026-07-23,2026-07-23,249,229,0.9186,0,True,Chilled,Complete
PO004683,2026-07-20,ST007,SUP006,2026-07-18,2026-07-24,2026-07-24,388,375,0.9665,0,True,Ambient,Complete
PO004684,2026-07-20,ST007,SUP003,2026-07-18,2026-07-24,2026-07-24,208,199,0.9573,0,True,Ambient,Complete
PO004685,2026-07-20,ST007,SUP004,2026-07-18,2026-07-25,2026-07-25,167,162,0.9691,0,True,Ambient,Complete
PO004686,2026-07-20,ST007,SUP005,2026-07-18,2026-07-25,2026-07-25,162,162,1.0,0,True,Ambient,Complete
PO004687,2026-07-20,ST008,SUP001,2026-07-18,2026-07-24,2026-07-24,417,387,0.9285,0,True,Ambient,Complete
PO004688,2026-07-20,ST008,SUP012,2026-07-18,2026-07-24,2026-07-24,151,137,0.9069,0,True,Ambient,Complete
PO004689,2026-07-20,ST008,SUP007,2026-07-18,2026-07-23,2026-07-23,266,243,0.9136,0,True,Chilled,Complete
PO004690,2026-07-20,ST008,SUP003,2026-07-18,2026-07-24,2026-07-24,480,449,0.9348,0,True,Ambient,Complete
PO004691,2026-07-20,ST008,SUP010,2026-07-18,2026-07-26,2026-07-26,276,260,0.9421,0,True,Ambient,Complete
PO004692,2026-07-20,ST008,SUP005,2026-07-18,2026-07-25,2026-07-25,392,378,0.9641,0,True,Ambient,Complete
PO004693,2026-07-20,ST009,SUP008,2026-07-18,2026-07-27,2026-07-27,224,203,0.9042,0,True,Ambient,Complete
PO004694,2026-07-20,ST009,SUP002,2026-07-18,2026-07-23,2026-07-23,190,185,0.9754,0,True,Chilled,Complete
PO004695,2026-07-20,ST009,SUP007,2026-07-18,2026-07-23,2026-07-23,147,134,0.9132,0,True,Chilled,Complete
PO004696,2026-07-20,ST009,SUP006,2026-07-18,2026-07-24,2026-07-24,211,201,0.9512,0,True,Ambient,Complete
PO004697,2026-07-20,ST009,SUP003,2026-07-18,2026-07-24,2026-07-24,226,217,0.9613,0,True,Ambient,Complete
PO004698,2026-07-20,ST009,SUP010,2026-07-18,2026-07-26,2026-07-26,297,250,0.8427,0,True,Ambient,Short
PO004699,2026-07-20,ST009,SUP005,2026-07-18,2026-07-25,2026-07-25,362,362,1.0,0,True,Ambient,Complete
PO004700,2026-07-20,ST009,SUP009,2026-07-18,2026-07-24,2026-07-24,272,272,1.0,0,True,Ambient,Complete
PO004701,2026-07-20,ST010,SUP002,2026-07-18,2026-07-23,2026-07-23,174,169,0.9738,0,True,Chilled,Complete
PO004702,2026-07-20,ST010,SUP007,2026-07-18,2026-07-23,2026-07-23,295,282,0.955,0,True,Chilled,Complete
PO004703,2026-07-20,ST010,SUP006,2026-07-18,2026-07-24,2026-07-24,456,451,0.9884,0,True,Ambient,Complete
PO004704,2026-07-20,ST010,SUP003,2026-07-18,2026-07-24,2026-07-24,475,449,0.9455,0,True,Ambient,Complete
PO004705,2026-07-20,ST011,SUP001,2026-07-18,2026-07-24,2026-07-24,179,177,0.9878,0,True,Ambient,Complete
PO004706,2026-07-20,ST011,SUP008,2026-07-18,2026-07-27,2026-07-27,390,319,0.8191,0,True,Ambient,Short
PO004707,2026-07-20,ST011,SUP012,2026-07-18,2026-07-24,2026-07-24,237,237,1.0,0,True,Ambient,Complete
PO004708,2026-07-20,ST011,SUP002,2026-07-18,2026-07-23,2026-07-26,352,323,0.9182,3,False,Chilled,Late
PO004709,2026-07-20,ST011,SUP007,2026-07-18,2026-07-23,2026-07-25,413,381,0.9215,2,False,Chilled,Late
PO004710,2026-07-20,ST011,SUP006,2026-07-18,2026-07-24,2026-07-26,390,379,0.9715,2,False,Ambient,Late
PO004711,2026-07-20,ST011,SUP010,2026-07-18,2026-07-26,2026-07-26,221,205,0.9296,0,True,Ambient,Complete
PO004712,2026-07-20,ST011,SUP005,2026-07-18,2026-07-25,2026-07-25,228,219,0.9613,0,True,Ambient,Complete
PO004713,2026-07-20,ST012,SUP008,2026-07-18,2026-07-27,2026-07-27,328,285,0.8694,0,True,Ambient,Short
PO004714,2026-07-20,ST012,SUP012,2026-07-18,2026-07-24,2026-07-24,248,227,0.9138,0,True,Ambient,Complete
PO004715,2026-07-20,ST012,SUP002,2026-07-18,2026-07-23,2026-07-23,199,185,0.9275,0,True,Chilled,Complete
PO004716,2026-07-20,ST012,SUP007,2026-07-18,2026-07-23,2026-07-23,193,193,0.998,0,True,Chilled,Complete
PO004717,2026-07-20,ST012,SUP003,2026-07-18,2026-07-24,2026-07-24,176,158,0.8964,0,True,Ambient,Short
PO004718,2026-07-20,ST012,SUP004,2026-07-18,2026-07-25,2026-07-25,413,411,0.994,0,True,Ambient,Complete
PO004719,2026-07-20,ST013,SUP001,2026-07-18,2026-07-24,2026-07-24,163,156,0.9549,0,True,Ambient,Complete
PO004720,2026-07-20,ST013,SUP006,2026-07-18,2026-07-24,2026-07-24,370,336,0.9084,0,True,Ambient,Complete
PO004721,2026-07-20,ST013,SUP004,2026-07-18,2026-07-25,2026-07-25,116,107,0.9267,0,True,Ambient,Complete
PO004722,2026-07-20,ST013,SUP010,2026-07-18,2026-07-26,2026-07-26,262,237,0.9049,0,True,Ambient,Complete
PO004723,2026-07-20,ST014,SUP001,2026-07-18,2026-07-24,2026-07-24,288,274,0.9518,0,True,Ambient,Complete
PO004724,2026-07-20,ST014,SUP008,2026-07-18,2026-07-27,2026-07-27,410,378,0.9219,0,True,Ambient,Complete
PO004725,2026-07-20,ST014,SUP012,2026-07-18,2026-07-24,2026-07-24,298,298,1.0,0,True,Ambient,Complete
PO004726,2026-07-20,ST014,SUP011,2026-07-18,2026-07-25,2026-07-25,254,238,0.9372,0,True,Ambient,Complete
PO004727,2026-07-20,ST014,SUP002,2026-07-18,2026-07-23,2026-07-23,395,332,0.841,0,True,Chilled,Short
PO004728,2026-07-20,ST014,SUP007,2026-07-18,2026-07-23,2026-07-23,358,358,1.0,0,True,Chilled,Complete
PO004729,2026-07-20,ST014,SUP009,2026-07-18,2026-07-24,2026-07-24,145,136,0.9392,0,True,Ambient,Complete
PO004730,2026-07-20,ST015,SUP001,2026-07-18,2026-07-24,2026-07-24,350,347,0.9922,0,True,Ambient,Complete
PO004731,2026-07-20,ST015,SUP012,2026-07-18,2026-07-24,2026-07-24,175,169,0.9657,0,True,Ambient,Complete
PO004732,2026-07-20,ST015,SUP011,2026-07-18,2026-07-25,2026-07-26,305,295,0.9659,1,False,Ambient,Late
PO004733,2026-07-20,ST015,SUP007,2026-07-18,2026-07-23,2026-07-23,356,347,0.9733,0,True,Chilled,Complete
PO004734,2026-07-20,ST015,SUP006,2026-07-18,2026-07-24,2026-07-24,214,204,0.9545,0,True,Ambient,Complete
PO004735,2026-07-20,ST015,SUP003,2026-07-18,2026-07-24,2026-07-24,274,261,0.9517,0,True,Ambient,Complete
PO004736,2026-07-20,ST015,SUP004,2026-07-18,2026-07-25,2026-07-25,346,315,0.9092,0,True,Ambient,Complete
PO004737,2026-07-20,ST015,SUP010,2026-07-18,2026-07-26,2026-07-27,283,253,0.8954,1,False,Ambient,Late / short
PO004738,2026-07-20,ST015,SUP009,2026-07-18,2026-07-24,2026-07-24,323,323,1.0,0,True,Ambient,Complete
PO004739,2026-07-20,ST016,SUP001,2026-07-18,2026-07-24,2026-07-24,472,471,0.9976,0,True,Ambient,Complete
PO004740,2026-07-20,ST016,SUP012,2026-07-18,2026-07-24,2026-07-24,340,336,0.9889,0,True,Ambient,Complete
PO004741,2026-07-20,ST016,SUP011,2026-07-18,2026-07-25,2026-07-25,392,379,0.9661,0,True,Ambient,Complete
PO004742,2026-07-20,ST016,SUP007,2026-07-18,2026-07-23,2026-07-25,408,352,0.8628,2,False,Chilled,Late / short
PO004743,2026-07-20,ST016,SUP006,2026-07-18,2026-07-24,2026-07-24,217,188,0.8686,0,True,Ambient,Short
PO004744,2026-07-20,ST016,SUP004,2026-07-18,2026-07-25,2026-07-25,378,365,0.9667,0,True,Ambient,Complete
PO004745,2026-07-20,ST016,SUP010,2026-07-18,2026-07-26,2026-07-26,239,219,0.9157,0,True,Ambient,Complete
PO004746,2026-07-20,ST016,SUP005,2026-07-18,2026-07-25,2026-07-25,203,203,1.0,0,True,Ambient,Complete
PO004747,2026-07-20,ST017,SUP001,2026-07-18,2026-07-24,2026-07-24,176,170,0.9647,0,True,Ambient,Complete
PO004748,2026-07-20,ST017,SUP003,2026-07-18,2026-07-24,2026-07-24,131,122,0.9281,0,True,Ambient,Complete
PO004749,2026-07-20,ST017,SUP004,2026-07-18,2026-07-25,2026-07-25,162,157,0.971,0,True,Ambient,Complete
PO004750,2026-07-20,ST017,SUP010,2026-07-18,2026-07-26,2026-07-26,278,258,0.9289,0,True,Ambient,Complete
PO004751,2026-07-20,ST018,SUP001,2026-07-18,2026-07-24,2026-07-24,154,127,0.8268,0,True,Ambient,Short
PO004752,2026-07-20,ST018,SUP012,2026-07-18,2026-07-24,2026-07-24,227,210,0.9241,0,True,Ambient,Complete
PO004753,2026-07-20,ST018,SUP007,2026-07-18,2026-07-23,2026-07-23,183,172,0.9395,0,True,Chilled,Complete
PO004754,2026-07-20,ST018,SUP010,2026-07-18,2026-07-26,2026-07-26,223,193,0.8661,0,True,Ambient,Short
PO004755,2026-07-20,ST018,SUP005,2026-07-18,2026-07-25,2026-07-27,243,203,0.8353,2,False,Ambient,Late / short
PO004756,2026-07-20,ST019,SUP012,2026-07-18,2026-07-24,2026-07-24,339,321,0.9465,0,True,Ambient,Complete
PO004757,2026-07-20,ST019,SUP011,2026-07-18,2026-07-25,2026-07-25,255,254,0.9959,0,True,Ambient,Complete
PO004758,2026-07-20,ST019,SUP007,2026-07-18,2026-07-23,2026-07-23,325,316,0.971,0,True,Chilled,Complete
PO004759,2026-07-20,ST019,SUP010,2026-07-18,2026-07-26,2026-07-26,450,444,0.9859,0,True,Ambient,Complete
PO004760,2026-07-20,ST019,SUP009,2026-07-18,2026-07-24,2026-07-24,192,169,0.8806,0,True,Ambient,Short
PO004761,2026-07-20,ST020,SUP012,2026-07-18,2026-07-24,2026-07-24,219,212,0.9699,0,True,Ambient,Complete
PO004762,2026-07-20,ST020,SUP011,2026-07-18,2026-07-25,2026-07-25,270,253,0.9384,0,True,Ambient,Complete
PO004763,2026-07-20,ST020,SUP002,2026-07-18,2026-07-23,2026-07-23,205,176,0.8598,0,True,Chilled,Short
PO004764,2026-07-20,ST020,SUP006,2026-07-18,2026-07-24,2026-07-24,161,150,0.9344,0,True,Ambient,Complete
PO004765,2026-07-20,ST020,SUP003,2026-07-18,2026-07-24,2026-07-24,196,186,0.9475,0,True,Ambient,Complete
PO004766,2026-07-20,ST021,SUP008,2026-07-18,2026-07-27,2026-07-27,489,459,0.9378,0,True,Ambient,Complete
PO004767,2026-07-20,ST021,SUP003,2026-07-18,2026-07-24,2026-07-24,388,383,0.9863,0,True,Ambient,Complete
PO004768,2026-07-20,ST021,SUP004,2026-07-18,2026-07-25,2026-07-25,416,366,0.8788,0,True,Ambient,Short
PO004769,2026-07-20,ST021,SUP010,2026-07-18,2026-07-26,2026-07-26,189,160,0.8452,0,True,Ambient,Short
PO004770,2026-07-20,ST021,SUP005,2026-07-18,2026-07-25,2026-07-25,449,449,1.0,0,True,Ambient,Complete
PO004771,2026-07-20,ST022,SUP008,2026-07-18,2026-07-27,2026-07-27,208,188,0.905,0,True,Ambient,Complete
PO004772,2026-07-20,ST022,SUP012,2026-07-18,2026-07-24,2026-07-24,367,344,0.9369,0,True,Ambient,Complete
PO004773,2026-07-20,ST022,SUP011,2026-07-18,2026-07-25,2026-07-25,346,322,0.9312,0,True,Ambient,Complete
PO004774,2026-07-20,ST022,SUP007,2026-07-18,2026-07-23,2026-07-23,391,341,0.872,0,True,Chilled,Short
PO004775,2026-07-20,ST022,SUP003,2026-07-18,2026-07-24,2026-07-24,395,378,0.9566,0,True,Ambient,Complete
PO004776,2026-07-20,ST022,SUP004,2026-07-18,2026-07-25,2026-07-25,428,417,0.9736,0,True,Ambient,Complete
PO004777,2026-07-20,ST022,SUP009,2026-07-18,2026-07-24,2026-07-24,353,343,0.9715,0,True,Ambient,Complete
PO004778,2026-07-20,ST023,SUP001,2026-07-18,2026-07-24,2026-07-24,124,107,0.8662,0,True,Ambient,Short
PO004779,2026-07-20,ST023,SUP008,2026-07-18,2026-07-27,2026-07-27,316,283,0.8944,0,True,Ambient,Short
PO004780,2026-07-20,ST023,SUP012,2026-07-18,2026-07-24,2026-07-24,289,256,0.8841,0,True,Ambient,Short
PO004781,2026-07-20,ST023,SUP007,2026-07-18,2026-07-23,2026-07-23,310,275,0.8877,0,True,Chilled,Short
PO004782,2026-07-20,ST023,SUP006,2026-07-18,2026-07-24,2026-07-24,362,329,0.9082,0,True,Ambient,Complete
PO004783,2026-07-20,ST023,SUP003,2026-07-18,2026-07-24,2026-07-24,315,292,0.9283,0,True,Ambient,Complete
PO004784,2026-07-20,ST023,SUP005,2026-07-18,2026-07-25,2026-07-25,211,200,0.9473,0,True,Ambient,Complete
PO004785,2026-07-20,ST023,SUP009,2026-07-18,2026-07-24,2026-07-24,335,330,0.9844,0,True,Ambient,Complete
PO004786,2026-07-20,ST024,SUP001,2026-07-18,2026-07-24,2026-07-24,293,283,0.9651,0,True,Ambient,Complete
PO004787,2026-07-20,ST024,SUP006,2026-07-18,2026-07-24,2026-07-24,220,208,0.9456,0,True,Ambient,Complete
PO004788,2026-07-20,ST024,SUP010,2026-07-18,2026-07-26,2026-07-26,293,276,0.9421,0,True,Ambient,Complete
PO004789,2026-07-20,ST025,SUP001,2026-07-18,2026-07-24,2026-07-24,328,286,0.8718,0,True,Ambient,Short
PO004790,2026-07-20,ST025,SUP012,2026-07-18,2026-07-24,2026-07-24,413,368,0.8918,0,True,Ambient,Short
PO004791,2026-07-20,ST025,SUP011,2026-07-18,2026-07-25,2026-07-25,216,213,0.9842,0,True,Ambient,Complete
PO004792,2026-07-20,ST025,SUP002,2026-07-18,2026-07-23,2026-07-24,349,301,0.8633,1,False,Chilled,Late / short
PO004793,2026-07-20,ST025,SUP006,2026-07-18,2026-07-24,2026-07-24,305,281,0.9224,0,True,Ambient,Complete
PO004794,2026-07-20,ST025,SUP010,2026-07-18,2026-07-26,2026-07-26,244,217,0.8883,0,True,Ambient,Short
PO004795,2026-07-20,ST025,SUP009,2026-07-18,2026-07-24,2026-07-24,250,238,0.9538,0,True,Ambient,Complete
PO004796,2026-07-20,ST026,SUP001,2026-07-18,2026-07-24,2026-07-24,322,307,0.9528,0,True,Ambient,Complete
PO004797,2026-07-20,ST026,SUP008,2026-07-18,2026-07-27,2026-07-27,167,150,0.8984,0,True,Ambient,Short
PO004798,2026-07-20,ST026,SUP011,2026-07-18,2026-07-25,2026-07-25,182,182,0.9974,0,True,Ambient,Complete
PO004799,2026-07-20,ST026,SUP003,2026-07-18,2026-07-24,2026-07-24,390,385,0.9878,0,True,Ambient,Complete
PO004800,2026-07-20,ST026,SUP010,2026-07-18,2026-07-26,2026-07-26,180,172,0.9576,0,True,Ambient,Complete
PO004801,2026-07-20,ST026,SUP005,2026-07-18,2026-07-25,2026-07-25,123,97,0.7894,0,True,Ambient,Short
PO004802,2026-07-20,ST026,SUP009,2026-07-18,2026-07-24,2026-07-24,131,131,1.0,0,True,Ambient,Complete
PO004803,2026-07-20,ST027,SUP001,2026-07-18,2026-07-24,2026-07-26,326,308,0.9459,2,False,Ambient,Late
PO004804,2026-07-20,ST027,SUP007,2026-07-18,2026-07-23,2026-07-23,98,89,0.9084,0,True,Chilled,Complete
PO004805,2026-07-20,ST027,SUP006,2026-07-18,2026-07-24,2026-07-24,300,274,0.9145,0,True,Ambient,Complete
PO004806,2026-07-20,ST027,SUP009,2026-07-18,2026-07-24,2026-07-24,279,279,1.0,0,True,Ambient,Complete
PO004807,2026-07-20,ST028,SUP001,2026-07-18,2026-07-24,2026-07-24,96,85,0.8862,0,True,Ambient,Short
PO004808,2026-07-20,ST028,SUP007,2026-07-18,2026-07-23,2026-07-23,98,97,0.9863,0,True,Chilled,Complete
PO004809,2026-07-20,ST028,SUP004,2026-07-18,2026-07-25,2026-07-25,273,247,0.9042,0,True,Ambient,Complete
PO004810,2026-07-20,ST028,SUP005,2026-07-18,2026-07-25,2026-07-25,136,127,0.9317,0,True,Ambient,Complete
PO004811,2026-07-20,ST029,SUP001,2026-07-18,2026-07-24,2026-07-24,232,213,0.9162,0,True,Ambient,Complete
PO004812,2026-07-20,ST029,SUP008,2026-07-18,2026-07-27,2026-07-27,257,229,0.8909,0,True,Ambient,Short
PO004813,2026-07-20,ST029,SUP011,2026-07-18,2026-07-25,2026-07-25,287,281,0.9796,0,True,Ambient,Complete
PO004814,2026-07-20,ST029,SUP006,2026-07-18,2026-07-24,2026-07-24,186,169,0.9072,0,True,Ambient,Complete
PO004815,2026-07-20,ST029,SUP003,2026-07-18,2026-07-24,2026-07-24,318,318,1.0,0,True,Ambient,Complete
PO004816,2026-07-20,ST029,SUP004,2026-07-18,2026-07-25,2026-07-25,338,302,0.8944,0,True,Ambient,Short
PO004817,2026-07-20,ST029,SUP010,2026-07-18,2026-07-26,2026-07-26,252,221,0.8756,0,True,Ambient,Short
PO004818,2026-07-20,ST029,SUP005,2026-07-18,2026-07-25,2026-07-25,259,231,0.8908,0,True,Ambient,Short
PO004819,2026-07-20,ST030,SUP001,2026-07-18,2026-07-24,2026-07-24,272,259,0.9514,0,True,Ambient,Complete
PO004820,2026-07-20,ST030,SUP008,2026-07-18,2026-07-27,2026-07-27,389,333,0.8562,0,True,Ambient,Short
PO004821,2026-07-20,ST030,SUP011,2026-07-18,2026-07-25,2026-07-25,297,281,0.9446,0,True,Ambient,Complete
PO004822,2026-07-20,ST030,SUP002,2026-07-18,2026-07-23,2026-07-25,260,201,0.7741,2,False,Chilled,Late / short
PO004823,2026-07-20,ST030,SUP006,2026-07-18,2026-07-24,2026-07-24,195,184,0.9459,0,True,Ambient,Complete
PO004824,2026-07-20,ST030,SUP003,2026-07-18,2026-07-24,2026-07-24,258,237,0.9181,0,True,Ambient,Complete
PO004825,2026-07-20,ST030,SUP005,2026-07-18,2026-07-25,2026-07-25,402,358,0.8896,0,True,Ambient,Short
PO004826,2026-07-20,ST031,SUP001,2026-07-18,2026-07-24,2026-07-24,294,263,0.894,0,True,Ambient,Short
PO004827,2026-07-20,ST031,SUP002,2026-07-18,2026-07-23,2026-07-23,123,99,0.8052,0,True,Chilled,Short
PO004828,2026-07-20,ST031,SUP007,2026-07-18,2026-07-23,2026-07-23,166,155,0.9338,0,True,Chilled,Complete
PO004829,2026-07-20,ST031,SUP010,2026-07-18,2026-07-26,2026-07-26,96,87,0.9031,0,True,Ambient,Complete
PO004830,2026-07-20,ST031,SUP005,2026-07-18,2026-07-25,2026-07-25,128,119,0.9262,0,True,Ambient,Complete
PO004831,2026-07-20,ST032,SUP011,2026-07-18,2026-07-25,2026-07-25,141,132,0.9388,0,True,Ambient,Complete
PO004832,2026-07-20,ST032,SUP002,2026-07-18,2026-07-23,2026-07-28,226,181,0.802,5,False,Chilled,Late / short
PO004833,2026-07-20,ST032,SUP007,2026-07-18,2026-07-23,2026-07-23,103,100,0.9698,0,True,Chilled,Complete
PO004834,2026-07-20,ST032,SUP006,2026-07-18,2026-07-24,2026-07-24,282,282,0.999,0,True,Ambient,Complete
PO004835,2026-07-20,ST032,SUP003,2026-07-18,2026-07-24,2026-07-24,136,127,0.9369,0,True,Ambient,Complete
PO004836,2026-07-20,ST032,SUP009,2026-07-18,2026-07-24,2026-07-24,301,275,0.9147,0,True,Ambient,Complete
PO004837,2026-07-20,ST033,SUP001,2026-07-18,2026-07-24,2026-07-24,148,138,0.9328,0,True,Ambient,Complete
PO004838,2026-07-20,ST033,SUP012,2026-07-18,2026-07-24,2026-07-24,241,235,0.9772,0,True,Ambient,Complete
PO004839,2026-07-20,ST033,SUP011,2026-07-18,2026-07-25,2026-07-25,278,244,0.877,0,True,Ambient,Short
PO004840,2026-07-20,ST033,SUP003,2026-07-18,2026-07-24,2026-07-24,132,123,0.93,0,True,Ambient,Complete
PO004841,2026-07-20,ST033,SUP004,2026-07-18,2026-07-25,2026-07-25,254,248,0.9758,0,True,Ambient,Complete
PO004842,2026-07-20,ST033,SUP009,2026-07-18,2026-07-24,2026-07-24,275,275,1.0,0,True,Ambient,Complete
PO004843,2026-07-20,ST034,SUP001,2026-07-18,2026-07-24,2026-07-24,194,194,1.0,0,True,Ambient,Complete
PO004844,2026-07-20,ST034,SUP012,2026-07-18,2026-07-24,2026-07-24,88,82,0.9336,0,True,Ambient,Complete
PO004845,2026-07-20,ST034,SUP002,2026-07-18,2026-07-23,2026-07-23,95,83,0.8758,0,True,Chilled,Short
PO004846,2026-07-20,ST034,SUP007,2026-07-18,2026-07-23,2026-07-23,123,111,0.8987,0,True,Chilled,Short
PO004847,2026-07-20,ST034,SUP006,2026-07-18,2026-07-24,2026-07-24,263,263,1.0,0,True,Ambient,Complete
PO004848,2026-07-20,ST034,SUP003,2026-07-18,2026-07-24,2026-07-24,138,128,0.9257,0,True,Ambient,Complete
PO004849,2026-07-20,ST034,SUP010,2026-07-18,2026-07-26,2026-07-26,263,235,0.8935,0,True,Ambient,Short
PO004850,2026-07-20,ST034,SUP005,2026-07-18,2026-07-25,2026-07-25,256,254,0.9921,0,True,Ambient,Complete
PO004851,2026-07-20,ST035,SUP001,2026-07-18,2026-07-24,2026-07-26,138,118,0.8534,2,False,Ambient,Late / short
PO004852,2026-07-20,ST035,SUP008,2026-07-18,2026-07-27,2026-07-27,224,203,0.9072,0,True,Ambient,Complete
PO004853,2026-07-20,ST035,SUP002,2026-07-18,2026-07-23,2026-07-23,138,99,0.7182,0,True,Chilled,Short
PO004854,2026-07-20,ST035,SUP003,2026-07-18,2026-07-24,2026-07-24,133,124,0.931,0,True,Ambient,Complete
PO004855,2026-07-20,ST035,SUP004,2026-07-18,2026-07-25,2026-07-25,141,129,0.9153,0,True,Ambient,Complete
PO004856,2026-07-20,ST035,SUP009,2026-07-18,2026-07-24,2026-07-24,153,144,0.9436,0,True,Ambient,Complete
PO004857,2026-07-20,ST036,SUP001,2026-07-18,2026-07-24,2026-07-24,213,200,0.9395,0,True,Ambient,Complete
PO004858,2026-07-20,ST036,SUP008,2026-07-18,2026-07-27,2026-07-27,294,275,0.935,0,True,Ambient,Complete
PO004859,2026-07-20,ST036,SUP012,2026-07-18,2026-07-24,2026-07-24,148,144,0.9746,0,True,Ambient,Complete
PO004860,2026-07-20,ST036,SUP011,2026-07-18,2026-07-25,2026-07-25,183,164,0.896,0,True,Ambient,Short
PO004861,2026-07-20,ST036,SUP006,2026-07-18,2026-07-24,2026-07-24,294,267,0.9069,0,True,Ambient,Complete
PO004862,2026-07-20,ST036,SUP003,2026-07-18,2026-07-24,2026-07-24,273,249,0.911,0,True,Ambient,Complete
PO004863,2026-07-20,ST036,SUP004,2026-07-18,2026-07-25,2026-07-25,160,160,1.0,0,True,Ambient,Complete
PO004864,2026-07-20,ST036,SUP005,2026-07-18,2026-07-25,2026-07-25,152,146,0.9625,0,True,Ambient,Complete
PO004865,2026-07-20,ST036,SUP009,2026-07-18,2026-07-24,2026-07-24,321,295,0.9192,0,True,Ambient,Complete
PO004866,2026-07-27,ST001,SUP008,2026-07-25,2026-08-03,2026-08-03,288,250,0.8696,0,True,Ambient,Short
PO004867,2026-07-27,ST001,SUP007,2026-07-25,2026-07-30,2026-07-30,257,249,0.9697,0,True,Chilled,Complete
PO004868,2026-07-27,ST001,SUP006,2026-07-25,2026-07-31,2026-07-31,282,269,0.9553,0,True,Ambient,Complete
PO004869,2026-07-27,ST001,SUP004,2026-07-25,2026-08-01,2026-08-01,171,171,1.0,0,True,Ambient,Complete
PO004870,2026-07-27,ST002,SUP012,2026-07-25,2026-07-31,2026-07-31,371,362,0.9761,0,True,Ambient,Complete
PO004871,2026-07-27,ST002,SUP002,2026-07-25,2026-07-30,2026-07-30,439,389,0.887,0,True,Chilled,Short
PO004872,2026-07-27,ST002,SUP007,2026-07-25,2026-07-30,2026-07-30,270,240,0.8887,0,True,Chilled,Short
PO004873,2026-07-27,ST002,SUP003,2026-07-25,2026-07-31,2026-07-31,378,355,0.94,0,True,Ambient,Complete
PO004874,2026-07-27,ST002,SUP010,2026-07-25,2026-08-02,2026-08-02,183,164,0.8965,0,True,Ambient,Short
PO004875,2026-07-27,ST003,SUP001,2026-07-25,2026-07-31,2026-07-31,178,168,0.9421,0,True,Ambient,Complete
PO004876,2026-07-27,ST003,SUP008,2026-07-25,2026-08-03,2026-08-03,230,199,0.8657,0,True,Ambient,Short
PO004877,2026-07-27,ST003,SUP002,2026-07-25,2026-07-30,2026-07-30,236,219,0.9273,0,True,Chilled,Complete
PO004878,2026-07-27,ST003,SUP007,2026-07-25,2026-07-30,2026-07-31,357,313,0.8762,1,False,Chilled,Late / short
PO004879,2026-07-27,ST003,SUP006,2026-07-25,2026-07-31,2026-07-31,356,331,0.9284,0,True,Ambient,Complete
PO004880,2026-07-27,ST003,SUP010,2026-07-25,2026-08-02,2026-08-02,465,396,0.8522,0,True,Ambient,Short
PO004881,2026-07-27,ST003,SUP005,2026-07-25,2026-08-01,2026-08-01,330,311,0.9432,0,True,Ambient,Complete
PO004882,2026-07-27,ST003,SUP009,2026-07-25,2026-07-31,2026-07-31,172,160,0.9277,0,True,Ambient,Complete
PO004883,2026-07-27,ST004,SUP001,2026-07-25,2026-07-31,2026-07-31,184,179,0.9741,0,True,Ambient,Complete
PO004884,2026-07-27,ST004,SUP008,2026-07-25,2026-08-03,2026-08-03,346,302,0.8723,0,True,Ambient,Short
PO004885,2026-07-27,ST004,SUP012,2026-07-25,2026-07-31,2026-07-31,261,248,0.9488,0,True,Ambient,Complete
PO004886,2026-07-27,ST004,SUP002,2026-07-25,2026-07-30,2026-07-30,478,456,0.9547,0,True,Chilled,Complete
PO004887,2026-07-27,ST004,SUP007,2026-07-25,2026-07-30,2026-07-30,494,494,1.0,0,True,Chilled,Complete
PO004888,2026-07-27,ST004,SUP003,2026-07-25,2026-07-31,2026-07-31,223,215,0.9629,0,True,Ambient,Complete
PO004889,2026-07-27,ST004,SUP005,2026-07-25,2026-08-01,2026-08-01,187,187,1.0,0,True,Ambient,Complete
PO004890,2026-07-27,ST004,SUP009,2026-07-25,2026-07-31,2026-07-31,374,374,1.0,0,True,Ambient,Complete
PO004891,2026-07-27,ST005,SUP001,2026-07-25,2026-07-31,2026-07-31,284,276,0.9712,0,True,Ambient,Complete
PO004892,2026-07-27,ST005,SUP008,2026-07-25,2026-08-03,2026-08-03,256,233,0.9109,0,True,Ambient,Complete
PO004893,2026-07-27,ST005,SUP012,2026-07-25,2026-07-31,2026-07-31,483,483,1.0,0,True,Ambient,Complete
PO004894,2026-07-27,ST005,SUP002,2026-07-25,2026-07-30,2026-07-30,379,344,0.908,0,True,Chilled,Complete
PO004895,2026-07-27,ST005,SUP007,2026-07-25,2026-07-30,2026-07-30,261,238,0.9109,0,True,Chilled,Complete
PO004896,2026-07-27,ST005,SUP006,2026-07-25,2026-07-31,2026-07-31,462,462,1.0,0,True,Ambient,Complete
PO004897,2026-07-27,ST005,SUP004,2026-07-25,2026-08-01,2026-08-01,238,221,0.9282,0,True,Ambient,Complete
PO004898,2026-07-27,ST005,SUP010,2026-07-25,2026-08-02,2026-08-02,491,458,0.9329,0,True,Ambient,Complete
PO004899,2026-07-27,ST005,SUP005,2026-07-25,2026-08-01,2026-08-01,492,473,0.9608,0,True,Ambient,Complete
PO004900,2026-07-27,ST005,SUP009,2026-07-25,2026-07-31,2026-07-31,442,417,0.9432,0,True,Ambient,Complete
PO004901,2026-07-27,ST006,SUP001,2026-07-25,2026-07-31,2026-07-31,520,505,0.9709,0,True,Ambient,Complete
PO004902,2026-07-27,ST006,SUP008,2026-07-25,2026-08-03,2026-08-03,491,440,0.8957,0,True,Ambient,Short
PO004903,2026-07-27,ST006,SUP011,2026-07-25,2026-08-01,2026-08-01,512,489,0.9552,0,True,Ambient,Complete
PO004904,2026-07-27,ST006,SUP002,2026-07-25,2026-07-30,2026-07-30,516,448,0.8684,0,True,Chilled,Short
PO004905,2026-07-27,ST006,SUP007,2026-07-25,2026-07-30,2026-07-30,347,338,0.9737,0,True,Chilled,Complete
PO004906,2026-07-27,ST006,SUP004,2026-07-25,2026-08-01,2026-08-01,462,428,0.9264,0,True,Ambient,Complete
PO004907,2026-07-27,ST006,SUP005,2026-07-25,2026-08-01,2026-08-01,487,466,0.9576,0,True,Ambient,Complete
PO004908,2026-07-27,ST006,SUP009,2026-07-25,2026-07-31,2026-07-31,423,418,0.9886,0,True,Ambient,Complete
PO004909,2026-07-27,ST007,SUP001,2026-07-25,2026-07-31,2026-07-31,339,339,1.0,0,True,Ambient,Complete
PO004910,2026-07-27,ST007,SUP012,2026-07-25,2026-07-31,2026-07-31,266,249,0.9353,0,True,Ambient,Complete
PO004911,2026-07-27,ST007,SUP011,2026-07-25,2026-08-01,2026-08-01,480,442,0.9214,0,True,Ambient,Complete
PO004912,2026-07-27,ST007,SUP007,2026-07-25,2026-07-30,2026-07-31,363,349,0.9625,1,False,Chilled,Late
PO004913,2026-07-27,ST007,SUP003,2026-07-25,2026-07-31,2026-07-31,262,262,1.0,0,True,Ambient,Complete
PO004914,2026-07-27,ST007,SUP005,2026-07-25,2026-08-01,2026-08-01,365,346,0.9483,0,True,Ambient,Complete
PO004915,2026-07-27,ST007,SUP009,2026-07-25,2026-07-31,2026-07-31,432,403,0.9337,0,True,Ambient,Complete
PO004916,2026-07-27,ST008,SUP001,2026-07-25,2026-07-31,2026-07-31,304,289,0.9511,0,True,Ambient,Complete
PO004917,2026-07-27,ST008,SUP008,2026-07-25,2026-08-03,2026-08-03,304,272,0.8935,0,True,Ambient,Short
PO004918,2026-07-27,ST008,SUP012,2026-07-25,2026-07-31,2026-07-31,406,406,1.0,0,True,Ambient,Complete
PO004919,2026-07-27,ST008,SUP007,2026-07-25,2026-07-30,2026-07-30,163,146,0.8941,0,True,Chilled,Short
PO004920,2026-07-27,ST008,SUP006,2026-07-25,2026-07-31,2026-08-02,219,210,0.9579,2,False,Ambient,Late
PO004921,2026-07-27,ST008,SUP003,2026-07-25,2026-07-31,2026-07-31,405,405,0.9991,0,True,Ambient,Complete
PO004922,2026-07-27,ST008,SUP004,2026-07-25,2026-08-01,2026-08-01,372,337,0.9061,0,True,Ambient,Complete
PO004923,2026-07-27,ST008,SUP005,2026-07-25,2026-08-01,2026-08-01,438,412,0.941,0,True,Ambient,Complete
PO004924,2026-07-27,ST008,SUP009,2026-07-25,2026-07-31,2026-07-31,234,228,0.9761,0,True,Ambient,Complete
PO004925,2026-07-27,ST009,SUP008,2026-07-25,2026-08-03,2026-08-03,183,183,1.0,0,True,Ambient,Complete
PO004926,2026-07-27,ST009,SUP012,2026-07-25,2026-07-31,2026-07-31,190,190,1.0,0,True,Ambient,Complete
PO004927,2026-07-27,ST009,SUP011,2026-07-25,2026-08-01,2026-08-01,143,134,0.9343,0,True,Ambient,Complete
PO004928,2026-07-27,ST009,SUP002,2026-07-25,2026-07-30,2026-07-30,187,167,0.892,0,True,Chilled,Short
PO004929,2026-07-27,ST009,SUP003,2026-07-25,2026-07-31,2026-07-31,431,431,1.0,0,True,Ambient,Complete
PO004930,2026-07-27,ST009,SUP009,2026-07-25,2026-07-31,2026-07-31,275,275,1.0,0,True,Ambient,Complete
PO004931,2026-07-27,ST010,SUP001,2026-07-25,2026-07-31,2026-07-31,401,379,0.9449,0,True,Ambient,Complete
PO004932,2026-07-27,ST010,SUP002,2026-07-25,2026-07-30,2026-07-30,436,367,0.8426,0,True,Chilled,Short
PO004933,2026-07-27,ST010,SUP007,2026-07-25,2026-07-30,2026-07-30,371,342,0.921,0,True,Chilled,Complete
PO004934,2026-07-27,ST010,SUP003,2026-07-25,2026-07-31,2026-07-31,412,380,0.922,0,True,Ambient,Complete
PO004935,2026-07-27,ST010,SUP010,2026-07-25,2026-08-02,2026-08-02,453,453,1.0,0,True,Ambient,Complete
PO004936,2026-07-27,ST010,SUP005,2026-07-25,2026-08-01,2026-08-01,334,313,0.9373,0,True,Ambient,Complete
PO004937,2026-07-27,ST011,SUP008,2026-07-25,2026-08-03,2026-08-03,220,168,0.764,0,True,Ambient,Short
PO004938,2026-07-27,ST011,SUP012,2026-07-25,2026-07-31,2026-07-31,235,222,0.9467,0,True,Ambient,Complete
PO004939,2026-07-27,ST011,SUP006,2026-07-25,2026-07-31,2026-07-31,262,230,0.8786,0,True,Ambient,Short
PO004940,2026-07-27,ST011,SUP010,2026-07-25,2026-08-02,2026-08-02,281,261,0.9295,0,True,Ambient,Complete
PO004941,2026-07-27,ST011,SUP009,2026-07-25,2026-07-31,2026-08-02,280,279,0.9962,2,False,Ambient,Late
PO004942,2026-07-27,ST012,SUP001,2026-07-25,2026-07-31,2026-07-31,430,378,0.8788,0,True,Ambient,Short
PO004943,2026-07-27,ST012,SUP012,2026-07-25,2026-07-31,2026-07-31,358,355,0.993,0,True,Ambient,Complete
PO004944,2026-07-27,ST012,SUP011,2026-07-25,2026-08-01,2026-08-01,395,366,0.9256,0,True,Ambient,Complete
PO004945,2026-07-27,ST012,SUP002,2026-07-25,2026-07-30,2026-07-30,299,269,0.8987,0,True,Chilled,Short
PO004946,2026-07-27,ST012,SUP007,2026-07-25,2026-07-30,2026-07-30,298,283,0.9485,0,True,Chilled,Complete
PO004947,2026-07-27,ST012,SUP003,2026-07-25,2026-07-31,2026-07-31,442,428,0.9675,0,True,Ambient,Complete
PO004948,2026-07-27,ST012,SUP010,2026-07-25,2026-08-02,2026-08-02,172,160,0.928,0,True,Ambient,Complete
PO004949,2026-07-27,ST012,SUP005,2026-07-25,2026-08-01,2026-08-01,393,378,0.9614,0,True,Ambient,Complete
PO004950,2026-07-27,ST013,SUP001,2026-07-25,2026-07-31,2026-07-31,263,245,0.9301,0,True,Ambient,Complete
PO004951,2026-07-27,ST013,SUP011,2026-07-25,2026-08-01,2026-08-04,368,359,0.9766,3,False,Ambient,Late
PO004952,2026-07-27,ST013,SUP004,2026-07-25,2026-08-01,2026-08-01,164,151,0.9183,0,True,Ambient,Complete
PO004953,2026-07-27,ST013,SUP010,2026-07-25,2026-08-02,2026-08-04,273,238,0.8709,2,False,Ambient,Late / short
PO004954,2026-07-27,ST014,SUP001,2026-07-25,2026-07-31,2026-07-31,343,307,0.8944,0,True,Ambient,Short
PO004955,2026-07-27,ST014,SUP012,2026-07-25,2026-07-31,2026-07-31,137,135,0.9868,0,True,Ambient,Complete
PO004956,2026-07-27,ST014,SUP011,2026-07-25,2026-08-01,2026-08-01,158,144,0.9083,0,True,Ambient,Complete
PO004957,2026-07-27,ST014,SUP002,2026-07-25,2026-07-30,2026-07-31,423,407,0.9612,1,False,Chilled,Late
PO004958,2026-07-27,ST014,SUP007,2026-07-25,2026-07-30,2026-07-30,161,136,0.8445,0,True,Chilled,Short
PO004959,2026-07-27,ST014,SUP006,2026-07-25,2026-07-31,2026-07-31,290,283,0.9742,0,True,Ambient,Complete
PO004960,2026-07-27,ST014,SUP004,2026-07-25,2026-08-01,2026-08-01,260,253,0.9714,0,True,Ambient,Complete
PO004961,2026-07-27,ST014,SUP005,2026-07-25,2026-08-01,2026-08-03,266,238,0.894,2,False,Ambient,Late / short
PO004962,2026-07-27,ST014,SUP009,2026-07-25,2026-07-31,2026-07-31,324,305,0.94,0,True,Ambient,Complete
PO004963,2026-07-27,ST015,SUP001,2026-07-25,2026-07-31,2026-07-31,232,218,0.9415,0,True,Ambient,Complete
PO004964,2026-07-27,ST015,SUP008,2026-07-25,2026-08-03,2026-08-03,134,126,0.9423,0,True,Ambient,Complete
PO004965,2026-07-27,ST015,SUP002,2026-07-25,2026-07-30,2026-07-30,297,246,0.8298,0,True,Chilled,Short
PO004966,2026-07-27,ST015,SUP007,2026-07-25,2026-07-30,2026-07-30,220,199,0.9062,0,True,Chilled,Complete
PO004967,2026-07-27,ST015,SUP006,2026-07-25,2026-07-31,2026-07-31,192,192,1.0,0,True,Ambient,Complete
PO004968,2026-07-27,ST015,SUP005,2026-07-25,2026-08-01,2026-08-04,325,295,0.9067,3,False,Ambient,Late
PO004969,2026-07-27,ST015,SUP009,2026-07-25,2026-07-31,2026-07-31,216,216,1.0,0,True,Ambient,Complete
PO004970,2026-07-27,ST016,SUP012,2026-07-25,2026-07-31,2026-07-31,149,144,0.9655,0,True,Ambient,Complete
PO004971,2026-07-27,ST016,SUP011,2026-07-25,2026-08-01,2026-08-01,461,443,0.9619,0,True,Ambient,Complete
PO004972,2026-07-27,ST016,SUP002,2026-07-25,2026-07-30,2026-07-30,467,426,0.9128,0,True,Chilled,Complete
PO004973,2026-07-27,ST016,SUP007,2026-07-25,2026-07-30,2026-07-30,297,297,1.0,0,True,Chilled,Complete
PO004974,2026-07-27,ST016,SUP003,2026-07-25,2026-07-31,2026-07-31,444,405,0.9124,0,True,Ambient,Complete
PO004975,2026-07-27,ST016,SUP005,2026-07-25,2026-08-01,2026-08-01,151,137,0.9096,0,True,Ambient,Complete
PO004976,2026-07-27,ST016,SUP009,2026-07-25,2026-07-31,2026-07-31,340,335,0.986,0,True,Ambient,Complete
PO004977,2026-07-27,ST017,SUP001,2026-07-25,2026-07-31,2026-07-31,273,237,0.8665,0,True,Ambient,Short
PO004978,2026-07-27,ST017,SUP008,2026-07-25,2026-08-03,2026-08-03,386,349,0.9045,0,True,Ambient,Complete
PO004979,2026-07-27,ST017,SUP007,2026-07-25,2026-07-30,2026-07-30,367,322,0.8775,0,True,Chilled,Short
PO004980,2026-07-27,ST017,SUP006,2026-07-25,2026-07-31,2026-07-31,337,325,0.9643,0,True,Ambient,Complete
PO004981,2026-07-27,ST017,SUP010,2026-07-25,2026-08-02,2026-08-05,150,136,0.9042,3,False,Ambient,Late
PO004982,2026-07-27,ST017,SUP005,2026-07-25,2026-08-01,2026-08-01,260,241,0.9271,0,True,Ambient,Complete
PO004983,2026-07-27,ST017,SUP009,2026-07-25,2026-07-31,2026-07-31,155,148,0.9561,0,True,Ambient,Complete
PO004984,2026-07-27,ST018,SUP008,2026-07-25,2026-08-03,2026-08-03,415,372,0.897,0,True,Ambient,Short
PO004985,2026-07-27,ST018,SUP002,2026-07-25,2026-07-30,2026-07-30,382,347,0.9095,0,True,Chilled,Complete
PO004986,2026-07-27,ST018,SUP006,2026-07-25,2026-07-31,2026-07-31,372,358,0.961,0,True,Ambient,Complete
PO004987,2026-07-27,ST018,SUP004,2026-07-25,2026-08-01,2026-08-01,224,191,0.8531,0,True,Ambient,Short
PO004988,2026-07-27,ST018,SUP010,2026-07-25,2026-08-02,2026-08-02,237,216,0.9099,0,True,Ambient,Complete
PO004989,2026-07-27,ST018,SUP009,2026-07-25,2026-07-31,2026-07-31,399,381,0.9559,0,True,Ambient,Complete
PO004990,2026-07-27,ST019,SUP001,2026-07-25,2026-07-31,2026-07-31,336,336,1.0,0,True,Ambient,Complete
PO004991,2026-07-27,ST019,SUP011,2026-07-25,2026-08-01,2026-08-01,359,353,0.9827,0,True,Ambient,Complete
PO004992,2026-07-27,ST019,SUP002,2026-07-25,2026-07-30,2026-07-30,344,321,0.9344,0,True,Chilled,Complete
PO004993,2026-07-27,ST019,SUP006,2026-07-25,2026-07-31,2026-07-31,140,137,0.9779,0,True,Ambient,Complete
PO004994,2026-07-27,ST019,SUP003,2026-07-25,2026-07-31,2026-07-31,204,195,0.9539,0,True,Ambient,Complete
PO004995,2026-07-27,ST019,SUP004,2026-07-25,2026-08-01,2026-08-01,259,259,1.0,0,True,Ambient,Complete
PO004996,2026-07-27,ST019,SUP010,2026-07-25,2026-08-02,2026-08-02,339,310,0.9138,0,True,Ambient,Complete
PO004997,2026-07-27,ST020,SUP001,2026-07-25,2026-07-31,2026-07-31,346,344,0.9945,0,True,Ambient,Complete
PO004998,2026-07-27,ST020,SUP008,2026-07-25,2026-08-03,2026-08-03,323,305,0.9456,0,True,Ambient,Complete
PO004999,2026-07-27,ST020,SUP012,2026-07-25,2026-07-31,2026-07-31,127,127,1.0,0,True,Ambient,Complete
PO005000,2026-07-27,ST020,SUP007,2026-07-25,2026-07-30,2026-07-30,165,165,1.0,0,True,Chilled,Complete
PO005001,2026-07-27,ST020,SUP006,2026-07-25,2026-07-31,2026-07-31,291,278,0.9564,0,True,Ambient,Complete
PO005002,2026-07-27,ST020,SUP003,2026-07-25,2026-07-31,2026-07-31,249,249,1.0,0,True,Ambient,Complete
PO005003,2026-07-27,ST020,SUP004,2026-07-25,2026-08-01,2026-08-01,182,179,0.9812,0,True,Ambient,Complete
PO005004,2026-07-27,ST020,SUP010,2026-07-25,2026-08-02,2026-08-02,170,148,0.8682,0,True,Ambient,Short
PO005005,2026-07-27,ST020,SUP009,2026-07-25,2026-07-31,2026-07-31,187,177,0.9476,0,True,Ambient,Complete
PO005006,2026-07-27,ST021,SUP012,2026-07-25,2026-07-31,2026-07-31,376,376,1.0,0,True,Ambient,Complete
PO005007,2026-07-27,ST021,SUP007,2026-07-25,2026-07-30,2026-07-30,403,397,0.9861,0,True,Chilled,Complete
PO005008,2026-07-27,ST021,SUP003,2026-07-25,2026-07-31,2026-07-31,334,281,0.8402,0,True,Ambient,Short
PO005009,2026-07-27,ST021,SUP005,2026-07-25,2026-08-01,2026-08-01,301,290,0.965,0,True,Ambient,Complete
PO005010,2026-07-27,ST022,SUP001,2026-07-25,2026-07-31,2026-07-31,421,384,0.9117,0,True,Ambient,Complete
PO005011,2026-07-27,ST022,SUP011,2026-07-25,2026-08-01,2026-08-01,149,144,0.9659,0,True,Ambient,Complete
PO005012,2026-07-27,ST022,SUP002,2026-07-25,2026-07-30,2026-08-01,210,147,0.6981,2,False,Chilled,Late / short
PO005013,2026-07-27,ST022,SUP007,2026-07-25,2026-07-30,2026-07-30,199,193,0.9676,0,True,Chilled,Complete
PO005014,2026-07-27,ST022,SUP006,2026-07-25,2026-07-31,2026-07-31,393,357,0.9085,0,True,Ambient,Complete
PO005015,2026-07-27,ST022,SUP003,2026-07-25,2026-07-31,2026-07-31,214,197,0.9208,0,True,Ambient,Complete
PO005016,2026-07-27,ST022,SUP010,2026-07-25,2026-08-02,2026-08-02,350,336,0.96,0,True,Ambient,Complete
PO005017,2026-07-27,ST023,SUP008,2026-07-25,2026-08-03,2026-08-03,254,242,0.9539,0,True,Ambient,Complete
PO005018,2026-07-27,ST023,SUP012,2026-07-25,2026-07-31,2026-07-31,228,228,1.0,0,True,Ambient,Complete
PO005019,2026-07-27,ST023,SUP011,2026-07-25,2026-08-01,2026-08-01,123,116,0.9425,0,True,Ambient,Complete
PO005020,2026-07-27,ST023,SUP002,2026-07-25,2026-07-30,2026-07-31,140,115,0.8235,1,False,Chilled,Late / short
PO005021,2026-07-27,ST023,SUP007,2026-07-25,2026-07-30,2026-07-30,173,157,0.9056,0,True,Chilled,Complete
PO005022,2026-07-27,ST023,SUP010,2026-07-25,2026-08-02,2026-08-02,130,129,0.9904,0,True,Ambient,Complete
PO005023,2026-07-27,ST023,SUP009,2026-07-25,2026-07-31,2026-07-31,240,214,0.8901,0,True,Ambient,Short
PO005024,2026-07-27,ST024,SUP001,2026-07-25,2026-07-31,2026-07-31,268,268,1.0,0,True,Ambient,Complete
PO005025,2026-07-27,ST024,SUP011,2026-07-25,2026-08-01,2026-08-01,134,128,0.9515,0,True,Ambient,Complete
PO005026,2026-07-27,ST024,SUP002,2026-07-25,2026-07-30,2026-08-01,280,196,0.7013,2,False,Chilled,Late / short
PO005027,2026-07-27,ST024,SUP003,2026-07-25,2026-07-31,2026-07-31,303,303,1.0,0,True,Ambient,Complete
PO005028,2026-07-27,ST024,SUP010,2026-07-25,2026-08-02,2026-08-02,146,144,0.9866,0,True,Ambient,Complete
PO005029,2026-07-27,ST024,SUP005,2026-07-25,2026-08-01,2026-08-01,201,201,1.0,0,True,Ambient,Complete
PO005030,2026-07-27,ST025,SUP001,2026-07-25,2026-07-31,2026-07-31,368,368,1.0,0,True,Ambient,Complete
PO005031,2026-07-27,ST025,SUP012,2026-07-25,2026-07-31,2026-07-31,368,360,0.9774,0,True,Ambient,Complete
PO005032,2026-07-27,ST025,SUP006,2026-07-25,2026-07-31,2026-07-31,211,205,0.9698,0,True,Ambient,Complete
PO005033,2026-07-27,ST025,SUP004,2026-07-25,2026-08-01,2026-08-01,245,245,1.0,0,True,Ambient,Complete
PO005034,2026-07-27,ST025,SUP010,2026-07-25,2026-08-02,2026-08-02,191,184,0.9641,0,True,Ambient,Complete
PO005035,2026-07-27,ST026,SUP001,2026-07-25,2026-07-31,2026-07-31,131,130,0.9938,0,True,Ambient,Complete
PO005036,2026-07-27,ST026,SUP008,2026-07-25,2026-08-03,2026-08-03,219,208,0.9479,0,True,Ambient,Complete
PO005037,2026-07-27,ST026,SUP002,2026-07-25,2026-07-30,2026-07-30,298,223,0.7481,0,True,Chilled,Short
PO005038,2026-07-27,ST026,SUP006,2026-07-25,2026-07-31,2026-08-01,258,254,0.9839,1,False,Ambient,Late
PO005039,2026-07-27,ST026,SUP004,2026-07-25,2026-08-01,2026-08-01,140,132,0.9435,0,True,Ambient,Complete
PO005040,2026-07-27,ST026,SUP009,2026-07-25,2026-07-31,2026-07-31,170,156,0.9184,0,True,Ambient,Complete
PO005041,2026-07-27,ST027,SUP008,2026-07-25,2026-08-03,2026-08-04,268,235,0.8775,1,False,Ambient,Late / short
PO005042,2026-07-27,ST027,SUP002,2026-07-25,2026-07-30,2026-07-30,168,152,0.9046,0,True,Chilled,Complete
PO005043,2026-07-27,ST027,SUP006,2026-07-25,2026-07-31,2026-07-31,206,188,0.9124,0,True,Ambient,Complete
PO005044,2026-07-27,ST027,SUP003,2026-07-25,2026-07-31,2026-07-31,237,214,0.9035,0,True,Ambient,Complete
PO005045,2026-07-27,ST027,SUP005,2026-07-25,2026-08-01,2026-08-01,327,318,0.9739,0,True,Ambient,Complete
PO005046,2026-07-27,ST028,SUP001,2026-07-25,2026-07-31,2026-07-31,325,290,0.8928,0,True,Ambient,Short
PO005047,2026-07-27,ST028,SUP008,2026-07-25,2026-08-03,2026-08-03,193,180,0.9336,0,True,Ambient,Complete
PO005048,2026-07-27,ST028,SUP011,2026-07-25,2026-08-01,2026-08-01,287,254,0.8844,0,True,Ambient,Short
PO005049,2026-07-27,ST028,SUP007,2026-07-25,2026-07-30,2026-07-30,279,258,0.9253,0,True,Chilled,Complete
PO005050,2026-07-27,ST028,SUP004,2026-07-25,2026-08-01,2026-08-01,192,188,0.9799,0,True,Ambient,Complete
PO005051,2026-07-27,ST028,SUP005,2026-07-25,2026-08-01,2026-08-01,161,155,0.9599,0,True,Ambient,Complete
PO005052,2026-07-27,ST029,SUP008,2026-07-25,2026-08-03,2026-08-03,299,299,1.0,0,True,Ambient,Complete
PO005053,2026-07-27,ST029,SUP012,2026-07-25,2026-07-31,2026-07-31,285,279,0.978,0,True,Ambient,Complete
PO005054,2026-07-27,ST029,SUP006,2026-07-25,2026-07-31,2026-07-31,323,303,0.9371,0,True,Ambient,Complete
PO005055,2026-07-27,ST029,SUP004,2026-07-25,2026-08-01,2026-08-01,140,132,0.9442,0,True,Ambient,Complete
PO005056,2026-07-27,ST030,SUP012,2026-07-25,2026-07-31,2026-07-31,360,351,0.9753,0,True,Ambient,Complete
PO005057,2026-07-27,ST030,SUP002,2026-07-25,2026-07-30,2026-07-30,250,148,0.5929,0,True,Chilled,Short
PO005058,2026-07-27,ST031,SUP012,2026-07-25,2026-07-31,2026-07-31,265,265,1.0,0,True,Ambient,Complete
PO005059,2026-07-27,ST031,SUP011,2026-07-25,2026-08-01,2026-08-01,124,117,0.9473,0,True,Ambient,Complete
PO005060,2026-07-27,ST031,SUP002,2026-07-25,2026-07-30,2026-08-01,229,155,0.6778,2,False,Chilled,Late / short
PO005061,2026-07-27,ST031,SUP007,2026-07-25,2026-07-30,2026-07-30,185,169,0.9123,0,True,Chilled,Complete
PO005062,2026-07-27,ST031,SUP004,2026-07-25,2026-08-01,2026-08-02,192,178,0.9248,1,False,Ambient,Late
PO005063,2026-07-27,ST031,SUP009,2026-07-25,2026-07-31,2026-07-31,148,143,0.9643,0,True,Ambient,Complete
PO005064,2026-07-27,ST032,SUP008,2026-07-25,2026-08-03,2026-08-03,267,247,0.9244,0,True,Ambient,Complete
PO005065,2026-07-27,ST032,SUP012,2026-07-25,2026-07-31,2026-07-31,275,275,1.0,0,True,Ambient,Complete
PO005066,2026-07-27,ST032,SUP002,2026-07-25,2026-07-30,2026-07-30,302,197,0.6538,0,True,Chilled,Short
PO005067,2026-07-27,ST032,SUP007,2026-07-25,2026-07-30,2026-07-30,272,272,1.0,0,True,Chilled,Complete
PO005068,2026-07-27,ST032,SUP006,2026-07-25,2026-07-31,2026-07-31,198,197,0.9954,0,True,Ambient,Complete
PO005069,2026-07-27,ST032,SUP010,2026-07-25,2026-08-02,2026-08-02,308,282,0.9149,0,True,Ambient,Complete
PO005070,2026-07-27,ST032,SUP005,2026-07-25,2026-08-01,2026-08-01,265,264,0.997,0,True,Ambient,Complete
PO005071,2026-07-27,ST032,SUP009,2026-07-25,2026-07-31,2026-08-02,152,152,1.0,2,False,Ambient,Late
PO005072,2026-07-27,ST033,SUP001,2026-07-25,2026-07-31,2026-07-31,276,274,0.991,0,True,Ambient,Complete
PO005073,2026-07-27,ST033,SUP008,2026-07-25,2026-08-03,2026-08-03,255,205,0.8044,0,True,Ambient,Short
PO005074,2026-07-27,ST033,SUP012,2026-07-25,2026-07-31,2026-07-31,131,130,0.9917,0,True,Ambient,Complete
PO005075,2026-07-27,ST033,SUP011,2026-07-25,2026-08-01,2026-08-01,111,107,0.961,0,True,Ambient,Complete
PO005076,2026-07-27,ST033,SUP006,2026-07-25,2026-07-31,2026-07-31,226,198,0.8776,0,True,Ambient,Short
PO005077,2026-07-27,ST033,SUP003,2026-07-25,2026-07-31,2026-07-31,90,88,0.9798,0,True,Ambient,Complete
PO005078,2026-07-27,ST033,SUP005,2026-07-25,2026-08-01,2026-08-01,177,172,0.9719,0,True,Ambient,Complete
PO005079,2026-07-27,ST033,SUP009,2026-07-25,2026-07-31,2026-08-02,212,195,0.9214,2,False,Ambient,Late
PO005080,2026-07-27,ST034,SUP001,2026-07-25,2026-07-31,2026-07-31,118,104,0.8833,0,True,Ambient,Short
PO005081,2026-07-27,ST034,SUP008,2026-07-25,2026-08-03,2026-08-03,236,231,0.9779,0,True,Ambient,Complete
PO005082,2026-07-27,ST034,SUP012,2026-07-25,2026-07-31,2026-08-03,269,240,0.8917,3,False,Ambient,Late / short
PO005083,2026-07-27,ST034,SUP002,2026-07-25,2026-07-30,2026-07-30,177,128,0.7244,0,True,Chilled,Short
PO005084,2026-07-27,ST034,SUP006,2026-07-25,2026-07-31,2026-07-31,277,253,0.9116,0,True,Ambient,Complete
PO005085,2026-07-27,ST034,SUP010,2026-07-25,2026-08-02,2026-08-02,167,155,0.9282,0,True,Ambient,Complete
PO005086,2026-07-27,ST034,SUP005,2026-07-25,2026-08-01,2026-08-01,180,180,1.0,0,True,Ambient,Complete
PO005087,2026-07-27,ST035,SUP001,2026-07-25,2026-07-31,2026-07-31,167,167,1.0,0,True,Ambient,Complete
PO005088,2026-07-27,ST035,SUP008,2026-07-25,2026-08-03,2026-08-03,213,169,0.7912,0,True,Ambient,Short
PO005089,2026-07-27,ST035,SUP012,2026-07-25,2026-07-31,2026-07-31,279,262,0.9373,0,True,Ambient,Complete
PO005090,2026-07-27,ST035,SUP002,2026-07-25,2026-07-30,2026-07-30,284,171,0.601,0,True,Chilled,Short
PO005091,2026-07-27,ST035,SUP007,2026-07-25,2026-07-30,2026-07-30,216,203,0.9405,0,True,Chilled,Complete
PO005092,2026-07-27,ST035,SUP003,2026-07-25,2026-07-31,2026-07-31,323,323,1.0,0,True,Ambient,Complete
PO005093,2026-07-27,ST035,SUP004,2026-07-25,2026-08-01,2026-08-01,226,210,0.9314,0,True,Ambient,Complete
PO005094,2026-07-27,ST035,SUP010,2026-07-25,2026-08-02,2026-08-02,306,278,0.9093,0,True,Ambient,Complete
PO005095,2026-07-27,ST035,SUP005,2026-07-25,2026-08-01,2026-08-01,169,157,0.9267,0,True,Ambient,Complete
PO005096,2026-07-27,ST036,SUP012,2026-07-25,2026-07-31,2026-07-31,311,311,1.0,0,True,Ambient,Complete
PO005097,2026-07-27,ST036,SUP011,2026-07-25,2026-08-01,2026-08-01,234,222,0.9501,0,True,Ambient,Complete
PO005098,2026-07-27,ST036,SUP004,2026-07-25,2026-08-01,2026-08-01,213,207,0.9712,0,True,Ambient,Complete
PO005099,2026-07-27,ST036,SUP010,2026-07-25,2026-08-02,2026-08-02,136,128,0.944,0,True,Ambient,Complete
PO005100,2026-07-27,ST036,SUP005,2026-07-25,2026-08-01,2026-08-01,168,152,0.9054,0,True,Ambient,Complete
PO005101,2026-08-03,ST001,SUP001,2026-08-01,2026-08-07,2026-08-07,224,212,0.948,0,True,Ambient,Complete
PO005102,2026-08-03,ST001,SUP011,2026-08-01,2026-08-08,2026-08-08,169,169,1.0,0,True,Ambient,Complete
PO005103,2026-08-03,ST001,SUP002,2026-08-01,2026-08-06,2026-08-06,132,117,0.8842,0,True,Chilled,Short
PO005104,2026-08-03,ST001,SUP007,2026-08-01,2026-08-06,2026-08-06,200,175,0.8738,0,True,Chilled,Short
PO005105,2026-08-03,ST001,SUP003,2026-08-01,2026-08-07,2026-08-07,307,289,0.9398,0,True,Ambient,Complete
PO005106,2026-08-03,ST001,SUP004,2026-08-01,2026-08-08,2026-08-08,207,199,0.962,0,True,Ambient,Complete
PO005107,2026-08-03,ST001,SUP010,2026-08-01,2026-08-09,2026-08-09,213,207,0.9734,0,True,Ambient,Complete
PO005108,2026-08-03,ST001,SUP005,2026-08-01,2026-08-08,2026-08-08,164,160,0.9785,0,True,Ambient,Complete
PO005109,2026-08-03,ST002,SUP001,2026-08-01,2026-08-07,2026-08-07,349,336,0.963,0,True,Ambient,Complete
PO005110,2026-08-03,ST002,SUP008,2026-08-01,2026-08-10,2026-08-10,256,233,0.9119,0,True,Ambient,Complete
PO005111,2026-08-03,ST002,SUP012,2026-08-01,2026-08-07,2026-08-07,251,251,1.0,0,True,Ambient,Complete
PO005112,2026-08-03,ST002,SUP011,2026-08-01,2026-08-08,2026-08-08,249,229,0.9199,0,True,Ambient,Complete
PO005113,2026-08-03,ST002,SUP002,2026-08-01,2026-08-06,2026-08-06,444,386,0.8687,0,True,Chilled,Short
PO005114,2026-08-03,ST002,SUP006,2026-08-01,2026-08-07,2026-08-07,176,176,1.0,0,True,Ambient,Complete
PO005115,2026-08-03,ST002,SUP003,2026-08-01,2026-08-07,2026-08-07,294,280,0.9513,0,True,Ambient,Complete
PO005116,2026-08-03,ST002,SUP004,2026-08-01,2026-08-08,2026-08-08,493,449,0.9105,0,True,Ambient,Complete
PO005117,2026-08-03,ST002,SUP009,2026-08-01,2026-08-07,2026-08-07,248,242,0.9762,0,True,Ambient,Complete
PO005118,2026-08-03,ST003,SUP001,2026-08-01,2026-08-07,2026-08-07,464,448,0.9665,0,True,Ambient,Complete
PO005119,2026-08-03,ST003,SUP002,2026-08-01,2026-08-06,2026-08-06,236,210,0.8891,0,True,Chilled,Short
PO005120,2026-08-03,ST003,SUP007,2026-08-01,2026-08-06,2026-08-06,461,387,0.8388,0,True,Chilled,Short
PO005121,2026-08-03,ST003,SUP006,2026-08-01,2026-08-07,2026-08-07,413,393,0.9516,0,True,Ambient,Complete
PO005122,2026-08-03,ST003,SUP004,2026-08-01,2026-08-08,2026-08-08,281,229,0.8143,0,True,Ambient,Short
PO005123,2026-08-03,ST003,SUP010,2026-08-01,2026-08-09,2026-08-09,367,355,0.9673,0,True,Ambient,Complete
PO005124,2026-08-03,ST003,SUP005,2026-08-01,2026-08-08,2026-08-08,270,245,0.9067,0,True,Ambient,Complete
PO005125,2026-08-03,ST004,SUP001,2026-08-01,2026-08-07,2026-08-07,260,246,0.9459,0,True,Ambient,Complete
PO005126,2026-08-03,ST004,SUP010,2026-08-01,2026-08-09,2026-08-10,493,433,0.8785,1,False,Ambient,Late / short
PO005127,2026-08-03,ST004,SUP009,2026-08-01,2026-08-07,2026-08-07,443,434,0.9795,0,True,Ambient,Complete
PO005128,2026-08-03,ST005,SUP001,2026-08-01,2026-08-07,2026-08-07,162,144,0.8883,0,True,Ambient,Short
PO005129,2026-08-03,ST005,SUP008,2026-08-01,2026-08-10,2026-08-11,223,212,0.951,1,False,Ambient,Late
PO005130,2026-08-03,ST005,SUP002,2026-08-01,2026-08-06,2026-08-06,332,308,0.9291,0,True,Chilled,Complete
PO005131,2026-08-03,ST005,SUP007,2026-08-01,2026-08-06,2026-08-06,411,383,0.9313,0,True,Chilled,Complete
PO005132,2026-08-03,ST005,SUP006,2026-08-01,2026-08-07,2026-08-07,427,397,0.9293,0,True,Ambient,Complete
PO005133,2026-08-03,ST005,SUP009,2026-08-01,2026-08-07,2026-08-07,174,173,0.9938,0,True,Ambient,Complete
PO005134,2026-08-03,ST006,SUP001,2026-08-01,2026-08-07,2026-08-07,267,252,0.943,0,True,Ambient,Complete
PO005135,2026-08-03,ST006,SUP008,2026-08-01,2026-08-10,2026-08-10,245,229,0.9332,0,True,Ambient,Complete
PO005136,2026-08-03,ST006,SUP012,2026-08-01,2026-08-07,2026-08-07,257,246,0.9586,0,True,Ambient,Complete
PO005137,2026-08-03,ST006,SUP011,2026-08-01,2026-08-08,2026-08-08,281,270,0.9614,0,True,Ambient,Complete
PO005138,2026-08-03,ST006,SUP007,2026-08-01,2026-08-06,2026-08-06,213,195,0.9178,0,True,Chilled,Complete
PO005139,2026-08-03,ST006,SUP006,2026-08-01,2026-08-07,2026-08-07,157,148,0.9438,0,True,Ambient,Complete
PO005140,2026-08-03,ST006,SUP003,2026-08-01,2026-08-07,2026-08-07,365,365,1.0,0,True,Ambient,Complete
PO005141,2026-08-03,ST006,SUP004,2026-08-01,2026-08-08,2026-08-08,201,187,0.9322,0,True,Ambient,Complete
PO005142,2026-08-03,ST006,SUP005,2026-08-01,2026-08-08,2026-08-08,378,350,0.9254,0,True,Ambient,Complete
PO005143,2026-08-03,ST007,SUP001,2026-08-01,2026-08-07,2026-08-07,233,205,0.8815,0,True,Ambient,Short
PO005144,2026-08-03,ST007,SUP012,2026-08-01,2026-08-07,2026-08-07,238,236,0.9936,0,True,Ambient,Complete
PO005145,2026-08-03,ST007,SUP002,2026-08-01,2026-08-06,2026-08-06,226,213,0.9409,0,True,Chilled,Complete
PO005146,2026-08-03,ST007,SUP007,2026-08-01,2026-08-06,2026-08-06,384,374,0.9751,0,True,Chilled,Complete
PO005147,2026-08-03,ST007,SUP003,2026-08-01,2026-08-07,2026-08-07,251,246,0.9797,0,True,Ambient,Complete
PO005148,2026-08-03,ST007,SUP010,2026-08-01,2026-08-09,2026-08-09,482,440,0.9124,0,True,Ambient,Complete
PO005149,2026-08-03,ST007,SUP009,2026-08-01,2026-08-07,2026-08-07,503,489,0.9719,0,True,Ambient,Complete
PO005150,2026-08-03,ST008,SUP008,2026-08-01,2026-08-10,2026-08-10,187,166,0.8877,0,True,Ambient,Short
PO005151,2026-08-03,ST008,SUP007,2026-08-01,2026-08-06,2026-08-08,285,252,0.8832,2,False,Chilled,Late / short
PO005152,2026-08-03,ST008,SUP006,2026-08-01,2026-08-07,2026-08-07,252,227,0.8991,0,True,Ambient,Short
PO005153,2026-08-03,ST008,SUP010,2026-08-01,2026-08-09,2026-08-09,286,275,0.9623,0,True,Ambient,Complete
PO005154,2026-08-03,ST008,SUP009,2026-08-01,2026-08-07,2026-08-07,491,474,0.9659,0,True,Ambient,Complete
PO005155,2026-08-03,ST009,SUP011,2026-08-01,2026-08-08,2026-08-08,202,186,0.9224,0,True,Ambient,Complete
PO005156,2026-08-03,ST009,SUP002,2026-08-01,2026-08-06,2026-08-06,219,178,0.8125,0,True,Chilled,Short
PO005157,2026-08-03,ST009,SUP006,2026-08-01,2026-08-07,2026-08-07,393,353,0.8976,0,True,Ambient,Short
PO005158,2026-08-03,ST009,SUP004,2026-08-01,2026-08-08,2026-08-08,176,163,0.929,0,True,Ambient,Complete
PO005159,2026-08-03,ST009,SUP010,2026-08-01,2026-08-09,2026-08-09,382,368,0.9624,0,True,Ambient,Complete
PO005160,2026-08-03,ST010,SUP001,2026-08-01,2026-08-07,2026-08-07,452,444,0.9812,0,True,Ambient,Complete
PO005161,2026-08-03,ST010,SUP007,2026-08-01,2026-08-06,2026-08-09,256,250,0.9749,3,False,Chilled,Late
PO005162,2026-08-03,ST010,SUP006,2026-08-01,2026-08-07,2026-08-07,274,274,1.0,0,True,Ambient,Complete
PO005163,2026-08-03,ST010,SUP004,2026-08-01,2026-08-08,2026-08-08,439,439,1.0,0,True,Ambient,Complete
PO005164,2026-08-03,ST010,SUP005,2026-08-01,2026-08-08,2026-08-08,291,277,0.9516,0,True,Ambient,Complete
PO005165,2026-08-03,ST011,SUP001,2026-08-01,2026-08-07,2026-08-07,231,205,0.8854,0,True,Ambient,Short
PO005166,2026-08-03,ST011,SUP012,2026-08-01,2026-08-07,2026-08-07,183,161,0.8811,0,True,Ambient,Short
PO005167,2026-08-03,ST011,SUP002,2026-08-01,2026-08-06,2026-08-06,310,286,0.9215,0,True,Chilled,Complete
PO005168,2026-08-03,ST011,SUP004,2026-08-01,2026-08-08,2026-08-08,272,257,0.9452,0,True,Ambient,Complete
PO005169,2026-08-03,ST011,SUP005,2026-08-01,2026-08-08,2026-08-08,201,192,0.9556,0,True,Ambient,Complete
PO005170,2026-08-03,ST011,SUP009,2026-08-01,2026-08-07,2026-08-07,391,369,0.9446,0,True,Ambient,Complete
PO005171,2026-08-03,ST012,SUP008,2026-08-01,2026-08-10,2026-08-13,320,308,0.9635,3,False,Ambient,Late
PO005172,2026-08-03,ST012,SUP007,2026-08-01,2026-08-06,2026-08-06,213,205,0.9619,0,True,Chilled,Complete
PO005173,2026-08-03,ST012,SUP006,2026-08-01,2026-08-07,2026-08-07,306,297,0.9706,0,True,Ambient,Complete
PO005174,2026-08-03,ST012,SUP003,2026-08-01,2026-08-07,2026-08-09,436,435,0.9981,2,False,Ambient,Late
PO005175,2026-08-03,ST012,SUP004,2026-08-01,2026-08-08,2026-08-08,459,459,1.0,0,True,Ambient,Complete
PO005176,2026-08-03,ST013,SUP001,2026-08-01,2026-08-07,2026-08-07,217,195,0.8983,0,True,Ambient,Short
PO005177,2026-08-03,ST013,SUP008,2026-08-01,2026-08-10,2026-08-10,339,317,0.9343,0,True,Ambient,Complete
PO005178,2026-08-03,ST013,SUP012,2026-08-01,2026-08-07,2026-08-07,366,361,0.9859,0,True,Ambient,Complete
PO005179,2026-08-03,ST013,SUP002,2026-08-01,2026-08-06,2026-08-06,297,284,0.9574,0,True,Chilled,Complete
PO005180,2026-08-03,ST013,SUP004,2026-08-01,2026-08-08,2026-08-08,325,318,0.9783,0,True,Ambient,Complete
PO005181,2026-08-03,ST013,SUP009,2026-08-01,2026-08-07,2026-08-07,269,257,0.9553,0,True,Ambient,Complete
PO005182,2026-08-03,ST014,SUP008,2026-08-01,2026-08-10,2026-08-10,257,225,0.8768,0,True,Ambient,Short
PO005183,2026-08-03,ST014,SUP012,2026-08-01,2026-08-07,2026-08-07,133,124,0.9298,0,True,Ambient,Complete
PO005184,2026-08-03,ST014,SUP011,2026-08-01,2026-08-08,2026-08-08,129,118,0.9178,0,True,Ambient,Complete
PO005185,2026-08-03,ST014,SUP007,2026-08-01,2026-08-06,2026-08-06,204,180,0.8816,0,True,Chilled,Short
PO005186,2026-08-03,ST015,SUP001,2026-08-01,2026-08-07,2026-08-07,222,200,0.9019,0,True,Ambient,Complete
PO005187,2026-08-03,ST015,SUP008,2026-08-01,2026-08-10,2026-08-10,163,126,0.7757,0,True,Ambient,Short
PO005188,2026-08-03,ST015,SUP011,2026-08-01,2026-08-08,2026-08-08,192,184,0.9574,0,True,Ambient,Complete
PO005189,2026-08-03,ST015,SUP003,2026-08-01,2026-08-07,2026-08-07,114,106,0.9269,0,True,Ambient,Complete
PO005190,2026-08-03,ST016,SUP012,2026-08-01,2026-08-07,2026-08-07,353,329,0.933,0,True,Ambient,Complete
PO005191,2026-08-03,ST016,SUP011,2026-08-01,2026-08-08,2026-08-08,313,311,0.9924,0,True,Ambient,Complete
PO005192,2026-08-03,ST016,SUP003,2026-08-01,2026-08-07,2026-08-07,493,451,0.9149,0,True,Ambient,Complete
PO005193,2026-08-03,ST016,SUP004,2026-08-01,2026-08-08,2026-08-08,450,441,0.9804,0,True,Ambient,Complete
PO005194,2026-08-03,ST017,SUP008,2026-08-01,2026-08-10,2026-08-10,365,346,0.9485,0,True,Ambient,Complete
PO005195,2026-08-03,ST017,SUP002,2026-08-01,2026-08-06,2026-08-06,272,272,1.0,0,True,Chilled,Complete
PO005196,2026-08-03,ST017,SUP007,2026-08-01,2026-08-06,2026-08-06,352,340,0.9664,0,True,Chilled,Complete
PO005197,2026-08-03,ST017,SUP006,2026-08-01,2026-08-07,2026-08-07,378,374,0.9898,0,True,Ambient,Complete
PO005198,2026-08-03,ST017,SUP003,2026-08-01,2026-08-07,2026-08-07,145,136,0.9408,0,True,Ambient,Complete
PO005199,2026-08-03,ST017,SUP010,2026-08-01,2026-08-09,2026-08-09,353,324,0.9174,0,True,Ambient,Complete
PO005200,2026-08-03,ST018,SUP001,2026-08-01,2026-08-07,2026-08-07,136,136,1.0,0,True,Ambient,Complete
PO005201,2026-08-03,ST018,SUP012,2026-08-01,2026-08-07,2026-08-07,395,388,0.9814,0,True,Ambient,Complete
PO005202,2026-08-03,ST018,SUP002,2026-08-01,2026-08-06,2026-08-09,212,188,0.8848,3,False,Chilled,Late / short
PO005203,2026-08-03,ST018,SUP007,2026-08-01,2026-08-06,2026-08-06,408,394,0.9666,0,True,Chilled,Complete
PO005204,2026-08-03,ST018,SUP006,2026-08-01,2026-08-07,2026-08-07,273,267,0.9786,0,True,Ambient,Complete
PO005205,2026-08-03,ST018,SUP003,2026-08-01,2026-08-07,2026-08-07,404,389,0.9622,0,True,Ambient,Complete
PO005206,2026-08-03,ST018,SUP004,2026-08-01,2026-08-08,2026-08-08,124,117,0.9412,0,True,Ambient,Complete
PO005207,2026-08-03,ST018,SUP010,2026-08-01,2026-08-09,2026-08-09,312,292,0.9356,0,True,Ambient,Complete
PO005208,2026-08-03,ST018,SUP005,2026-08-01,2026-08-08,2026-08-08,190,172,0.9034,0,True,Ambient,Complete
PO005209,2026-08-03,ST018,SUP009,2026-08-01,2026-08-07,2026-08-07,304,293,0.964,0,True,Ambient,Complete
PO005210,2026-08-03,ST019,SUP001,2026-08-01,2026-08-07,2026-08-07,180,173,0.9631,0,True,Ambient,Complete
PO005211,2026-08-03,ST019,SUP012,2026-08-01,2026-08-07,2026-08-07,269,253,0.9395,0,True,Ambient,Complete
PO005212,2026-08-03,ST019,SUP011,2026-08-01,2026-08-08,2026-08-08,237,221,0.9315,0,True,Ambient,Complete
PO005213,2026-08-03,ST019,SUP007,2026-08-01,2026-08-06,2026-08-06,194,190,0.9771,0,True,Chilled,Complete
PO005214,2026-08-03,ST019,SUP003,2026-08-01,2026-08-07,2026-08-07,391,357,0.914,0,True,Ambient,Complete
PO005215,2026-08-03,ST019,SUP010,2026-08-01,2026-08-09,2026-08-09,227,214,0.9429,0,True,Ambient,Complete
PO005216,2026-08-03,ST019,SUP009,2026-08-01,2026-08-07,2026-08-07,321,304,0.9479,0,True,Ambient,Complete
PO005217,2026-08-03,ST020,SUP001,2026-08-01,2026-08-07,2026-08-07,156,153,0.9778,0,True,Ambient,Complete
PO005218,2026-08-03,ST020,SUP012,2026-08-01,2026-08-07,2026-08-09,242,227,0.9365,2,False,Ambient,Late
PO005219,2026-08-03,ST020,SUP007,2026-08-01,2026-08-06,2026-08-06,282,249,0.8823,0,True,Chilled,Short
PO005220,2026-08-03,ST020,SUP006,2026-08-01,2026-08-07,2026-08-07,211,211,1.0,0,True,Ambient,Complete
PO005221,2026-08-03,ST020,SUP004,2026-08-01,2026-08-08,2026-08-08,140,133,0.9468,0,True,Ambient,Complete
PO005222,2026-08-03,ST020,SUP005,2026-08-01,2026-08-08,2026-08-08,219,212,0.9694,0,True,Ambient,Complete
PO005223,2026-08-03,ST020,SUP009,2026-08-01,2026-08-07,2026-08-07,331,305,0.9223,0,True,Ambient,Complete
PO005224,2026-08-03,ST021,SUP001,2026-08-01,2026-08-07,2026-08-07,161,144,0.8945,0,True,Ambient,Short
PO005225,2026-08-03,ST021,SUP008,2026-08-01,2026-08-10,2026-08-10,473,426,0.9001,0,True,Ambient,Complete
PO005226,2026-08-03,ST021,SUP011,2026-08-01,2026-08-08,2026-08-08,380,380,0.999,0,True,Ambient,Complete
PO005227,2026-08-03,ST021,SUP007,2026-08-01,2026-08-06,2026-08-06,267,267,1.0,0,True,Chilled,Complete
PO005228,2026-08-03,ST021,SUP004,2026-08-01,2026-08-08,2026-08-08,393,393,1.0,0,True,Ambient,Complete
PO005229,2026-08-03,ST021,SUP009,2026-08-01,2026-08-07,2026-08-07,273,272,0.9946,0,True,Ambient,Complete
PO005230,2026-08-03,ST022,SUP007,2026-08-01,2026-08-06,2026-08-06,354,321,0.907,0,True,Chilled,Complete
PO005231,2026-08-03,ST022,SUP003,2026-08-01,2026-08-07,2026-08-07,253,247,0.9748,0,True,Ambient,Complete
PO005232,2026-08-03,ST022,SUP009,2026-08-01,2026-08-07,2026-08-07,237,237,1.0,0,True,Ambient,Complete
PO005233,2026-08-03,ST023,SUP007,2026-08-01,2026-08-06,2026-08-06,275,246,0.8942,0,True,Chilled,Short
PO005234,2026-08-03,ST023,SUP010,2026-08-01,2026-08-09,2026-08-09,172,165,0.9616,0,True,Ambient,Complete
PO005235,2026-08-03,ST023,SUP005,2026-08-01,2026-08-08,2026-08-08,351,327,0.9307,0,True,Ambient,Complete
PO005236,2026-08-03,ST023,SUP009,2026-08-01,2026-08-07,2026-08-07,251,235,0.9363,0,True,Ambient,Complete
PO005237,2026-08-03,ST024,SUP012,2026-08-01,2026-08-07,2026-08-07,226,226,1.0,0,True,Ambient,Complete
PO005238,2026-08-03,ST024,SUP011,2026-08-01,2026-08-08,2026-08-08,232,203,0.8737,0,True,Ambient,Short
PO005239,2026-08-03,ST024,SUP003,2026-08-01,2026-08-07,2026-08-07,181,172,0.9528,0,True,Ambient,Complete
PO005240,2026-08-03,ST024,SUP004,2026-08-01,2026-08-08,2026-08-08,152,134,0.8824,0,True,Ambient,Short
PO005241,2026-08-03,ST024,SUP010,2026-08-01,2026-08-09,2026-08-09,278,278,1.0,0,True,Ambient,Complete
PO005242,2026-08-03,ST024,SUP005,2026-08-01,2026-08-08,2026-08-08,153,139,0.9112,0,True,Ambient,Complete
PO005243,2026-08-03,ST024,SUP009,2026-08-01,2026-08-07,2026-08-07,318,301,0.9462,0,True,Ambient,Complete
PO005244,2026-08-03,ST025,SUP008,2026-08-01,2026-08-10,2026-08-10,396,315,0.7949,0,True,Ambient,Short
PO005245,2026-08-03,ST025,SUP011,2026-08-01,2026-08-08,2026-08-08,400,361,0.9032,0,True,Ambient,Complete
PO005246,2026-08-03,ST025,SUP002,2026-08-01,2026-08-06,2026-08-06,261,215,0.8226,0,True,Chilled,Short
PO005247,2026-08-03,ST025,SUP006,2026-08-01,2026-08-07,2026-08-07,371,330,0.8887,0,True,Ambient,Short
PO005248,2026-08-03,ST025,SUP003,2026-08-01,2026-08-07,2026-08-07,405,368,0.9075,0,True,Ambient,Complete
PO005249,2026-08-03,ST025,SUP010,2026-08-01,2026-08-09,2026-08-09,259,238,0.9183,0,True,Ambient,Complete
PO005250,2026-08-03,ST025,SUP005,2026-08-01,2026-08-08,2026-08-08,166,157,0.9451,0,True,Ambient,Complete
PO005251,2026-08-03,ST025,SUP009,2026-08-01,2026-08-07,2026-08-07,418,389,0.9308,0,True,Ambient,Complete
PO005252,2026-08-03,ST026,SUP008,2026-08-01,2026-08-10,2026-08-13,267,241,0.9015,3,False,Ambient,Late
PO005253,2026-08-03,ST026,SUP011,2026-08-01,2026-08-08,2026-08-11,335,313,0.9355,3,False,Ambient,Late
PO005254,2026-08-03,ST026,SUP007,2026-08-01,2026-08-06,2026-08-06,185,165,0.894,0,True,Chilled,Short
PO005255,2026-08-03,ST026,SUP006,2026-08-01,2026-08-07,2026-08-07,277,259,0.9353,0,True,Ambient,Complete
PO005256,2026-08-03,ST026,SUP003,2026-08-01,2026-08-07,2026-08-07,291,280,0.9633,0,True,Ambient,Complete
PO005257,2026-08-03,ST026,SUP004,2026-08-01,2026-08-08,2026-08-08,191,181,0.9471,0,True,Ambient,Complete
PO005258,2026-08-03,ST026,SUP010,2026-08-01,2026-08-09,2026-08-09,304,294,0.9665,0,True,Ambient,Complete
PO005259,2026-08-03,ST026,SUP005,2026-08-01,2026-08-08,2026-08-08,387,353,0.9121,0,True,Ambient,Complete
PO005260,2026-08-03,ST027,SUP001,2026-08-01,2026-08-07,2026-08-07,169,169,1.0,0,True,Ambient,Complete
PO005261,2026-08-03,ST027,SUP008,2026-08-01,2026-08-10,2026-08-13,254,233,0.9167,3,False,Ambient,Late
PO005262,2026-08-03,ST027,SUP002,2026-08-01,2026-08-06,2026-08-06,252,177,0.7018,0,True,Chilled,Short
PO005263,2026-08-03,ST027,SUP007,2026-08-01,2026-08-06,2026-08-06,298,279,0.9376,0,True,Chilled,Complete
PO005264,2026-08-03,ST027,SUP006,2026-08-01,2026-08-07,2026-08-07,135,120,0.8864,0,True,Ambient,Short
PO005265,2026-08-03,ST027,SUP004,2026-08-01,2026-08-08,2026-08-08,248,244,0.9821,0,True,Ambient,Complete
PO005266,2026-08-03,ST027,SUP009,2026-08-01,2026-08-07,2026-08-07,248,237,0.9541,0,True,Ambient,Complete
PO005267,2026-08-03,ST028,SUP008,2026-08-01,2026-08-10,2026-08-12,256,242,0.9465,2,False,Ambient,Late
PO005268,2026-08-03,ST028,SUP012,2026-08-01,2026-08-07,2026-08-07,304,285,0.937,0,True,Ambient,Complete
PO005269,2026-08-03,ST028,SUP006,2026-08-01,2026-08-07,2026-08-07,139,130,0.9342,0,True,Ambient,Complete
PO005270,2026-08-03,ST028,SUP003,2026-08-01,2026-08-07,2026-08-07,122,121,0.9933,0,True,Ambient,Complete
PO005271,2026-08-03,ST028,SUP004,2026-08-01,2026-08-08,2026-08-08,233,233,1.0,0,True,Ambient,Complete
PO005272,2026-08-03,ST028,SUP009,2026-08-01,2026-08-07,2026-08-07,209,195,0.9349,0,True,Ambient,Complete
PO005273,2026-08-03,ST029,SUP008,2026-08-01,2026-08-10,2026-08-10,184,182,0.9903,0,True,Ambient,Complete
PO005274,2026-08-03,ST029,SUP002,2026-08-01,2026-08-06,2026-08-09,184,134,0.7269,3,False,Chilled,Late / short
PO005275,2026-08-03,ST029,SUP007,2026-08-01,2026-08-06,2026-08-06,239,210,0.8791,0,True,Chilled,Short
PO005276,2026-08-03,ST029,SUP006,2026-08-01,2026-08-07,2026-08-07,210,188,0.8955,0,True,Ambient,Short
PO005277,2026-08-03,ST029,SUP004,2026-08-01,2026-08-08,2026-08-08,185,175,0.9462,0,True,Ambient,Complete
PO005278,2026-08-03,ST029,SUP010,2026-08-01,2026-08-09,2026-08-09,142,129,0.9076,0,True,Ambient,Complete
PO005279,2026-08-03,ST029,SUP005,2026-08-01,2026-08-08,2026-08-08,166,151,0.9112,0,True,Ambient,Complete
PO005280,2026-08-03,ST029,SUP009,2026-08-01,2026-08-07,2026-08-07,290,266,0.9165,0,True,Ambient,Complete
PO005281,2026-08-03,ST030,SUP008,2026-08-01,2026-08-10,2026-08-10,128,121,0.9467,0,True,Ambient,Complete
PO005282,2026-08-03,ST030,SUP011,2026-08-01,2026-08-08,2026-08-08,293,255,0.8704,0,True,Ambient,Short
PO005283,2026-08-03,ST030,SUP002,2026-08-01,2026-08-06,2026-08-06,409,292,0.7152,0,True,Chilled,Short
PO005284,2026-08-03,ST030,SUP003,2026-08-01,2026-08-07,2026-08-07,390,362,0.9272,0,True,Ambient,Complete
PO005285,2026-08-03,ST031,SUP001,2026-08-01,2026-08-07,2026-08-07,285,285,1.0,0,True,Ambient,Complete
PO005286,2026-08-03,ST031,SUP012,2026-08-01,2026-08-07,2026-08-07,153,134,0.8783,0,True,Ambient,Short
PO005287,2026-08-03,ST031,SUP007,2026-08-01,2026-08-06,2026-08-06,231,227,0.9847,0,True,Chilled,Complete
PO005288,2026-08-03,ST031,SUP006,2026-08-01,2026-08-07,2026-08-07,221,190,0.8575,0,True,Ambient,Short
PO005289,2026-08-03,ST031,SUP004,2026-08-01,2026-08-08,2026-08-08,181,167,0.9204,0,True,Ambient,Complete
PO005290,2026-08-03,ST031,SUP005,2026-08-01,2026-08-08,2026-08-08,291,265,0.9099,0,True,Ambient,Complete
PO005291,2026-08-03,ST031,SUP009,2026-08-01,2026-08-07,2026-08-07,172,145,0.8425,0,True,Ambient,Short
PO005292,2026-08-03,ST032,SUP001,2026-08-01,2026-08-07,2026-08-08,122,108,0.8892,1,False,Ambient,Late / short
PO005293,2026-08-03,ST032,SUP008,2026-08-01,2026-08-10,2026-08-10,100,85,0.8489,0,True,Ambient,Short
PO005294,2026-08-03,ST032,SUP012,2026-08-01,2026-08-07,2026-08-07,108,99,0.9176,0,True,Ambient,Complete
PO005295,2026-08-03,ST032,SUP002,2026-08-01,2026-08-06,2026-08-11,112,81,0.7255,5,False,Chilled,Late / short
PO005296,2026-08-03,ST032,SUP007,2026-08-01,2026-08-06,2026-08-09,152,136,0.8952,3,False,Chilled,Late / short
PO005297,2026-08-03,ST032,SUP004,2026-08-01,2026-08-08,2026-08-08,242,232,0.9601,0,True,Ambient,Complete
PO005298,2026-08-03,ST032,SUP010,2026-08-01,2026-08-09,2026-08-09,179,163,0.912,0,True,Ambient,Complete
PO005299,2026-08-03,ST033,SUP008,2026-08-01,2026-08-10,2026-08-11,192,188,0.9779,1,False,Ambient,Late
PO005300,2026-08-03,ST033,SUP011,2026-08-01,2026-08-08,2026-08-08,201,178,0.885,0,True,Ambient,Short
PO005301,2026-08-03,ST033,SUP002,2026-08-01,2026-08-06,2026-08-11,259,195,0.7541,5,False,Chilled,Late / short
PO005302,2026-08-03,ST033,SUP007,2026-08-01,2026-08-06,2026-08-06,278,261,0.9388,0,True,Chilled,Complete
PO005303,2026-08-03,ST033,SUP006,2026-08-01,2026-08-07,2026-08-07,252,233,0.9253,0,True,Ambient,Complete
PO005304,2026-08-03,ST033,SUP003,2026-08-01,2026-08-07,2026-08-07,234,206,0.88,0,True,Ambient,Short
PO005305,2026-08-03,ST033,SUP004,2026-08-01,2026-08-08,2026-08-08,152,142,0.9351,0,True,Ambient,Complete
PO005306,2026-08-03,ST033,SUP010,2026-08-01,2026-08-09,2026-08-09,166,152,0.915,0,True,Ambient,Complete
PO005307,2026-08-03,ST033,SUP005,2026-08-01,2026-08-08,2026-08-08,233,233,0.998,0,True,Ambient,Complete
PO005308,2026-08-03,ST033,SUP009,2026-08-01,2026-08-07,2026-08-07,192,191,0.993,0,True,Ambient,Complete
PO005309,2026-08-03,ST034,SUP001,2026-08-01,2026-08-07,2026-08-07,132,128,0.9697,0,True,Ambient,Complete
PO005310,2026-08-03,ST034,SUP012,2026-08-01,2026-08-07,2026-08-07,115,108,0.9414,0,True,Ambient,Complete
PO005311,2026-08-03,ST034,SUP002,2026-08-01,2026-08-06,2026-08-11,162,111,0.6861,5,False,Chilled,Late / short
PO005312,2026-08-03,ST034,SUP007,2026-08-01,2026-08-06,2026-08-06,178,168,0.9443,0,True,Chilled,Complete
PO005313,2026-08-03,ST034,SUP006,2026-08-01,2026-08-07,2026-08-07,277,262,0.9475,0,True,Ambient,Complete
PO005314,2026-08-03,ST034,SUP003,2026-08-01,2026-08-07,2026-08-07,248,227,0.9138,0,True,Ambient,Complete
PO005315,2026-08-03,ST035,SUP001,2026-08-01,2026-08-07,2026-08-07,312,288,0.9236,0,True,Ambient,Complete
PO005316,2026-08-03,ST035,SUP006,2026-08-01,2026-08-07,2026-08-07,317,304,0.959,0,True,Ambient,Complete
PO005317,2026-08-03,ST035,SUP005,2026-08-01,2026-08-08,2026-08-08,324,315,0.9715,0,True,Ambient,Complete
PO005318,2026-08-03,ST036,SUP001,2026-08-01,2026-08-07,2026-08-07,200,196,0.9788,0,True,Ambient,Complete
PO005319,2026-08-03,ST036,SUP008,2026-08-01,2026-08-10,2026-08-10,301,277,0.92,0,True,Ambient,Complete
PO005320,2026-08-03,ST036,SUP012,2026-08-01,2026-08-07,2026-08-07,197,194,0.9844,0,True,Ambient,Complete
PO005321,2026-08-03,ST036,SUP002,2026-08-01,2026-08-06,2026-08-07,294,183,0.6216,1,False,Chilled,Late / short
PO005322,2026-08-03,ST036,SUP007,2026-08-01,2026-08-06,2026-08-06,194,178,0.9192,0,True,Chilled,Complete
PO005323,2026-08-03,ST036,SUP006,2026-08-01,2026-08-07,2026-08-07,133,127,0.9545,0,True,Ambient,Complete
PO005324,2026-08-03,ST036,SUP010,2026-08-01,2026-08-09,2026-08-09,260,232,0.8914,0,True,Ambient,Short
PO005325,2026-08-03,ST036,SUP009,2026-08-01,2026-08-07,2026-08-07,115,115,1.0,0,True,Ambient,Complete
PO005326,2026-08-10,ST001,SUP001,2026-08-08,2026-08-14,2026-08-14,372,330,0.8879,0,True,Ambient,Short
PO005327,2026-08-10,ST001,SUP002,2026-08-08,2026-08-13,2026-08-15,329,288,0.8743,2,False,Chilled,Late / short
PO005328,2026-08-10,ST001,SUP007,2026-08-08,2026-08-13,2026-08-13,274,262,0.9562,0,True,Chilled,Complete
PO005329,2026-08-10,ST001,SUP003,2026-08-08,2026-08-14,2026-08-14,178,174,0.9787,0,True,Ambient,Complete
PO005330,2026-08-10,ST001,SUP005,2026-08-08,2026-08-15,2026-08-15,189,182,0.9613,0,True,Ambient,Complete
PO005331,2026-08-10,ST001,SUP009,2026-08-08,2026-08-14,2026-08-14,257,245,0.9521,0,True,Ambient,Complete
PO005332,2026-08-10,ST002,SUP012,2026-08-08,2026-08-14,2026-08-14,272,266,0.9788,0,True,Ambient,Complete
PO005333,2026-08-10,ST002,SUP011,2026-08-08,2026-08-15,2026-08-15,399,357,0.8953,0,True,Ambient,Short
PO005334,2026-08-10,ST002,SUP002,2026-08-08,2026-08-13,2026-08-13,277,246,0.8892,0,True,Chilled,Short
PO005335,2026-08-10,ST002,SUP005,2026-08-08,2026-08-15,2026-08-15,368,345,0.9375,0,True,Ambient,Complete
PO005336,2026-08-10,ST002,SUP009,2026-08-08,2026-08-14,2026-08-14,373,373,1.0,0,True,Ambient,Complete
PO005337,2026-08-10,ST003,SUP001,2026-08-08,2026-08-14,2026-08-14,363,340,0.9368,0,True,Ambient,Complete
PO005338,2026-08-10,ST003,SUP007,2026-08-08,2026-08-13,2026-08-13,427,427,1.0,0,True,Chilled,Complete
PO005339,2026-08-10,ST003,SUP004,2026-08-08,2026-08-15,2026-08-18,423,396,0.936,3,False,Ambient,Late
PO005340,2026-08-10,ST003,SUP009,2026-08-08,2026-08-14,2026-08-14,279,277,0.9911,0,True,Ambient,Complete
PO005341,2026-08-10,ST004,SUP008,2026-08-08,2026-08-17,2026-08-17,463,414,0.8934,0,True,Ambient,Short
PO005342,2026-08-10,ST004,SUP011,2026-08-08,2026-08-15,2026-08-15,489,431,0.8809,0,True,Ambient,Short
PO005343,2026-08-10,ST004,SUP002,2026-08-08,2026-08-13,2026-08-13,432,411,0.9524,0,True,Chilled,Complete
PO005344,2026-08-10,ST004,SUP007,2026-08-08,2026-08-13,2026-08-13,278,259,0.9308,0,True,Chilled,Complete
PO005345,2026-08-10,ST004,SUP004,2026-08-08,2026-08-15,2026-08-18,199,190,0.9566,3,False,Ambient,Late
PO005346,2026-08-10,ST004,SUP010,2026-08-08,2026-08-16,2026-08-17,297,274,0.9226,1,False,Ambient,Late
PO005347,2026-08-10,ST004,SUP005,2026-08-08,2026-08-15,2026-08-15,303,282,0.9323,0,True,Ambient,Complete
PO005348,2026-08-10,ST005,SUP008,2026-08-08,2026-08-17,2026-08-17,190,176,0.9273,0,True,Ambient,Complete
PO005349,2026-08-10,ST005,SUP007,2026-08-08,2026-08-13,2026-08-13,265,255,0.9628,0,True,Chilled,Complete
PO005350,2026-08-10,ST005,SUP006,2026-08-08,2026-08-14,2026-08-14,434,409,0.9417,0,True,Ambient,Complete
PO005351,2026-08-10,ST005,SUP005,2026-08-08,2026-08-15,2026-08-15,164,144,0.8772,0,True,Ambient,Short
PO005352,2026-08-10,ST006,SUP012,2026-08-08,2026-08-14,2026-08-15,525,491,0.9361,1,False,Ambient,Late
PO005353,2026-08-10,ST006,SUP011,2026-08-08,2026-08-15,2026-08-15,248,239,0.9648,0,True,Ambient,Complete
PO005354,2026-08-10,ST006,SUP002,2026-08-08,2026-08-13,2026-08-13,316,278,0.8789,0,True,Chilled,Short
PO005355,2026-08-10,ST006,SUP006,2026-08-08,2026-08-14,2026-08-14,193,193,1.0,0,True,Ambient,Complete
PO005356,2026-08-10,ST006,SUP004,2026-08-08,2026-08-15,2026-08-15,330,305,0.9238,0,True,Ambient,Complete
PO005357,2026-08-10,ST006,SUP010,2026-08-08,2026-08-16,2026-08-16,420,398,0.9467,0,True,Ambient,Complete
PO005358,2026-08-10,ST007,SUP001,2026-08-08,2026-08-14,2026-08-14,351,323,0.9208,0,True,Ambient,Complete
PO005359,2026-08-10,ST007,SUP008,2026-08-08,2026-08-17,2026-08-17,482,425,0.8817,0,True,Ambient,Short
PO005360,2026-08-10,ST007,SUP002,2026-08-08,2026-08-13,2026-08-13,318,289,0.9102,0,True,Chilled,Complete
PO005361,2026-08-10,ST007,SUP007,2026-08-08,2026-08-13,2026-08-13,184,173,0.9406,0,True,Chilled,Complete
PO005362,2026-08-10,ST007,SUP006,2026-08-08,2026-08-14,2026-08-14,340,330,0.971,0,True,Ambient,Complete
PO005363,2026-08-10,ST007,SUP004,2026-08-08,2026-08-15,2026-08-15,274,266,0.9721,0,True,Ambient,Complete
PO005364,2026-08-10,ST007,SUP010,2026-08-08,2026-08-16,2026-08-16,507,482,0.9505,0,True,Ambient,Complete
PO005365,2026-08-10,ST007,SUP005,2026-08-08,2026-08-15,2026-08-15,427,400,0.9362,0,True,Ambient,Complete
PO005366,2026-08-10,ST007,SUP009,2026-08-08,2026-08-14,2026-08-14,311,311,1.0,0,True,Ambient,Complete
PO005367,2026-08-10,ST008,SUP008,2026-08-08,2026-08-17,2026-08-17,179,161,0.8993,0,True,Ambient,Short
PO005368,2026-08-10,ST008,SUP012,2026-08-08,2026-08-14,2026-08-14,310,300,0.9679,0,True,Ambient,Complete
PO005369,2026-08-10,ST008,SUP002,2026-08-08,2026-08-13,2026-08-16,355,312,0.8793,3,False,Chilled,Late / short
PO005370,2026-08-10,ST008,SUP006,2026-08-08,2026-08-14,2026-08-14,485,477,0.9833,0,True,Ambient,Complete
PO005371,2026-08-10,ST008,SUP004,2026-08-08,2026-08-15,2026-08-15,409,397,0.9702,0,True,Ambient,Complete
PO005372,2026-08-10,ST009,SUP001,2026-08-08,2026-08-14,2026-08-14,423,362,0.8569,0,True,Ambient,Short
PO005373,2026-08-10,ST009,SUP008,2026-08-08,2026-08-17,2026-08-17,274,233,0.8507,0,True,Ambient,Short
PO005374,2026-08-10,ST009,SUP012,2026-08-08,2026-08-14,2026-08-14,178,174,0.9752,0,True,Ambient,Complete
PO005375,2026-08-10,ST009,SUP007,2026-08-08,2026-08-13,2026-08-13,303,285,0.9421,0,True,Chilled,Complete
PO005376,2026-08-10,ST009,SUP003,2026-08-08,2026-08-14,2026-08-14,137,127,0.928,0,True,Ambient,Complete
PO005377,2026-08-10,ST009,SUP004,2026-08-08,2026-08-15,2026-08-15,292,290,0.9919,0,True,Ambient,Complete
PO005378,2026-08-10,ST009,SUP010,2026-08-08,2026-08-16,2026-08-16,325,313,0.9636,0,True,Ambient,Complete
PO005379,2026-08-10,ST009,SUP009,2026-08-08,2026-08-14,2026-08-14,215,215,1.0,0,True,Ambient,Complete
PO005380,2026-08-10,ST010,SUP008,2026-08-08,2026-08-17,2026-08-17,160,127,0.7951,0,True,Ambient,Short
PO005381,2026-08-10,ST010,SUP012,2026-08-08,2026-08-14,2026-08-14,265,256,0.9667,0,True,Ambient,Complete
PO005382,2026-08-10,ST010,SUP011,2026-08-08,2026-08-15,2026-08-15,312,297,0.953,0,True,Ambient,Complete
PO005383,2026-08-10,ST010,SUP002,2026-08-08,2026-08-13,2026-08-13,172,152,0.8838,0,True,Chilled,Short
PO005384,2026-08-10,ST010,SUP006,2026-08-08,2026-08-14,2026-08-14,230,226,0.9829,0,True,Ambient,Complete
PO005385,2026-08-10,ST010,SUP004,2026-08-08,2026-08-15,2026-08-15,160,140,0.877,0,True,Ambient,Short
PO005386,2026-08-10,ST010,SUP009,2026-08-08,2026-08-14,2026-08-14,145,140,0.963,0,True,Ambient,Complete
PO005387,2026-08-10,ST011,SUP001,2026-08-08,2026-08-14,2026-08-14,244,226,0.9276,0,True,Ambient,Complete
PO005388,2026-08-10,ST011,SUP008,2026-08-08,2026-08-17,2026-08-18,313,283,0.9032,1,False,Ambient,Late
PO005389,2026-08-10,ST011,SUP011,2026-08-08,2026-08-15,2026-08-15,167,149,0.8944,0,True,Ambient,Short
PO005390,2026-08-10,ST012,SUP011,2026-08-08,2026-08-15,2026-08-17,220,209,0.951,2,False,Ambient,Late
PO005391,2026-08-10,ST012,SUP010,2026-08-08,2026-08-16,2026-08-16,457,406,0.8881,0,True,Ambient,Short
PO005392,2026-08-10,ST012,SUP009,2026-08-08,2026-08-14,2026-08-14,155,144,0.9308,0,True,Ambient,Complete
PO005393,2026-08-10,ST013,SUP002,2026-08-08,2026-08-13,2026-08-16,364,326,0.896,3,False,Chilled,Late / short
PO005394,2026-08-10,ST013,SUP005,2026-08-08,2026-08-15,2026-08-15,162,154,0.9509,0,True,Ambient,Complete
PO005395,2026-08-10,ST014,SUP008,2026-08-08,2026-08-17,2026-08-17,184,172,0.9347,0,True,Ambient,Complete
PO005396,2026-08-10,ST014,SUP012,2026-08-08,2026-08-14,2026-08-14,163,140,0.8614,0,True,Ambient,Short
PO005397,2026-08-10,ST014,SUP002,2026-08-08,2026-08-13,2026-08-13,314,292,0.931,0,True,Chilled,Complete
PO005398,2026-08-10,ST014,SUP006,2026-08-08,2026-08-14,2026-08-14,273,251,0.9176,0,True,Ambient,Complete
PO005399,2026-08-10,ST014,SUP010,2026-08-08,2026-08-16,2026-08-16,145,137,0.9474,0,True,Ambient,Complete
PO005400,2026-08-10,ST014,SUP005,2026-08-08,2026-08-15,2026-08-15,306,297,0.9706,0,True,Ambient,Complete
PO005401,2026-08-10,ST014,SUP009,2026-08-08,2026-08-14,2026-08-14,136,132,0.9738,0,True,Ambient,Complete
PO005402,2026-08-10,ST015,SUP012,2026-08-08,2026-08-14,2026-08-15,191,182,0.9519,1,False,Ambient,Late
PO005403,2026-08-10,ST015,SUP007,2026-08-08,2026-08-13,2026-08-13,195,183,0.9391,0,True,Chilled,Complete
PO005404,2026-08-10,ST015,SUP003,2026-08-08,2026-08-14,2026-08-14,114,114,1.0,0,True,Ambient,Complete
PO005405,2026-08-10,ST015,SUP004,2026-08-08,2026-08-15,2026-08-15,156,150,0.9636,0,True,Ambient,Complete
PO005406,2026-08-10,ST015,SUP005,2026-08-08,2026-08-15,2026-08-15,303,282,0.9314,0,True,Ambient,Complete
PO005407,2026-08-10,ST015,SUP009,2026-08-08,2026-08-14,2026-08-14,331,311,0.9387,0,True,Ambient,Complete
PO005408,2026-08-10,ST016,SUP001,2026-08-08,2026-08-14,2026-08-14,454,416,0.9158,0,True,Ambient,Complete
PO005409,2026-08-10,ST016,SUP008,2026-08-08,2026-08-17,2026-08-17,177,159,0.8992,0,True,Ambient,Short
PO005410,2026-08-10,ST016,SUP012,2026-08-08,2026-08-14,2026-08-14,301,277,0.9215,0,True,Ambient,Complete
PO005411,2026-08-10,ST016,SUP011,2026-08-08,2026-08-15,2026-08-15,392,379,0.9663,0,True,Ambient,Complete
PO005412,2026-08-10,ST016,SUP007,2026-08-08,2026-08-13,2026-08-13,290,290,1.0,0,True,Chilled,Complete
PO005413,2026-08-10,ST016,SUP010,2026-08-08,2026-08-16,2026-08-16,364,351,0.9653,0,True,Ambient,Complete
PO005414,2026-08-10,ST016,SUP005,2026-08-08,2026-08-15,2026-08-15,486,449,0.924,0,True,Ambient,Complete
PO005415,2026-08-10,ST017,SUP011,2026-08-08,2026-08-15,2026-08-15,306,306,1.0,0,True,Ambient,Complete
PO005416,2026-08-10,ST017,SUP002,2026-08-08,2026-08-13,2026-08-13,353,321,0.9088,0,True,Chilled,Complete
PO005417,2026-08-10,ST017,SUP003,2026-08-08,2026-08-14,2026-08-14,345,331,0.9596,0,True,Ambient,Complete
PO005418,2026-08-10,ST018,SUP008,2026-08-08,2026-08-17,2026-08-17,358,331,0.9242,0,True,Ambient,Complete
PO005419,2026-08-10,ST018,SUP002,2026-08-08,2026-08-13,2026-08-13,294,269,0.9145,0,True,Chilled,Complete
PO005420,2026-08-10,ST018,SUP007,2026-08-08,2026-08-13,2026-08-13,387,372,0.9622,0,True,Chilled,Complete
PO005421,2026-08-10,ST018,SUP003,2026-08-08,2026-08-14,2026-08-14,367,367,1.0,0,True,Ambient,Complete
PO005422,2026-08-10,ST018,SUP009,2026-08-08,2026-08-14,2026-08-14,293,273,0.9321,0,True,Ambient,Complete
PO005423,2026-08-10,ST019,SUP008,2026-08-08,2026-08-17,2026-08-20,294,263,0.8959,3,False,Ambient,Late / short
PO005424,2026-08-10,ST019,SUP012,2026-08-08,2026-08-14,2026-08-14,309,261,0.8457,0,True,Ambient,Short
PO005425,2026-08-10,ST019,SUP011,2026-08-08,2026-08-15,2026-08-15,436,412,0.9458,0,True,Ambient,Complete
PO005426,2026-08-10,ST019,SUP007,2026-08-08,2026-08-13,2026-08-13,347,322,0.9285,0,True,Chilled,Complete
PO005427,2026-08-10,ST019,SUP006,2026-08-08,2026-08-14,2026-08-14,252,245,0.9724,0,True,Ambient,Complete
PO005428,2026-08-10,ST019,SUP003,2026-08-08,2026-08-14,2026-08-14,360,335,0.9308,0,True,Ambient,Complete
PO005429,2026-08-10,ST019,SUP004,2026-08-08,2026-08-15,2026-08-15,221,216,0.9767,0,True,Ambient,Complete
PO005430,2026-08-10,ST019,SUP005,2026-08-08,2026-08-15,2026-08-15,197,195,0.9899,0,True,Ambient,Complete
PO005431,2026-08-10,ST020,SUP012,2026-08-08,2026-08-14,2026-08-14,306,285,0.9307,0,True,Ambient,Complete
PO005432,2026-08-10,ST020,SUP011,2026-08-08,2026-08-15,2026-08-17,298,293,0.9838,2,False,Ambient,Late
PO005433,2026-08-10,ST020,SUP002,2026-08-08,2026-08-13,2026-08-13,223,222,0.9959,0,True,Chilled,Complete
PO005434,2026-08-10,ST020,SUP006,2026-08-08,2026-08-14,2026-08-14,195,179,0.9164,0,True,Ambient,Complete
PO005435,2026-08-10,ST020,SUP004,2026-08-08,2026-08-15,2026-08-15,342,301,0.8811,0,True,Ambient,Short
PO005436,2026-08-10,ST020,SUP010,2026-08-08,2026-08-16,2026-08-19,262,252,0.9611,3,False,Ambient,Late
PO005437,2026-08-10,ST021,SUP001,2026-08-08,2026-08-14,2026-08-14,263,239,0.9106,0,True,Ambient,Complete
PO005438,2026-08-10,ST021,SUP008,2026-08-08,2026-08-17,2026-08-17,435,377,0.8672,0,True,Ambient,Short
PO005439,2026-08-10,ST021,SUP012,2026-08-08,2026-08-14,2026-08-14,159,140,0.879,0,True,Ambient,Short
PO005440,2026-08-10,ST021,SUP011,2026-08-08,2026-08-15,2026-08-15,410,342,0.8343,0,True,Ambient,Short
PO005441,2026-08-10,ST021,SUP007,2026-08-08,2026-08-13,2026-08-13,145,145,0.9967,0,True,Chilled,Complete
PO005442,2026-08-10,ST021,SUP004,2026-08-08,2026-08-15,2026-08-15,320,298,0.932,0,True,Ambient,Complete
PO005443,2026-08-10,ST021,SUP010,2026-08-08,2026-08-16,2026-08-16,364,330,0.9064,0,True,Ambient,Complete
PO005444,2026-08-10,ST022,SUP001,2026-08-08,2026-08-14,2026-08-14,149,138,0.9278,0,True,Ambient,Complete
PO005445,2026-08-10,ST022,SUP008,2026-08-08,2026-08-17,2026-08-17,242,217,0.8973,0,True,Ambient,Short
PO005446,2026-08-10,ST022,SUP007,2026-08-08,2026-08-13,2026-08-13,383,336,0.8766,0,True,Chilled,Short
PO005447,2026-08-10,ST022,SUP010,2026-08-08,2026-08-16,2026-08-16,390,371,0.9516,0,True,Ambient,Complete
PO005448,2026-08-10,ST022,SUP005,2026-08-08,2026-08-15,2026-08-15,156,143,0.9146,0,True,Ambient,Complete
PO005449,2026-08-10,ST023,SUP001,2026-08-08,2026-08-14,2026-08-14,147,131,0.8942,0,True,Ambient,Short
PO005450,2026-08-10,ST023,SUP011,2026-08-08,2026-08-15,2026-08-15,277,269,0.9719,0,True,Ambient,Complete
PO005451,2026-08-10,ST023,SUP002,2026-08-08,2026-08-13,2026-08-13,316,286,0.9055,0,True,Chilled,Complete
PO005452,2026-08-10,ST023,SUP007,2026-08-08,2026-08-13,2026-08-13,334,295,0.8825,0,True,Chilled,Short
PO005453,2026-08-10,ST023,SUP006,2026-08-08,2026-08-14,2026-08-14,293,293,1.0,0,True,Ambient,Complete
PO005454,2026-08-10,ST023,SUP003,2026-08-08,2026-08-14,2026-08-14,276,246,0.8923,0,True,Ambient,Short
PO005455,2026-08-10,ST024,SUP001,2026-08-08,2026-08-14,2026-08-14,198,188,0.9499,0,True,Ambient,Complete
PO005456,2026-08-10,ST024,SUP006,2026-08-08,2026-08-14,2026-08-16,94,86,0.916,2,False,Ambient,Late
PO005457,2026-08-10,ST024,SUP003,2026-08-08,2026-08-14,2026-08-14,265,262,0.9869,0,True,Ambient,Complete
PO005458,2026-08-10,ST024,SUP010,2026-08-08,2026-08-16,2026-08-16,280,275,0.9811,0,True,Ambient,Complete
PO005459,2026-08-10,ST024,SUP005,2026-08-08,2026-08-15,2026-08-15,142,130,0.9153,0,True,Ambient,Complete
PO005460,2026-08-10,ST024,SUP009,2026-08-08,2026-08-14,2026-08-14,270,268,0.9932,0,True,Ambient,Complete
PO005461,2026-08-10,ST025,SUP001,2026-08-08,2026-08-14,2026-08-14,137,128,0.9307,0,True,Ambient,Complete
PO005462,2026-08-10,ST025,SUP008,2026-08-08,2026-08-17,2026-08-17,305,276,0.9052,0,True,Ambient,Complete
PO005463,2026-08-10,ST025,SUP006,2026-08-08,2026-08-14,2026-08-14,371,331,0.8922,0,True,Ambient,Short
PO005464,2026-08-10,ST025,SUP003,2026-08-08,2026-08-14,2026-08-14,369,369,1.0,0,True,Ambient,Complete
PO005465,2026-08-10,ST025,SUP004,2026-08-08,2026-08-15,2026-08-15,296,294,0.9934,0,True,Ambient,Complete
PO005466,2026-08-10,ST025,SUP005,2026-08-08,2026-08-15,2026-08-15,322,322,1.0,0,True,Ambient,Complete
PO005467,2026-08-10,ST026,SUP006,2026-08-08,2026-08-14,2026-08-14,169,158,0.9347,0,True,Ambient,Complete
PO005468,2026-08-10,ST026,SUP003,2026-08-08,2026-08-14,2026-08-17,376,353,0.9398,3,False,Ambient,Late
PO005469,2026-08-10,ST026,SUP010,2026-08-08,2026-08-16,2026-08-16,148,142,0.9569,0,True,Ambient,Complete
PO005470,2026-08-10,ST026,SUP009,2026-08-08,2026-08-14,2026-08-14,242,232,0.9599,0,True,Ambient,Complete
PO005471,2026-08-10,ST027,SUP002,2026-08-08,2026-08-13,2026-08-13,251,208,0.8299,0,True,Chilled,Short
PO005472,2026-08-10,ST027,SUP007,2026-08-08,2026-08-13,2026-08-13,190,183,0.964,0,True,Chilled,Complete
PO005473,2026-08-10,ST027,SUP003,2026-08-08,2026-08-14,2026-08-14,221,200,0.9048,0,True,Ambient,Complete
PO005474,2026-08-10,ST027,SUP005,2026-08-08,2026-08-15,2026-08-15,280,251,0.8954,0,True,Ambient,Short
PO005475,2026-08-10,ST027,SUP009,2026-08-08,2026-08-14,2026-08-14,123,111,0.9027,0,True,Ambient,Complete
PO005476,2026-08-10,ST028,SUP001,2026-08-08,2026-08-14,2026-08-14,209,197,0.9415,0,True,Ambient,Complete
PO005477,2026-08-10,ST028,SUP002,2026-08-08,2026-08-13,2026-08-13,232,202,0.8723,0,True,Chilled,Short
PO005478,2026-08-10,ST028,SUP005,2026-08-08,2026-08-15,2026-08-18,271,251,0.9271,3,False,Ambient,Late
PO005479,2026-08-10,ST028,SUP009,2026-08-08,2026-08-14,2026-08-14,210,188,0.8955,0,True,Ambient,Short
PO005480,2026-08-10,ST029,SUP008,2026-08-08,2026-08-17,2026-08-17,263,233,0.8856,0,True,Ambient,Short
PO005481,2026-08-10,ST029,SUP012,2026-08-08,2026-08-14,2026-08-14,156,143,0.9196,0,True,Ambient,Complete
PO005482,2026-08-10,ST029,SUP003,2026-08-08,2026-08-14,2026-08-14,264,264,1.0,0,True,Ambient,Complete
PO005483,2026-08-10,ST029,SUP010,2026-08-08,2026-08-16,2026-08-16,208,200,0.9618,0,True,Ambient,Complete
PO005484,2026-08-10,ST029,SUP009,2026-08-08,2026-08-14,2026-08-14,231,227,0.983,0,True,Ambient,Complete
PO005485,2026-08-10,ST030,SUP001,2026-08-08,2026-08-14,2026-08-14,379,349,0.9198,0,True,Ambient,Complete
PO005486,2026-08-10,ST030,SUP012,2026-08-08,2026-08-14,2026-08-14,130,125,0.9635,0,True,Ambient,Complete
PO005487,2026-08-10,ST030,SUP011,2026-08-08,2026-08-15,2026-08-15,376,375,0.9962,0,True,Ambient,Complete
PO005488,2026-08-10,ST030,SUP007,2026-08-08,2026-08-13,2026-08-13,314,314,1.0,0,True,Chilled,Complete
PO005489,2026-08-10,ST030,SUP006,2026-08-08,2026-08-14,2026-08-14,176,170,0.9677,0,True,Ambient,Complete
PO005490,2026-08-10,ST031,SUP001,2026-08-08,2026-08-14,2026-08-14,285,274,0.962,0,True,Ambient,Complete
PO005491,2026-08-10,ST031,SUP012,2026-08-08,2026-08-14,2026-08-14,133,133,1.0,0,True,Ambient,Complete
PO005492,2026-08-10,ST031,SUP002,2026-08-08,2026-08-13,2026-08-13,200,179,0.8954,0,True,Chilled,Short
PO005493,2026-08-10,ST031,SUP006,2026-08-08,2026-08-14,2026-08-14,154,148,0.9588,0,True,Ambient,Complete
PO005494,2026-08-10,ST031,SUP003,2026-08-08,2026-08-14,2026-08-14,183,183,1.0,0,True,Ambient,Complete
PO005495,2026-08-10,ST032,SUP008,2026-08-08,2026-08-17,2026-08-17,187,160,0.8544,0,True,Ambient,Short
PO005496,2026-08-10,ST032,SUP012,2026-08-08,2026-08-14,2026-08-14,243,243,1.0,0,True,Ambient,Complete
PO005497,2026-08-10,ST032,SUP002,2026-08-08,2026-08-13,2026-08-13,290,266,0.9176,0,True,Chilled,Complete
PO005498,2026-08-10,ST032,SUP007,2026-08-08,2026-08-13,2026-08-13,224,224,1.0,0,True,Chilled,Complete
PO005499,2026-08-10,ST032,SUP006,2026-08-08,2026-08-14,2026-08-14,112,109,0.972,0,True,Ambient,Complete
PO005500,2026-08-10,ST032,SUP003,2026-08-08,2026-08-14,2026-08-14,213,185,0.868,0,True,Ambient,Short
PO005501,2026-08-10,ST032,SUP004,2026-08-08,2026-08-15,2026-08-15,282,268,0.9511,0,True,Ambient,Complete
PO005502,2026-08-10,ST032,SUP005,2026-08-08,2026-08-15,2026-08-15,133,114,0.8604,0,True,Ambient,Short
PO005503,2026-08-10,ST033,SUP001,2026-08-08,2026-08-14,2026-08-14,279,240,0.8613,0,True,Ambient,Short
PO005504,2026-08-10,ST033,SUP011,2026-08-08,2026-08-15,2026-08-15,250,230,0.9207,0,True,Ambient,Complete
PO005505,2026-08-10,ST033,SUP002,2026-08-08,2026-08-13,2026-08-15,196,176,0.8981,2,False,Chilled,Late / short
PO005506,2026-08-10,ST033,SUP003,2026-08-08,2026-08-14,2026-08-14,207,207,1.0,0,True,Ambient,Complete
PO005507,2026-08-10,ST033,SUP004,2026-08-08,2026-08-15,2026-08-15,102,94,0.9256,0,True,Ambient,Complete
PO005508,2026-08-10,ST033,SUP005,2026-08-08,2026-08-15,2026-08-15,130,113,0.8686,0,True,Ambient,Short
PO005509,2026-08-10,ST034,SUP012,2026-08-08,2026-08-14,2026-08-14,265,265,1.0,0,True,Ambient,Complete
PO005510,2026-08-10,ST034,SUP002,2026-08-08,2026-08-13,2026-08-13,147,132,0.8959,0,True,Chilled,Short
PO005511,2026-08-10,ST034,SUP006,2026-08-08,2026-08-14,2026-08-15,170,165,0.9734,1,False,Ambient,Late
PO005512,2026-08-10,ST034,SUP003,2026-08-08,2026-08-14,2026-08-14,97,94,0.9649,0,True,Ambient,Complete
PO005513,2026-08-10,ST034,SUP004,2026-08-08,2026-08-15,2026-08-15,133,120,0.8998,0,True,Ambient,Short
PO005514,2026-08-10,ST034,SUP005,2026-08-08,2026-08-15,2026-08-18,191,173,0.9034,3,False,Ambient,Late
PO005515,2026-08-10,ST034,SUP009,2026-08-08,2026-08-14,2026-08-14,271,258,0.9533,0,True,Ambient,Complete
PO005516,2026-08-10,ST035,SUP001,2026-08-08,2026-08-14,2026-08-14,340,338,0.9934,0,True,Ambient,Complete
PO005517,2026-08-10,ST035,SUP008,2026-08-08,2026-08-17,2026-08-17,217,204,0.9396,0,True,Ambient,Complete
PO005518,2026-08-10,ST035,SUP011,2026-08-08,2026-08-15,2026-08-15,111,104,0.935,0,True,Ambient,Complete
PO005519,2026-08-10,ST035,SUP002,2026-08-08,2026-08-13,2026-08-13,330,291,0.8829,0,True,Chilled,Short
PO005520,2026-08-10,ST035,SUP004,2026-08-08,2026-08-15,2026-08-15,302,302,1.0,0,True,Ambient,Complete
PO005521,2026-08-10,ST035,SUP010,2026-08-08,2026-08-16,2026-08-16,320,304,0.9509,0,True,Ambient,Complete
PO005522,2026-08-10,ST035,SUP005,2026-08-08,2026-08-15,2026-08-15,109,97,0.8861,0,True,Ambient,Short
PO005523,2026-08-10,ST035,SUP009,2026-08-08,2026-08-14,2026-08-14,177,175,0.9874,0,True,Ambient,Complete
PO005524,2026-08-10,ST036,SUP001,2026-08-08,2026-08-14,2026-08-14,127,115,0.9084,0,True,Ambient,Complete
PO005525,2026-08-10,ST036,SUP008,2026-08-08,2026-08-17,2026-08-17,267,242,0.9057,0,True,Ambient,Complete
PO005526,2026-08-10,ST036,SUP012,2026-08-08,2026-08-14,2026-08-14,129,121,0.9344,0,True,Ambient,Complete
PO005527,2026-08-10,ST036,SUP002,2026-08-08,2026-08-13,2026-08-13,247,231,0.9335,0,True,Chilled,Complete
PO005528,2026-08-10,ST036,SUP007,2026-08-08,2026-08-13,2026-08-13,259,242,0.936,0,True,Chilled,Complete
PO005529,2026-08-10,ST036,SUP006,2026-08-08,2026-08-14,2026-08-14,244,216,0.8859,0,True,Ambient,Short
PO005530,2026-08-10,ST036,SUP003,2026-08-08,2026-08-14,2026-08-14,318,318,1.0,0,True,Ambient,Complete
PO005531,2026-08-10,ST036,SUP010,2026-08-08,2026-08-16,2026-08-16,151,138,0.912,0,True,Ambient,Complete
PO005532,2026-08-17,ST001,SUP001,2026-08-15,2026-08-21,2026-08-21,193,187,0.971,0,True,Ambient,Complete
PO005533,2026-08-17,ST001,SUP008,2026-08-15,2026-08-24,2026-08-24,188,188,0.9984,0,True,Ambient,Complete
PO005534,2026-08-17,ST001,SUP012,2026-08-15,2026-08-21,2026-08-21,221,218,0.9848,0,True,Ambient,Complete
PO005535,2026-08-17,ST001,SUP011,2026-08-15,2026-08-22,2026-08-22,394,369,0.9372,0,True,Ambient,Complete
PO005536,2026-08-17,ST001,SUP007,2026-08-15,2026-08-20,2026-08-23,205,185,0.903,3,False,Chilled,Late
PO005537,2026-08-17,ST001,SUP003,2026-08-15,2026-08-21,2026-08-21,144,135,0.937,0,True,Ambient,Complete
PO005538,2026-08-17,ST001,SUP004,2026-08-15,2026-08-22,2026-08-22,167,158,0.9482,0,True,Ambient,Complete
PO005539,2026-08-17,ST001,SUP009,2026-08-15,2026-08-21,2026-08-21,181,175,0.9659,0,True,Ambient,Complete
PO005540,2026-08-17,ST002,SUP012,2026-08-15,2026-08-21,2026-08-21,187,178,0.9541,0,True,Ambient,Complete
PO005541,2026-08-17,ST002,SUP011,2026-08-15,2026-08-22,2026-08-22,391,361,0.923,0,True,Ambient,Complete
PO005542,2026-08-17,ST002,SUP002,2026-08-15,2026-08-20,2026-08-20,318,281,0.8827,0,True,Chilled,Short
PO005543,2026-08-17,ST002,SUP007,2026-08-15,2026-08-20,2026-08-20,389,376,0.9653,0,True,Chilled,Complete
PO005544,2026-08-17,ST002,SUP005,2026-08-15,2026-08-22,2026-08-22,459,446,0.9714,0,True,Ambient,Complete
PO005545,2026-08-17,ST003,SUP008,2026-08-15,2026-08-24,2026-08-24,335,285,0.8522,0,True,Ambient,Short
PO005546,2026-08-17,ST003,SUP011,2026-08-15,2026-08-22,2026-08-22,300,269,0.8954,0,True,Ambient,Short
PO005547,2026-08-17,ST003,SUP007,2026-08-15,2026-08-20,2026-08-20,227,217,0.9552,0,True,Chilled,Complete
PO005548,2026-08-17,ST003,SUP003,2026-08-15,2026-08-21,2026-08-21,375,363,0.9669,0,True,Ambient,Complete
PO005549,2026-08-17,ST003,SUP005,2026-08-15,2026-08-22,2026-08-22,454,434,0.9566,0,True,Ambient,Complete
PO005550,2026-08-17,ST003,SUP009,2026-08-15,2026-08-21,2026-08-21,335,312,0.932,0,True,Ambient,Complete
PO005551,2026-08-17,ST004,SUP001,2026-08-15,2026-08-21,2026-08-21,463,434,0.9378,0,True,Ambient,Complete
PO005552,2026-08-17,ST004,SUP008,2026-08-15,2026-08-24,2026-08-24,371,337,0.9074,0,True,Ambient,Complete
PO005553,2026-08-17,ST004,SUP012,2026-08-15,2026-08-21,2026-08-21,499,488,0.9777,0,True,Ambient,Complete
PO005554,2026-08-17,ST004,SUP011,2026-08-15,2026-08-22,2026-08-22,443,435,0.9809,0,True,Ambient,Complete
PO005555,2026-08-17,ST004,SUP002,2026-08-15,2026-08-20,2026-08-21,179,167,0.9344,1,False,Chilled,Late
PO005556,2026-08-17,ST004,SUP007,2026-08-15,2026-08-20,2026-08-20,239,222,0.9292,0,True,Chilled,Complete
PO005557,2026-08-17,ST004,SUP006,2026-08-15,2026-08-21,2026-08-21,212,191,0.9001,0,True,Ambient,Complete
PO005558,2026-08-17,ST004,SUP003,2026-08-15,2026-08-21,2026-08-21,382,363,0.9512,0,True,Ambient,Complete
PO005559,2026-08-17,ST004,SUP005,2026-08-15,2026-08-22,2026-08-22,207,197,0.9494,0,True,Ambient,Complete
PO005560,2026-08-17,ST004,SUP009,2026-08-15,2026-08-21,2026-08-21,260,260,1.0,0,True,Ambient,Complete
PO005561,2026-08-17,ST005,SUP012,2026-08-15,2026-08-21,2026-08-21,251,247,0.9832,0,True,Ambient,Complete
PO005562,2026-08-17,ST005,SUP011,2026-08-15,2026-08-22,2026-08-22,174,163,0.935,0,True,Ambient,Complete
PO005563,2026-08-17,ST005,SUP006,2026-08-15,2026-08-21,2026-08-21,482,482,1.0,0,True,Ambient,Complete
PO005564,2026-08-17,ST005,SUP003,2026-08-15,2026-08-21,2026-08-21,531,520,0.9796,0,True,Ambient,Complete
PO005565,2026-08-17,ST005,SUP004,2026-08-15,2026-08-22,2026-08-22,312,297,0.9511,0,True,Ambient,Complete
PO005566,2026-08-17,ST005,SUP005,2026-08-15,2026-08-22,2026-08-22,236,222,0.9396,0,True,Ambient,Complete
PO005567,2026-08-17,ST006,SUP001,2026-08-15,2026-08-21,2026-08-21,238,228,0.9599,0,True,Ambient,Complete
PO005568,2026-08-17,ST006,SUP011,2026-08-15,2026-08-22,2026-08-22,523,470,0.898,0,True,Ambient,Short
PO005569,2026-08-17,ST006,SUP002,2026-08-15,2026-08-20,2026-08-20,184,149,0.8118,0,True,Chilled,Short
PO005570,2026-08-17,ST006,SUP003,2026-08-15,2026-08-21,2026-08-21,297,288,0.9684,0,True,Ambient,Complete
PO005571,2026-08-17,ST006,SUP010,2026-08-15,2026-08-23,2026-08-23,378,362,0.9575,0,True,Ambient,Complete
PO005572,2026-08-17,ST007,SUP001,2026-08-15,2026-08-21,2026-08-21,501,432,0.8615,0,True,Ambient,Short
PO005573,2026-08-17,ST007,SUP012,2026-08-15,2026-08-21,2026-08-21,530,517,0.9754,0,True,Ambient,Complete
PO005574,2026-08-17,ST007,SUP011,2026-08-15,2026-08-22,2026-08-22,306,294,0.9598,0,True,Ambient,Complete
PO005575,2026-08-17,ST007,SUP002,2026-08-15,2026-08-20,2026-08-20,265,254,0.9579,0,True,Chilled,Complete
PO005576,2026-08-17,ST007,SUP007,2026-08-15,2026-08-20,2026-08-20,157,144,0.9141,0,True,Chilled,Complete
PO005577,2026-08-17,ST007,SUP003,2026-08-15,2026-08-21,2026-08-23,292,292,1.0,2,False,Ambient,Late
PO005578,2026-08-17,ST007,SUP010,2026-08-15,2026-08-23,2026-08-23,477,429,0.8994,0,True,Ambient,Short
PO005579,2026-08-17,ST008,SUP001,2026-08-15,2026-08-21,2026-08-21,333,304,0.9138,0,True,Ambient,Complete
PO005580,2026-08-17,ST008,SUP011,2026-08-15,2026-08-22,2026-08-22,379,353,0.931,0,True,Ambient,Complete
PO005581,2026-08-17,ST008,SUP002,2026-08-15,2026-08-20,2026-08-20,209,189,0.904,0,True,Chilled,Complete
PO005582,2026-08-17,ST008,SUP007,2026-08-15,2026-08-20,2026-08-20,267,257,0.9639,0,True,Chilled,Complete
PO005583,2026-08-17,ST008,SUP006,2026-08-15,2026-08-21,2026-08-21,337,324,0.961,0,True,Ambient,Complete
PO005584,2026-08-17,ST008,SUP004,2026-08-15,2026-08-22,2026-08-22,337,318,0.9425,0,True,Ambient,Complete
PO005585,2026-08-17,ST008,SUP010,2026-08-15,2026-08-23,2026-08-23,335,302,0.9025,0,True,Ambient,Complete
PO005586,2026-08-17,ST008,SUP005,2026-08-15,2026-08-22,2026-08-22,204,163,0.798,0,True,Ambient,Short
PO005587,2026-08-17,ST009,SUP008,2026-08-15,2026-08-24,2026-08-24,275,263,0.9565,0,True,Ambient,Complete
PO005588,2026-08-17,ST009,SUP012,2026-08-15,2026-08-21,2026-08-21,189,176,0.9325,0,True,Ambient,Complete
PO005589,2026-08-17,ST009,SUP007,2026-08-15,2026-08-20,2026-08-20,357,328,0.9176,0,True,Chilled,Complete
PO005590,2026-08-17,ST009,SUP006,2026-08-15,2026-08-21,2026-08-21,358,345,0.9649,0,True,Ambient,Complete
PO005591,2026-08-17,ST009,SUP005,2026-08-15,2026-08-22,2026-08-22,219,204,0.9301,0,True,Ambient,Complete
PO005592,2026-08-17,ST009,SUP009,2026-08-15,2026-08-21,2026-08-21,141,128,0.9092,0,True,Ambient,Complete
PO005593,2026-08-17,ST010,SUP001,2026-08-15,2026-08-21,2026-08-21,437,410,0.9378,0,True,Ambient,Complete
PO005594,2026-08-17,ST010,SUP008,2026-08-15,2026-08-24,2026-08-25,261,238,0.9128,1,False,Ambient,Late
PO005595,2026-08-17,ST010,SUP011,2026-08-15,2026-08-22,2026-08-22,178,160,0.9016,0,True,Ambient,Complete
PO005596,2026-08-17,ST010,SUP003,2026-08-15,2026-08-21,2026-08-21,253,246,0.9721,0,True,Ambient,Complete
PO005597,2026-08-17,ST010,SUP004,2026-08-15,2026-08-22,2026-08-22,208,182,0.8751,0,True,Ambient,Short
PO005598,2026-08-17,ST010,SUP009,2026-08-15,2026-08-21,2026-08-21,420,420,1.0,0,True,Ambient,Complete
PO005599,2026-08-17,ST011,SUP001,2026-08-15,2026-08-21,2026-08-21,143,127,0.8867,0,True,Ambient,Short
PO005600,2026-08-17,ST011,SUP012,2026-08-15,2026-08-21,2026-08-21,426,420,0.9867,0,True,Ambient,Complete
PO005601,2026-08-17,ST011,SUP006,2026-08-15,2026-08-21,2026-08-21,148,148,1.0,0,True,Ambient,Complete
PO005602,2026-08-17,ST011,SUP003,2026-08-15,2026-08-21,2026-08-21,329,314,0.9532,0,True,Ambient,Complete
PO005603,2026-08-17,ST011,SUP005,2026-08-15,2026-08-22,2026-08-22,297,252,0.8486,0,True,Ambient,Short
PO005604,2026-08-17,ST012,SUP001,2026-08-15,2026-08-21,2026-08-21,405,380,0.938,0,True,Ambient,Complete
PO005605,2026-08-17,ST012,SUP006,2026-08-15,2026-08-21,2026-08-21,426,404,0.9493,0,True,Ambient,Complete
PO005606,2026-08-17,ST012,SUP003,2026-08-15,2026-08-21,2026-08-21,464,419,0.9031,0,True,Ambient,Complete
PO005607,2026-08-17,ST012,SUP004,2026-08-15,2026-08-22,2026-08-22,462,445,0.9631,0,True,Ambient,Complete
PO005608,2026-08-17,ST012,SUP010,2026-08-15,2026-08-23,2026-08-23,394,351,0.8898,0,True,Ambient,Short
PO005609,2026-08-17,ST012,SUP009,2026-08-15,2026-08-21,2026-08-21,163,157,0.9626,0,True,Ambient,Complete
PO005610,2026-08-17,ST013,SUP008,2026-08-15,2026-08-24,2026-08-24,190,180,0.9465,0,True,Ambient,Complete
PO005611,2026-08-17,ST013,SUP012,2026-08-15,2026-08-21,2026-08-24,196,175,0.8927,3,False,Ambient,Late / short
PO005612,2026-08-17,ST013,SUP006,2026-08-15,2026-08-21,2026-08-21,354,354,1.0,0,True,Ambient,Complete
PO005613,2026-08-17,ST013,SUP003,2026-08-15,2026-08-21,2026-08-21,228,228,1.0,0,True,Ambient,Complete
PO005614,2026-08-17,ST013,SUP004,2026-08-15,2026-08-22,2026-08-22,335,309,0.9211,0,True,Ambient,Complete
PO005615,2026-08-17,ST013,SUP010,2026-08-15,2026-08-23,2026-08-23,188,188,1.0,0,True,Ambient,Complete
PO005616,2026-08-17,ST013,SUP005,2026-08-15,2026-08-22,2026-08-22,144,132,0.9158,0,True,Ambient,Complete
PO005617,2026-08-17,ST014,SUP001,2026-08-15,2026-08-21,2026-08-21,349,322,0.9219,0,True,Ambient,Complete
PO005618,2026-08-17,ST014,SUP008,2026-08-15,2026-08-24,2026-08-24,178,170,0.9561,0,True,Ambient,Complete
PO005619,2026-08-17,ST014,SUP012,2026-08-15,2026-08-21,2026-08-21,299,284,0.9494,0,True,Ambient,Complete
PO005620,2026-08-17,ST014,SUP007,2026-08-15,2026-08-20,2026-08-20,191,178,0.9317,0,True,Chilled,Complete
PO005621,2026-08-17,ST014,SUP006,2026-08-15,2026-08-21,2026-08-21,321,320,0.9964,0,True,Ambient,Complete
PO005622,2026-08-17,ST014,SUP010,2026-08-15,2026-08-23,2026-08-23,267,255,0.9534,0,True,Ambient,Complete
PO005623,2026-08-17,ST014,SUP009,2026-08-15,2026-08-21,2026-08-21,214,207,0.9666,0,True,Ambient,Complete
PO005624,2026-08-17,ST015,SUP001,2026-08-15,2026-08-21,2026-08-21,213,200,0.9412,0,True,Ambient,Complete
PO005625,2026-08-17,ST015,SUP008,2026-08-15,2026-08-24,2026-08-24,343,288,0.8406,0,True,Ambient,Short
PO005626,2026-08-17,ST015,SUP012,2026-08-15,2026-08-21,2026-08-21,276,274,0.994,0,True,Ambient,Complete
PO005627,2026-08-17,ST015,SUP002,2026-08-15,2026-08-20,2026-08-20,136,121,0.8909,0,True,Chilled,Short
PO005628,2026-08-17,ST015,SUP003,2026-08-15,2026-08-21,2026-08-21,158,145,0.915,0,True,Ambient,Complete
PO005629,2026-08-17,ST016,SUP011,2026-08-15,2026-08-22,2026-08-22,277,266,0.9587,0,True,Ambient,Complete
PO005630,2026-08-17,ST016,SUP006,2026-08-15,2026-08-21,2026-08-21,193,193,1.0,0,True,Ambient,Complete
PO005631,2026-08-17,ST016,SUP003,2026-08-15,2026-08-21,2026-08-21,200,190,0.9516,0,True,Ambient,Complete
PO005632,2026-08-17,ST016,SUP004,2026-08-15,2026-08-22,2026-08-22,198,194,0.9817,0,True,Ambient,Complete
PO005633,2026-08-17,ST016,SUP010,2026-08-15,2026-08-23,2026-08-23,483,457,0.9455,0,True,Ambient,Complete
PO005634,2026-08-17,ST017,SUP012,2026-08-15,2026-08-21,2026-08-21,277,256,0.924,0,True,Ambient,Complete
PO005635,2026-08-17,ST017,SUP011,2026-08-15,2026-08-22,2026-08-22,337,291,0.8634,0,True,Ambient,Short
PO005636,2026-08-17,ST017,SUP003,2026-08-15,2026-08-21,2026-08-21,341,305,0.8957,0,True,Ambient,Short
PO005637,2026-08-17,ST017,SUP010,2026-08-15,2026-08-23,2026-08-23,223,201,0.8997,0,True,Ambient,Short
PO005638,2026-08-17,ST018,SUP008,2026-08-15,2026-08-24,2026-08-24,247,231,0.9371,0,True,Ambient,Complete
PO005639,2026-08-17,ST018,SUP012,2026-08-15,2026-08-21,2026-08-21,273,263,0.962,0,True,Ambient,Complete
PO005640,2026-08-17,ST018,SUP011,2026-08-15,2026-08-22,2026-08-22,407,407,1.0,0,True,Ambient,Complete
PO005641,2026-08-17,ST018,SUP002,2026-08-15,2026-08-20,2026-08-20,331,320,0.9679,0,True,Chilled,Complete
PO005642,2026-08-17,ST018,SUP006,2026-08-15,2026-08-21,2026-08-21,287,274,0.9546,0,True,Ambient,Complete
PO005643,2026-08-17,ST018,SUP004,2026-08-15,2026-08-22,2026-08-22,307,278,0.9046,0,True,Ambient,Complete
PO005644,2026-08-17,ST019,SUP008,2026-08-15,2026-08-24,2026-08-24,387,332,0.8571,0,True,Ambient,Short
PO005645,2026-08-17,ST019,SUP012,2026-08-15,2026-08-21,2026-08-21,326,303,0.9281,0,True,Ambient,Complete
PO005646,2026-08-17,ST019,SUP002,2026-08-15,2026-08-20,2026-08-20,441,388,0.8788,0,True,Chilled,Short
PO005647,2026-08-17,ST019,SUP003,2026-08-15,2026-08-21,2026-08-21,430,425,0.9881,0,True,Ambient,Complete
PO005648,2026-08-17,ST019,SUP004,2026-08-15,2026-08-22,2026-08-22,218,212,0.9718,0,True,Ambient,Complete
PO005649,2026-08-17,ST019,SUP010,2026-08-15,2026-08-23,2026-08-23,212,185,0.8727,0,True,Ambient,Short
PO005650,2026-08-17,ST019,SUP005,2026-08-15,2026-08-22,2026-08-22,177,162,0.9166,0,True,Ambient,Complete
PO005651,2026-08-17,ST019,SUP009,2026-08-15,2026-08-21,2026-08-21,372,372,1.0,0,True,Ambient,Complete
PO005652,2026-08-17,ST020,SUP002,2026-08-15,2026-08-20,2026-08-20,181,177,0.9755,0,True,Chilled,Complete
PO005653,2026-08-17,ST020,SUP006,2026-08-15,2026-08-21,2026-08-21,276,254,0.9215,0,True,Ambient,Complete
PO005654,2026-08-17,ST020,SUP005,2026-08-15,2026-08-22,2026-08-22,305,294,0.9654,0,True,Ambient,Complete
PO005655,2026-08-17,ST021,SUP008,2026-08-15,2026-08-24,2026-08-24,235,206,0.8762,0,True,Ambient,Short
PO005656,2026-08-17,ST021,SUP011,2026-08-15,2026-08-22,2026-08-22,460,416,0.9042,0,True,Ambient,Complete
PO005657,2026-08-17,ST021,SUP002,2026-08-15,2026-08-20,2026-08-20,212,185,0.8732,0,True,Chilled,Short
PO005658,2026-08-17,ST021,SUP007,2026-08-15,2026-08-20,2026-08-20,483,423,0.8764,0,True,Chilled,Short
PO005659,2026-08-17,ST021,SUP003,2026-08-15,2026-08-21,2026-08-21,206,204,0.9921,0,True,Ambient,Complete
PO005660,2026-08-17,ST021,SUP004,2026-08-15,2026-08-22,2026-08-22,372,348,0.9351,0,True,Ambient,Complete
PO005661,2026-08-17,ST022,SUP007,2026-08-15,2026-08-20,2026-08-20,253,239,0.945,0,True,Chilled,Complete
PO005662,2026-08-17,ST022,SUP006,2026-08-15,2026-08-21,2026-08-21,239,209,0.8757,0,True,Ambient,Short
PO005663,2026-08-17,ST022,SUP010,2026-08-15,2026-08-23,2026-08-23,329,286,0.8684,0,True,Ambient,Short
PO005664,2026-08-17,ST023,SUP012,2026-08-15,2026-08-21,2026-08-21,211,199,0.9412,0,True,Ambient,Complete
PO005665,2026-08-17,ST023,SUP006,2026-08-15,2026-08-21,2026-08-21,261,256,0.9823,0,True,Ambient,Complete
PO005666,2026-08-17,ST023,SUP003,2026-08-15,2026-08-21,2026-08-21,222,214,0.9646,0,True,Ambient,Complete
PO005667,2026-08-17,ST023,SUP004,2026-08-15,2026-08-22,2026-08-22,367,343,0.9357,0,True,Ambient,Complete
PO005668,2026-08-17,ST023,SUP010,2026-08-15,2026-08-23,2026-08-23,155,154,0.9928,0,True,Ambient,Complete
PO005669,2026-08-17,ST023,SUP009,2026-08-15,2026-08-21,2026-08-21,248,246,0.9915,0,True,Ambient,Complete
PO005670,2026-08-17,ST024,SUP001,2026-08-15,2026-08-21,2026-08-21,227,221,0.9714,0,True,Ambient,Complete
PO005671,2026-08-17,ST024,SUP012,2026-08-15,2026-08-21,2026-08-21,136,125,0.9186,0,True,Ambient,Complete
PO005672,2026-08-17,ST024,SUP003,2026-08-15,2026-08-21,2026-08-24,141,141,1.0,3,False,Ambient,Late
PO005673,2026-08-17,ST024,SUP010,2026-08-15,2026-08-23,2026-08-23,211,183,0.8668,0,True,Ambient,Short
PO005674,2026-08-17,ST024,SUP005,2026-08-15,2026-08-22,2026-08-22,119,103,0.866,0,True,Ambient,Short
PO005675,2026-08-17,ST025,SUP001,2026-08-15,2026-08-21,2026-08-21,202,188,0.9288,0,True,Ambient,Complete
PO005676,2026-08-17,ST025,SUP012,2026-08-15,2026-08-21,2026-08-21,283,275,0.9724,0,True,Ambient,Complete
PO005677,2026-08-17,ST025,SUP011,2026-08-15,2026-08-22,2026-08-22,317,298,0.9387,0,True,Ambient,Complete
PO005678,2026-08-17,ST025,SUP006,2026-08-15,2026-08-21,2026-08-21,335,307,0.9176,0,True,Ambient,Complete
PO005679,2026-08-17,ST025,SUP003,2026-08-15,2026-08-21,2026-08-21,349,329,0.9417,0,True,Ambient,Complete
PO005680,2026-08-17,ST025,SUP004,2026-08-15,2026-08-22,2026-08-22,237,220,0.9262,0,True,Ambient,Complete
PO005681,2026-08-17,ST025,SUP010,2026-08-15,2026-08-23,2026-08-23,401,376,0.9377,0,True,Ambient,Complete
PO005682,2026-08-17,ST026,SUP001,2026-08-15,2026-08-21,2026-08-21,262,253,0.9657,0,True,Ambient,Complete
PO005683,2026-08-17,ST026,SUP011,2026-08-15,2026-08-22,2026-08-22,116,116,1.0,0,True,Ambient,Complete
PO005684,2026-08-17,ST026,SUP002,2026-08-15,2026-08-20,2026-08-20,248,212,0.8529,0,True,Chilled,Short
PO005685,2026-08-17,ST026,SUP007,2026-08-15,2026-08-20,2026-08-20,187,175,0.9372,0,True,Chilled,Complete
PO005686,2026-08-17,ST026,SUP006,2026-08-15,2026-08-21,2026-08-21,157,150,0.9535,0,True,Ambient,Complete
PO005687,2026-08-17,ST026,SUP005,2026-08-15,2026-08-22,2026-08-22,233,224,0.9621,0,True,Ambient,Complete
PO005688,2026-08-17,ST026,SUP009,2026-08-15,2026-08-21,2026-08-21,242,228,0.9416,0,True,Ambient,Complete
PO005689,2026-08-17,ST027,SUP002,2026-08-15,2026-08-20,2026-08-20,139,120,0.8648,0,True,Chilled,Short
PO005690,2026-08-17,ST027,SUP003,2026-08-15,2026-08-21,2026-08-21,324,324,1.0,0,True,Ambient,Complete
PO005691,2026-08-17,ST028,SUP012,2026-08-15,2026-08-21,2026-08-21,313,304,0.971,0,True,Ambient,Complete
PO005692,2026-08-17,ST028,SUP007,2026-08-15,2026-08-20,2026-08-20,237,224,0.9438,0,True,Chilled,Complete
PO005693,2026-08-17,ST028,SUP004,2026-08-15,2026-08-22,2026-08-22,224,211,0.9432,0,True,Ambient,Complete
PO005694,2026-08-17,ST028,SUP005,2026-08-15,2026-08-22,2026-08-25,246,241,0.9798,3,False,Ambient,Late
PO005695,2026-08-17,ST028,SUP009,2026-08-15,2026-08-21,2026-08-21,123,114,0.929,0,True,Ambient,Complete
PO005696,2026-08-17,ST029,SUP001,2026-08-15,2026-08-21,2026-08-21,323,301,0.9331,0,True,Ambient,Complete
PO005697,2026-08-17,ST029,SUP012,2026-08-15,2026-08-21,2026-08-21,251,246,0.9792,0,True,Ambient,Complete
PO005698,2026-08-17,ST029,SUP007,2026-08-15,2026-08-20,2026-08-22,113,109,0.964,2,False,Chilled,Late
PO005699,2026-08-17,ST029,SUP003,2026-08-15,2026-08-21,2026-08-21,291,266,0.9141,0,True,Ambient,Complete
PO005700,2026-08-17,ST029,SUP009,2026-08-15,2026-08-21,2026-08-21,120,116,0.9633,0,True,Ambient,Complete
PO005701,2026-08-17,ST030,SUP001,2026-08-15,2026-08-21,2026-08-21,393,393,1.0,0,True,Ambient,Complete
PO005702,2026-08-17,ST030,SUP008,2026-08-15,2026-08-24,2026-08-24,247,219,0.8882,0,True,Ambient,Short
PO005703,2026-08-17,ST030,SUP011,2026-08-15,2026-08-22,2026-08-22,271,264,0.9756,0,True,Ambient,Complete
PO005704,2026-08-17,ST030,SUP002,2026-08-15,2026-08-20,2026-08-21,401,384,0.9586,1,False,Chilled,Late
PO005705,2026-08-17,ST030,SUP007,2026-08-15,2026-08-20,2026-08-20,385,356,0.924,0,True,Chilled,Complete
PO005706,2026-08-17,ST030,SUP006,2026-08-15,2026-08-21,2026-08-21,249,224,0.8997,0,True,Ambient,Short
PO005707,2026-08-17,ST030,SUP003,2026-08-15,2026-08-21,2026-08-21,312,292,0.9361,0,True,Ambient,Complete
PO005708,2026-08-17,ST030,SUP010,2026-08-15,2026-08-23,2026-08-23,145,136,0.9351,0,True,Ambient,Complete
PO005709,2026-08-17,ST030,SUP005,2026-08-15,2026-08-22,2026-08-22,264,245,0.9265,0,True,Ambient,Complete
PO005710,2026-08-17,ST030,SUP009,2026-08-15,2026-08-21,2026-08-21,238,219,0.9186,0,True,Ambient,Complete
PO005711,2026-08-17,ST031,SUP002,2026-08-15,2026-08-20,2026-08-20,162,136,0.8376,0,True,Chilled,Short
PO005712,2026-08-17,ST031,SUP006,2026-08-15,2026-08-21,2026-08-21,157,134,0.8552,0,True,Ambient,Short
PO005713,2026-08-17,ST031,SUP009,2026-08-15,2026-08-21,2026-08-21,263,246,0.9337,0,True,Ambient,Complete
PO005714,2026-08-17,ST032,SUP012,2026-08-15,2026-08-21,2026-08-22,231,231,1.0,1,False,Ambient,Late
PO005715,2026-08-17,ST032,SUP006,2026-08-15,2026-08-21,2026-08-22,311,289,0.928,1,False,Ambient,Late
PO005716,2026-08-17,ST032,SUP003,2026-08-15,2026-08-21,2026-08-21,190,188,0.9899,0,True,Ambient,Complete
PO005717,2026-08-17,ST032,SUP005,2026-08-15,2026-08-22,2026-08-22,202,178,0.8829,0,True,Ambient,Short
PO005718,2026-08-17,ST033,SUP001,2026-08-15,2026-08-21,2026-08-21,218,204,0.9362,0,True,Ambient,Complete
PO005719,2026-08-17,ST033,SUP002,2026-08-15,2026-08-20,2026-08-20,135,125,0.929,0,True,Chilled,Complete
PO005720,2026-08-17,ST033,SUP006,2026-08-15,2026-08-21,2026-08-21,229,219,0.9547,0,True,Ambient,Complete
PO005721,2026-08-17,ST033,SUP010,2026-08-15,2026-08-23,2026-08-23,191,167,0.8759,0,True,Ambient,Short
PO005722,2026-08-17,ST033,SUP005,2026-08-15,2026-08-22,2026-08-22,133,131,0.9823,0,True,Ambient,Complete
PO005723,2026-08-17,ST033,SUP009,2026-08-15,2026-08-21,2026-08-21,221,221,1.0,0,True,Ambient,Complete
PO005724,2026-08-17,ST034,SUP001,2026-08-15,2026-08-21,2026-08-21,149,139,0.9341,0,True,Ambient,Complete
PO005725,2026-08-17,ST034,SUP008,2026-08-15,2026-08-24,2026-08-24,209,180,0.8631,0,True,Ambient,Short
PO005726,2026-08-17,ST034,SUP011,2026-08-15,2026-08-22,2026-08-22,197,177,0.8982,0,True,Ambient,Short
PO005727,2026-08-17,ST034,SUP007,2026-08-15,2026-08-20,2026-08-20,99,98,0.9862,0,True,Chilled,Complete
PO005728,2026-08-17,ST034,SUP006,2026-08-15,2026-08-21,2026-08-21,217,198,0.9105,0,True,Ambient,Complete
PO005729,2026-08-17,ST034,SUP003,2026-08-15,2026-08-21,2026-08-21,99,98,0.9879,0,True,Ambient,Complete
PO005730,2026-08-17,ST034,SUP005,2026-08-15,2026-08-22,2026-08-22,271,256,0.9443,0,True,Ambient,Complete
PO005731,2026-08-17,ST035,SUP001,2026-08-15,2026-08-21,2026-08-21,191,177,0.9291,0,True,Ambient,Complete
PO005732,2026-08-17,ST035,SUP008,2026-08-15,2026-08-24,2026-08-24,251,223,0.8885,0,True,Ambient,Short
PO005733,2026-08-17,ST035,SUP012,2026-08-15,2026-08-21,2026-08-21,338,328,0.9704,0,True,Ambient,Complete
PO005734,2026-08-17,ST035,SUP011,2026-08-15,2026-08-22,2026-08-22,226,221,0.9783,0,True,Ambient,Complete
PO005735,2026-08-17,ST035,SUP002,2026-08-15,2026-08-20,2026-08-20,185,161,0.8693,0,True,Chilled,Short
PO005736,2026-08-17,ST035,SUP007,2026-08-15,2026-08-20,2026-08-20,209,195,0.9337,0,True,Chilled,Complete
PO005737,2026-08-17,ST035,SUP005,2026-08-15,2026-08-22,2026-08-22,203,203,1.0,0,True,Ambient,Complete
PO005738,2026-08-17,ST036,SUP008,2026-08-15,2026-08-24,2026-08-24,133,115,0.8649,0,True,Ambient,Short
PO005739,2026-08-17,ST036,SUP012,2026-08-15,2026-08-21,2026-08-21,261,257,0.9863,0,True,Ambient,Complete
PO005740,2026-08-17,ST036,SUP011,2026-08-15,2026-08-22,2026-08-22,155,144,0.9301,0,True,Ambient,Complete
PO005741,2026-08-17,ST036,SUP007,2026-08-15,2026-08-20,2026-08-20,235,225,0.9584,0,True,Chilled,Complete
PO005742,2026-08-17,ST036,SUP003,2026-08-15,2026-08-21,2026-08-21,271,270,0.995,0,True,Ambient,Complete
PO005743,2026-08-17,ST036,SUP010,2026-08-15,2026-08-23,2026-08-25,269,238,0.8853,2,False,Ambient,Late / short
PO005744,2026-08-17,ST036,SUP005,2026-08-15,2026-08-22,2026-08-22,244,244,1.0,0,True,Ambient,Complete
